"discretization","discretization_method","min_support","airi_metric","LHS","RHS","rule_support","confidence","coverage","lift","count","conviction","chi_p_adj","mutualInfo","improvement","key_item","LHSsize"
"quartile","Equal frequency (4 bins)",5e-04,"improvement","{taxon=Archaea_Crenarchaeota_Nitrososphaeria_Nitrosopumilales_Nitrosopumilaceae_,WaterMass=WCW}","{Classification=Abundant}",0.000550098231827112,1,0.000550098231827112,21.7893835616438,7,Inf,8.31457707950236e-29,NA,1,"Archaea_Crenarchaeota_Nitrososphaeria_Nitrosopumilales_Nitrosopumilaceae_",2
"quartile","Equal frequency (4 bins)",5e-04,"improvement","{taxon=Archaea_Crenarchaeota_Nitrososphaeria_Nitrosopumilales_Nitrosopumilaceae_Candidatus Nitrosopumilus,PelagicLayer=Mesopelagic,NO2=very high,Temperature=very low}","{Classification=Abundant}",0.000864440078585462,0.846153846153846,0.00102161100196464,18.4371707060063,11,6.20168958742633,1.4175247006909e-38,0.278065129136763,0.846153846153846,"Archaea_Crenarchaeota_Nitrososphaeria_Nitrosopumilales_Nitrosopumilaceae_Candidatus Nitrosopumilus",4
"quartile","Equal frequency (4 bins)",5e-04,"improvement","{taxon=Bacteria_Actinobacteriota_Acidimicrobiia_Microtrichales_Microtrichaceae_Sva0996 marine group,PelagicLayer=Bathypelagic}","{Classification=Undetermined}",0.000550098231827112,0.875,0.000628683693516699,5.43670654296875,7,6.7124557956778,0.00202058090853772,0.148684177283119,0.875,"Bacteria_Actinobacteriota_Acidimicrobiia_Microtrichales_Microtrichaceae_Sva0996 marine group",2
"quartile","Equal frequency (4 bins)",5e-04,"improvement","{taxon=Bacteria_Bacteroidota_Bacteroidia_Cytophagales_Cyclobacteriaceae_Marinoscillum,PelagicLayer=Epipelagic,Si=high,Temperature=low}","{Classification=Undetermined}",0.000550098231827112,1,0.000550098231827112,6.21337890625,7,Inf,7.96156531334597e-05,NA,1,"Bacteria_Bacteroidota_Bacteroidia_Cytophagales_Cyclobacteriaceae_Marinoscillum",4
"quartile","Equal frequency (4 bins)",5e-04,"improvement","{taxon=Bacteria_Bacteroidota_Bacteroidia_Flavobacteriales_Crocinitomicaceae_Fluviicola,NO2=high,Chl=very low}","{Classification=Undetermined}",0.000550098231827112,0.875,0.000628683693516699,5.43670654296875,7,6.7124557956778,0.00202058090853772,0.148684177283119,0.875,"Bacteria_Bacteroidota_Bacteroidia_Flavobacteriales_Crocinitomicaceae_Fluviicola",3
"quartile","Equal frequency (4 bins)",5e-04,"improvement","{taxon=Bacteria_Bacteroidota_Bacteroidia_Flavobacteriales_Cryomorphaceae_,Chl=Unknown,Salinity=very high}","{Classification=Undetermined}",0.000943025540275049,0.923076923076923,0.00102161100196464,5.73542668269231,12,10.9077406679764,3.8568094626358e-09,0.181425937145076,0.923076923076923,"Bacteria_Bacteroidota_Bacteroidia_Flavobacteriales_Cryomorphaceae_",3
"quartile","Equal frequency (4 bins)",5e-04,"improvement","{taxon=Bacteria_Bacteroidota_Bacteroidia_Flavobacteriales_Flavobacteriaceae_,Si=low,Temperature=very high}","{Classification=Abundant}",0.000707269155206287,1,0.000707269155206287,21.7893835616438,9,Inf,6.69575943431961e-38,NA,1,"Bacteria_Bacteroidota_Bacteroidia_Flavobacteriales_Flavobacteriaceae_",3
"quartile","Equal frequency (4 bins)",5e-04,"improvement","{taxon=Bacteria_Bacteroidota_Bacteroidia_Flavobacteriales_Flavobacteriaceae_Aurantivirga,Chl=Unknown,Salinity=low}","{Classification=Abundant}",0.000550098231827112,1,0.000550098231827112,21.7893835616438,7,Inf,8.31457707950236e-29,NA,1,"Bacteria_Bacteroidota_Bacteroidia_Flavobacteriales_Flavobacteriaceae_Aurantivirga",3
"quartile","Equal frequency (4 bins)",5e-04,"improvement","{taxon=Bacteria_Bacteroidota_Bacteroidia_Flavobacteriales_Flavobacteriaceae_Formosa,NH4=Unknown,Chl=very high}","{Classification=Abundant}",0.000707269155206287,0.818181818181818,0.000864440078585462,17.8276774595268,9,5.24758349705305,9.29074745549782e-30,0.25598999823493,0.818181818181818,"Bacteria_Bacteroidota_Bacteroidia_Flavobacteriales_Flavobacteriaceae_Formosa",3
"quartile","Equal frequency (4 bins)",5e-04,"improvement","{taxon=Bacteria_Bacteroidota_Bacteroidia_Flavobacteriales_Flavobacteriaceae_NS2b marine group,NH4=Unknown,Temperature=very high,WaterMass=AW}","{Classification=Undetermined}",0.000628683693516699,0.8,0.000785854616895874,4.970703125,8,4.19528487229862,0.00197810100535247,0.122386441352253,0.8,"Bacteria_Bacteroidota_Bacteroidia_Flavobacteriales_Flavobacteriaceae_NS2b marine group",4
"quartile","Equal frequency (4 bins)",5e-04,"improvement","{taxon=Bacteria_Bacteroidota_Bacteroidia_Flavobacteriales_Flavobacteriaceae_NS4 marine group,NO2=high,Temperature=high}","{Classification=Undetermined}",0.000550098231827112,1,0.000550098231827112,6.21337890625,7,Inf,7.96156531334597e-05,NA,1,"Bacteria_Bacteroidota_Bacteroidia_Flavobacteriales_Flavobacteriaceae_NS4 marine group",3
"quartile","Equal frequency (4 bins)",5e-04,"improvement","{taxon=Bacteria_Bacteroidota_Bacteroidia_Flavobacteriales_Flavobacteriaceae_NS5 marine group,Si=high,Salinity=very low}","{Classification=Abundant}",0.000785854616895874,0.909090909090909,0.000864440078585462,19.8085305105853,10,10.4951669941061,6.34944885363523e-38,0.3114775927374,0.909090909090909,"Bacteria_Bacteroidota_Bacteroidia_Flavobacteriales_Flavobacteriaceae_NS5 marine group",3
"quartile","Equal frequency (4 bins)",5e-04,"improvement","{taxon=Bacteria_Bacteroidota_Bacteroidia_Flavobacteriales_Flavobacteriaceae_Polaribacter,Si=low,Chl=very low}","{Classification=Undetermined}",0.000550098231827112,1,0.000550098231827112,6.21337890625,7,Inf,7.96156531334597e-05,NA,1,"Bacteria_Bacteroidota_Bacteroidia_Flavobacteriales_Flavobacteriaceae_Polaribacter",3
"quartile","Equal frequency (4 bins)",5e-04,"improvement","{taxon=Bacteria_Bacteroidota_Bacteroidia_Flavobacteriales_Flavobacteriaceae_Ulvibacter,NO2=Undetected,Chl=high}","{Classification=Undetermined}",0.000550098231827112,1,0.000550098231827112,6.21337890625,7,Inf,7.96156531334597e-05,NA,1,"Bacteria_Bacteroidota_Bacteroidia_Flavobacteriales_Flavobacteriaceae_Ulvibacter",3
"quartile","Equal frequency (4 bins)",5e-04,"improvement","{taxon=Bacteria_Bacteroidota_Bacteroidia_Flavobacteriales_NS7 marine group_,Si=high,Salinity=very low}","{Classification=Undetermined}",0.000707269155206287,0.818181818181818,0.000864440078585462,5.08367365056818,9,4.61481335952849,0.000154906848313174,0.130849101799297,0.818181818181818,"Bacteria_Bacteroidota_Bacteroidia_Flavobacteriales_NS7 marine group_",3
"quartile","Equal frequency (4 bins)",5e-04,"improvement","{taxon=Bacteria_Bacteroidota_Bacteroidia_Flavobacteriales_NS9 marine group_,NO2=low,Temperature=high}","{Classification=Undetermined}",0.000707269155206287,1,0.000707269155206287,6.21337890625,9,Inf,3.81742995893002e-07,NA,1,"Bacteria_Bacteroidota_Bacteroidia_Flavobacteriales_NS9 marine group_",3
"quartile","Equal frequency (4 bins)",5e-04,"improvement","{taxon=Bacteria_Chloroflexi_Dehalococcoidia_SAR202 clade,WaterMass=WCW}","{Classification=Undetermined}",0.000550098231827112,1,0.000550098231827112,6.21337890625,7,Inf,7.96156531334597e-05,NA,1,"Bacteria_Chloroflexi_Dehalococcoidia_SAR202 clade",2
"quartile","Equal frequency (4 bins)",5e-04,"improvement","{taxon=Bacteria_Cyanobacteria_Cyanobacteriia_Synechococcales_Cyanobiaceae_Synechococcus CC9902,NH4=Unknown,Temperature=very high,WaterMass=AW}","{Classification=Abundant}",0.000628683693516699,0.8,0.000785854616895874,17.4315068493151,8,4.7705304518664,2.18110623007035e-25,0.24290329623764,0.8,"Bacteria_Cyanobacteria_Cyanobacteriia_Synechococcales_Cyanobiaceae_Synechococcus CC9902",4
"quartile","Equal frequency (4 bins)",5e-04,"improvement","{taxon=Bacteria_Marinimicrobia (SAR406 clade)__,WaterMass=WCW}","{Classification=Abundant}",0.000550098231827112,1,0.000550098231827112,21.7893835616438,7,Inf,8.31457707950236e-29,NA,1,"Bacteria_Marinimicrobia (SAR406 clade)__",2
"quartile","Equal frequency (4 bins)",5e-04,"improvement","{taxon=Bacteria_Nitrospinota_Nitrospinia_Nitrospinales_Nitrospinaceae_LS-NOB,WaterMass=WCW}","{Classification=Undetermined}",0.000550098231827112,1,0.000550098231827112,6.21337890625,7,Inf,7.96156531334597e-05,NA,1,"Bacteria_Nitrospinota_Nitrospinia_Nitrospinales_Nitrospinaceae_LS-NOB",2
"quartile","Equal frequency (4 bins)",5e-04,"improvement","{taxon=Bacteria_Planctomycetota_OM190_,WaterMass=WCW}","{Classification=Undetermined}",0.000550098231827112,1,0.000550098231827112,6.21337890625,7,Inf,7.96156531334597e-05,NA,1,"Bacteria_Planctomycetota_OM190_",2
"quartile","Equal frequency (4 bins)",5e-04,"improvement","{taxon=Bacteria_Planctomycetota_Phycisphaerae_Phycisphaerales_Phycisphaeraceae_JL-ETNP-F27,WaterMass=WCW}","{Classification=Undetermined}",0.000550098231827112,1,0.000550098231827112,6.21337890625,7,Inf,7.96156531334597e-05,NA,1,"Bacteria_Planctomycetota_Phycisphaerae_Phycisphaerales_Phycisphaeraceae_JL-ETNP-F27",2
"quartile","Equal frequency (4 bins)",5e-04,"improvement","{taxon=Bacteria_Planctomycetota_Planctomycetes_Pirellulales_Pirellulaceae_Rhodopirellula,PelagicLayer=Bathypelagic}","{Classification=Undetermined}",0.000550098231827112,0.875,0.000628683693516699,5.43670654296875,7,6.7124557956778,0.00202058090853772,0.148684177283119,0.875,"Bacteria_Planctomycetota_Planctomycetes_Pirellulales_Pirellulaceae_Rhodopirellula",2
"quartile","Equal frequency (4 bins)",5e-04,"improvement","{taxon=Bacteria_Proteobacteria_Alphaproteobacteria_Defluviicoccales,PelagicLayer=Bathypelagic}","{Classification=Undetermined}",0.000550098231827112,0.875,0.000628683693516699,5.43670654296875,7,6.7124557956778,0.00202058090853772,0.148684177283119,0.875,"Bacteria_Proteobacteria_Alphaproteobacteria_Defluviicoccales",2
"quartile","Equal frequency (4 bins)",5e-04,"improvement","{taxon=Bacteria_Proteobacteria_Alphaproteobacteria_Puniceispirillales_SAR116 clade_,PelagicLayer=Epipelagic,Si=high,Temperature=low}","{Classification=Undetermined}",0.000550098231827112,1,0.000550098231827112,6.21337890625,7,Inf,7.96156531334597e-05,NA,1,"Bacteria_Proteobacteria_Alphaproteobacteria_Puniceispirillales_SAR116 clade_",4
"quartile","Equal frequency (4 bins)",5e-04,"improvement","{taxon=Bacteria_Proteobacteria_Alphaproteobacteria_Rhodobacterales_Rhodobacteraceae_Ascidiaceihabitans,Chl=high,WaterMass=AW}","{Classification=Undetermined}",0.000550098231827112,1,0.000550098231827112,6.21337890625,7,Inf,7.96156531334597e-05,NA,1,"Bacteria_Proteobacteria_Alphaproteobacteria_Rhodobacterales_Rhodobacteraceae_Ascidiaceihabitans",3
"quartile","Equal frequency (4 bins)",5e-04,"improvement","{taxon=Bacteria_Proteobacteria_Alphaproteobacteria_Rhodobacterales_Rhodobacteraceae_Planktomarina,NO2=Undetected,Chl=high}","{Classification=Undetermined}",0.000550098231827112,1,0.000550098231827112,6.21337890625,7,Inf,7.96156531334597e-05,NA,1,"Bacteria_Proteobacteria_Alphaproteobacteria_Rhodobacterales_Rhodobacteraceae_Planktomarina",3
"quartile","Equal frequency (4 bins)",5e-04,"improvement","{taxon=Bacteria_Proteobacteria_Alphaproteobacteria_Rhodobacterales_Rhodobacteraceae_Sulfitobacter,Chl=high,Salinity=low}","{Classification=Undetermined}",0.000550098231827112,0.875,0.000628683693516699,5.43670654296875,7,6.7124557956778,0.00202058090853772,0.148684177283119,0.875,"Bacteria_Proteobacteria_Alphaproteobacteria_Rhodobacterales_Rhodobacteraceae_Sulfitobacter",3
"quartile","Equal frequency (4 bins)",5e-04,"improvement","{taxon=Bacteria_Proteobacteria_Alphaproteobacteria_Rhodospirillales_Magnetospiraceae_Magnetospira,PO4=high,Temperature=very low}","{Classification=Undetermined}",0.000550098231827112,0.875,0.000628683693516699,5.43670654296875,7,6.7124557956778,0.00202058090853772,0.148684177283119,0.875,"Bacteria_Proteobacteria_Alphaproteobacteria_Rhodospirillales_Magnetospiraceae_Magnetospira",3
"quartile","Equal frequency (4 bins)",5e-04,"improvement","{taxon=Bacteria_Proteobacteria_Alphaproteobacteria_SAR11 clade_Clade I_Clade Ia,NH4=very high}","{Classification=Abundant}",0.000943025540275049,1,0.000943025540275049,21.7893835616438,12,Inf,1.57905271454464e-51,NA,1,"Bacteria_Proteobacteria_Alphaproteobacteria_SAR11 clade_Clade I_Clade Ia",2
"quartile","Equal frequency (4 bins)",5e-04,"improvement","{taxon=Bacteria_Proteobacteria_Alphaproteobacteria_SAR11 clade_Clade I_Clade Ib,WaterMass=WCW}","{Classification=Undetermined}",0.000550098231827112,1,0.000550098231827112,6.21337890625,7,Inf,7.96156531334597e-05,NA,1,"Bacteria_Proteobacteria_Alphaproteobacteria_SAR11 clade_Clade I_Clade Ib",2
"quartile","Equal frequency (4 bins)",5e-04,"improvement","{taxon=Bacteria_Proteobacteria_Alphaproteobacteria_SAR11 clade_Clade II_,Si=very high,Salinity=high}","{Classification=Undetermined}",0.000707269155206287,0.9,0.000785854616895874,5.592041015625,9,8.39056974459725,1.04357291380816e-05,0.164216296707775,0.9,"Bacteria_Proteobacteria_Alphaproteobacteria_SAR11 clade_Clade II_",3
"quartile","Equal frequency (4 bins)",5e-04,"improvement","{taxon=Bacteria_Proteobacteria_Gammaproteobacteria_Burkholderiales_Methylophilaceae_OM43 clade,Si=high,WaterMass=SW}","{Classification=Undetermined}",0.000707269155206287,0.9,0.000785854616895874,5.592041015625,9,8.39056974459725,1.04357291380816e-05,0.164216296707775,0.9,"Bacteria_Proteobacteria_Gammaproteobacteria_Burkholderiales_Methylophilaceae_OM43 clade",3
"quartile","Equal frequency (4 bins)",5e-04,"improvement","{taxon=Bacteria_Proteobacteria_Gammaproteobacteria_Burkholderiales_Nitrosomonadaceae_Nitrosomonas,Si=very high,WaterMass=TAW}","{Classification=Undetermined}",0.000785854616895874,0.909090909090909,0.000864440078585462,5.64852627840909,10,9.22962671905697,7.48996374009913e-07,0.170588941116608,0.909090909090909,"Bacteria_Proteobacteria_Gammaproteobacteria_Burkholderiales_Nitrosomonadaceae_Nitrosomonas",3
"quartile","Equal frequency (4 bins)",5e-04,"improvement","{taxon=Bacteria_Proteobacteria_Gammaproteobacteria_HOC36,WaterMass=WCW}","{Classification=Undetermined}",0.000550098231827112,1,0.000550098231827112,6.21337890625,7,Inf,7.96156531334597e-05,NA,1,"Bacteria_Proteobacteria_Gammaproteobacteria_HOC36",2
"quartile","Equal frequency (4 bins)",5e-04,"improvement","{taxon=Bacteria_Proteobacteria_Gammaproteobacteria_Pseudomonadales_Halieaceae_OM60(NOR5) clade,Si=very low,Temperature=high}","{Classification=Undetermined}",0.000707269155206287,0.9,0.000785854616895874,5.592041015625,9,8.39056974459725,1.04357291380816e-05,0.164216296707775,0.9,"Bacteria_Proteobacteria_Gammaproteobacteria_Pseudomonadales_Halieaceae_OM60(NOR5) clade",3
"quartile","Equal frequency (4 bins)",5e-04,"improvement","{taxon=Bacteria_Proteobacteria_Gammaproteobacteria_Pseudomonadales_KI89A clade_}","{Classification=Rare}",0.00738703339882122,1,0.00738703339882122,1.26077479441197,94,Inf,0.0352661309766864,NA,1,"Bacteria_Proteobacteria_Gammaproteobacteria_Pseudomonadales_KI89A clade_",1
"quartile","Equal frequency (4 bins)",5e-04,"improvement","{taxon=Bacteria_Proteobacteria_Gammaproteobacteria_Pseudomonadales_Nitrincolaceae_,Si=high,WaterMass=SW}","{Classification=Abundant}",0.000707269155206287,0.9,0.000785854616895874,19.6104452054795,9,9.54106090373281,2.0126012785582e-33,0.301837654726351,0.9,"Bacteria_Proteobacteria_Gammaproteobacteria_Pseudomonadales_Nitrincolaceae_",3
"quartile","Equal frequency (4 bins)",5e-04,"improvement","{taxon=Bacteria_Proteobacteria_Gammaproteobacteria_Pseudomonadales_OM182 clade_,PelagicLayer=Epipelagic,Si=high,Temperature=low}","{Classification=Undetermined}",0.000550098231827112,1,0.000550098231827112,6.21337890625,7,Inf,7.96156531334597e-05,NA,1,"Bacteria_Proteobacteria_Gammaproteobacteria_Pseudomonadales_OM182 clade_",4
"quartile","Equal frequency (4 bins)",5e-04,"improvement","{taxon=Bacteria_Proteobacteria_Gammaproteobacteria_Pseudomonadales_Porticoccaceae_SAR92 clade,NO2=high,Temperature=high}","{Classification=Undetermined}",0.000550098231827112,1,0.000550098231827112,6.21337890625,7,Inf,7.96156531334597e-05,NA,1,"Bacteria_Proteobacteria_Gammaproteobacteria_Pseudomonadales_Porticoccaceae_SAR92 clade",3
"quartile","Equal frequency (4 bins)",5e-04,"improvement","{taxon=Bacteria_Proteobacteria_Gammaproteobacteria_Pseudomonadales_Pseudohongiellaceae_Pseudohongiella,WaterMass=WCW}","{Classification=Undetermined}",0.000550098231827112,1,0.000550098231827112,6.21337890625,7,Inf,7.96156531334597e-05,NA,1,"Bacteria_Proteobacteria_Gammaproteobacteria_Pseudomonadales_Pseudohongiellaceae_Pseudohongiella",2
"quartile","Equal frequency (4 bins)",5e-04,"improvement","{taxon=Bacteria_Proteobacteria_Gammaproteobacteria_Pseudomonadales_SAR86 clade_,PelagicLayer=Epipelagic,NO2=high,NH4=Unknown}","{Classification=Undetermined}",0.000785854616895874,0.909090909090909,0.000864440078585462,5.64852627840909,10,9.22962671905697,7.48996374009913e-07,0.170588941116608,0.909090909090909,"Bacteria_Proteobacteria_Gammaproteobacteria_Pseudomonadales_SAR86 clade_",4
"quartile","Equal frequency (4 bins)",5e-04,"improvement","{taxon=Bacteria_Proteobacteria_Gammaproteobacteria_Pseudomonadales_Thioglobaceae_Candidatus Thioglobus,Si=high,Salinity=very low}","{Classification=Abundant}",0.000628683693516699,0.8,0.000785854616895874,17.4315068493151,8,4.7705304518664,2.18110623007035e-25,0.24290329623764,0.8,"Bacteria_Proteobacteria_Gammaproteobacteria_Pseudomonadales_Thioglobaceae_Candidatus Thioglobus",3
"quartile","Equal frequency (4 bins)",5e-04,"improvement","{taxon=Bacteria_Proteobacteria_Gammaproteobacteria_Pseudomonadales_Thioglobaceae_SUP05 cluster,NH4=very high,Temperature=low}","{Classification=Undetermined}",0.000550098231827112,1,0.000550098231827112,6.21337890625,7,Inf,7.96156531334597e-05,NA,1,"Bacteria_Proteobacteria_Gammaproteobacteria_Pseudomonadales_Thioglobaceae_SUP05 cluster",3
"quartile","Equal frequency (4 bins)",5e-04,"improvement","{taxon=Bacteria_SAR324 clade(Marine group B)__,WaterMass=WCW}","{Classification=Abundant}",0.000550098231827112,1,0.000550098231827112,21.7893835616438,7,Inf,8.31457707950236e-29,NA,1,"Bacteria_SAR324 clade(Marine group B)__",2
"quartile","Equal frequency (4 bins)",5e-04,"improvement","{taxon=Bacteria_Verrucomicrobiota_Verrucomicrobiae_Arctic97B-4 marine group,WaterMass=WCW}","{Classification=Undetermined}",0.000550098231827112,1,0.000550098231827112,6.21337890625,7,Inf,7.96156531334597e-05,NA,1,"Bacteria_Verrucomicrobiota_Verrucomicrobiae_Arctic97B-4 marine group",2
"quartile","Equal frequency (4 bins)",5e-04,"improvement","{taxon=Bacteria_Verrucomicrobiota_Verrucomicrobiae_Verrucomicrobiales_Rubritaleaceae_Roseibacillus,PelagicLayer=Mesopelagic,PO4=very high,Temperature=very low}","{Classification=Undetermined}",0.000707269155206287,1,0.000707269155206287,6.21337890625,9,Inf,3.81742995893002e-07,NA,1,"Bacteria_Verrucomicrobiota_Verrucomicrobiae_Verrucomicrobiales_Rubritaleaceae_Roseibacillus",4
"quartile","Equal frequency (4 bins)",5e-04,"mutual_information","{taxon=Archaea_Crenarchaeota_Nitrososphaeria_Nitrosopumilales_Nitrosopumilaceae_,PelagicLayer=Bathypelagic}","{Classification=Abundant}",0.000550098231827112,0.875,0.000628683693516699,19.0657106164384,7,7.63284872298625,1.90703505371039e-24,0.278359232907748,0.875,"Archaea_Crenarchaeota_Nitrososphaeria_Nitrosopumilales_Nitrosopumilaceae_",2
"quartile","Equal frequency (4 bins)",5e-04,"mutual_information","{taxon=Archaea_Crenarchaeota_Nitrososphaeria_Nitrosopumilales_Nitrosopumilaceae_Candidatus Nitrosopumilus,PelagicLayer=Mesopelagic,NO2=very high,Temperature=very low}","{Classification=Abundant}",0.000864440078585462,0.846153846153846,0.00102161100196464,18.4371707060063,11,6.20168958742633,1.4175247006909e-38,0.278065129136763,0.846153846153846,"Archaea_Crenarchaeota_Nitrososphaeria_Nitrosopumilales_Nitrosopumilaceae_Candidatus Nitrosopumilus",4
"quartile","Equal frequency (4 bins)",5e-04,"mutual_information","{taxon=Bacteria_Actinobacteriota_Acidimicrobiia_Microtrichales_Microtrichaceae_Sva0996 marine group,PelagicLayer=Bathypelagic}","{Classification=Undetermined}",0.000550098231827112,0.875,0.000628683693516699,5.43670654296875,7,6.7124557956778,0.00202058090853772,0.148684177283119,0.875,"Bacteria_Actinobacteriota_Acidimicrobiia_Microtrichales_Microtrichaceae_Sva0996 marine group",2
"quartile","Equal frequency (4 bins)",5e-04,"mutual_information","{taxon=Bacteria_Bacteroidota_Bacteroidia_Cytophagales_Cyclobacteriaceae_Marinoscillum,PelagicLayer=Epipelagic,Si=high,Temperature=low}","{Classification=Undetermined}",0.000550098231827112,1,0.000550098231827112,6.21337890625,7,Inf,7.96156531334597e-05,NA,1,"Bacteria_Bacteroidota_Bacteroidia_Cytophagales_Cyclobacteriaceae_Marinoscillum",4
"quartile","Equal frequency (4 bins)",5e-04,"mutual_information","{taxon=Bacteria_Bacteroidota_Bacteroidia_Flavobacteriales_Crocinitomicaceae_Fluviicola,NO2=high,Chl=very low}","{Classification=Undetermined}",0.000550098231827112,0.875,0.000628683693516699,5.43670654296875,7,6.7124557956778,0.00202058090853772,0.148684177283119,0.875,"Bacteria_Bacteroidota_Bacteroidia_Flavobacteriales_Crocinitomicaceae_Fluviicola",3
"quartile","Equal frequency (4 bins)",5e-04,"mutual_information","{taxon=Bacteria_Bacteroidota_Bacteroidia_Flavobacteriales_Cryomorphaceae_,PelagicLayer=Mesopelagic,PO4=very high,Si=very high}","{Classification=Undetermined}",0.00102161100196464,0.928571428571429,0.00110019646365422,5.76956612723214,13,11.7467976424361,2.76807264737599e-10,0.186111186261745,0.046218487394958,"Bacteria_Bacteroidota_Bacteroidia_Flavobacteriales_Cryomorphaceae_",4
"quartile","Equal frequency (4 bins)",5e-04,"mutual_information","{taxon=Bacteria_Bacteroidota_Bacteroidia_Flavobacteriales_Flavobacteriaceae_,NO2=low,WaterMass=AW}","{Classification=Abundant}",0.000628683693516699,0.888888888888889,0.000707269155206287,19.3683409436834,8,8.58695481335953,6.26967036847154e-29,0.290922176781766,0.888888888888889,"Bacteria_Bacteroidota_Bacteroidia_Flavobacteriales_Flavobacteriaceae_",3
"quartile","Equal frequency (4 bins)",5e-04,"mutual_information","{taxon=Bacteria_Bacteroidota_Bacteroidia_Flavobacteriales_Flavobacteriaceae_Aurantivirga,NH4=Unknown,WaterMass=TAW}","{Classification=Abundant}",0.000628683693516699,0.888888888888889,0.000707269155206287,19.3683409436834,8,8.58695481335953,6.26967036847154e-29,0.290922176781766,0.888888888888889,"Bacteria_Bacteroidota_Bacteroidia_Flavobacteriales_Flavobacteriaceae_Aurantivirga",3
"quartile","Equal frequency (4 bins)",5e-04,"mutual_information","{taxon=Bacteria_Bacteroidota_Bacteroidia_Flavobacteriales_Flavobacteriaceae_Formosa,NH4=Unknown,Chl=very high}","{Classification=Abundant}",0.000707269155206287,0.818181818181818,0.000864440078585462,17.8276774595268,9,5.24758349705305,9.29074745549782e-30,0.25598999823493,0.818181818181818,"Bacteria_Bacteroidota_Bacteroidia_Flavobacteriales_Flavobacteriaceae_Formosa",3
"quartile","Equal frequency (4 bins)",5e-04,"mutual_information","{taxon=Bacteria_Bacteroidota_Bacteroidia_Flavobacteriales_Flavobacteriaceae_NS2b marine group,NH4=Unknown,Temperature=very high,WaterMass=AW}","{Classification=Undetermined}",0.000628683693516699,0.8,0.000785854616895874,4.970703125,8,4.19528487229862,0.00197810100535247,0.122386441352253,0.8,"Bacteria_Bacteroidota_Bacteroidia_Flavobacteriales_Flavobacteriaceae_NS2b marine group",4
"quartile","Equal frequency (4 bins)",5e-04,"mutual_information","{taxon=Bacteria_Bacteroidota_Bacteroidia_Flavobacteriales_Flavobacteriaceae_NS4 marine group,PelagicLayer=Epipelagic,NO2=Undetected,NH4=Unknown}","{Classification=Undetermined}",0.000943025540275049,0.923076923076923,0.00102161100196464,5.73542668269231,12,10.9077406679764,3.8568094626358e-09,0.181425937145076,0.0407239819004526,"Bacteria_Bacteroidota_Bacteroidia_Flavobacteriales_Flavobacteriaceae_NS4 marine group",4
"quartile","Equal frequency (4 bins)",5e-04,"mutual_information","{taxon=Bacteria_Bacteroidota_Bacteroidia_Flavobacteriales_Flavobacteriaceae_NS5 marine group,Si=high,Salinity=very low}","{Classification=Abundant}",0.000785854616895874,0.909090909090909,0.000864440078585462,19.8085305105853,10,10.4951669941061,6.34944885363523e-38,0.3114775927374,0.909090909090909,"Bacteria_Bacteroidota_Bacteroidia_Flavobacteriales_Flavobacteriaceae_NS5 marine group",3
"quartile","Equal frequency (4 bins)",5e-04,"mutual_information","{taxon=Bacteria_Bacteroidota_Bacteroidia_Flavobacteriales_Flavobacteriaceae_Polaribacter,Si=very low,Chl=very high}","{Classification=Abundant}",0.000628683693516699,0.888888888888889,0.000707269155206287,19.3683409436834,8,8.58695481335953,6.26967036847154e-29,0.290922176781766,0.888888888888889,"Bacteria_Bacteroidota_Bacteroidia_Flavobacteriales_Flavobacteriaceae_Polaribacter",3
"quartile","Equal frequency (4 bins)",5e-04,"mutual_information","{taxon=Bacteria_Bacteroidota_Bacteroidia_Flavobacteriales_Flavobacteriaceae_Ulvibacter,Chl=very high,WaterMass=AW}","{Classification=Undetermined}",0.000785854616895874,0.909090909090909,0.000864440078585462,5.64852627840909,10,9.22962671905697,7.48996374009913e-07,0.170588941116608,0.909090909090909,"Bacteria_Bacteroidota_Bacteroidia_Flavobacteriales_Flavobacteriaceae_Ulvibacter",3
"quartile","Equal frequency (4 bins)",5e-04,"mutual_information","{taxon=Bacteria_Bacteroidota_Bacteroidia_Flavobacteriales_NS7 marine group_,NH4=Unknown,Si=high,Salinity=very low}","{Classification=Undetermined}",0.000550098231827112,0.875,0.000628683693516699,5.43670654296875,7,6.7124557956778,0.00202058090853772,0.148684177283119,0.0568181818181818,"Bacteria_Bacteroidota_Bacteroidia_Flavobacteriales_NS7 marine group_",4
"quartile","Equal frequency (4 bins)",5e-04,"mutual_information","{taxon=Bacteria_Bacteroidota_Bacteroidia_Flavobacteriales_NS9 marine group_,WaterMass=IW}","{Classification=Undetermined}",0.000864440078585462,0.916666666666667,0.000943025540275049,5.69559733072917,11,10.0686836935167,5.37461708540535e-08,0.176283522145113,0.916666666666667,"Bacteria_Bacteroidota_Bacteroidia_Flavobacteriales_NS9 marine group_",2
"quartile","Equal frequency (4 bins)",5e-04,"mutual_information","{taxon=Bacteria_Chloroflexi_Dehalococcoidia_SAR202 clade,WaterMass=WCW}","{Classification=Undetermined}",0.000550098231827112,1,0.000550098231827112,6.21337890625,7,Inf,7.96156531334597e-05,NA,1,"Bacteria_Chloroflexi_Dehalococcoidia_SAR202 clade",2
"quartile","Equal frequency (4 bins)",5e-04,"mutual_information","{taxon=Bacteria_Cyanobacteria_Cyanobacteriia_Synechococcales_Cyanobiaceae_Synechococcus CC9902,NH4=Unknown,Temperature=very high,WaterMass=AW}","{Classification=Abundant}",0.000628683693516699,0.8,0.000785854616895874,17.4315068493151,8,4.7705304518664,2.18110623007035e-25,0.24290329623764,0.8,"Bacteria_Cyanobacteria_Cyanobacteriia_Synechococcales_Cyanobiaceae_Synechococcus CC9902",4
"quartile","Equal frequency (4 bins)",5e-04,"mutual_information","{taxon=Bacteria_Marinimicrobia (SAR406 clade)__,WaterMass=WCW}","{Classification=Abundant}",0.000550098231827112,1,0.000550098231827112,21.7893835616438,7,Inf,8.31457707950236e-29,NA,1,"Bacteria_Marinimicrobia (SAR406 clade)__",2
"quartile","Equal frequency (4 bins)",5e-04,"mutual_information","{taxon=Bacteria_Nitrospinota_Nitrospinia_Nitrospinales_Nitrospinaceae_LS-NOB,PO4=very high,Salinity=high}","{Classification=Undetermined}",0.000785854616895874,0.909090909090909,0.000864440078585462,5.64852627840909,10,9.22962671905697,7.48996374009913e-07,0.170588941116608,0.909090909090909,"Bacteria_Nitrospinota_Nitrospinia_Nitrospinales_Nitrospinaceae_LS-NOB",3
"quartile","Equal frequency (4 bins)",5e-04,"mutual_information","{taxon=Bacteria_Planctomycetota_OM190_,PO4=very high,Si=very high,Temperature=very low}","{Classification=Undetermined}",0.00102161100196464,0.928571428571429,0.00110019646365422,5.76956612723214,13,11.7467976424361,2.76807264737599e-10,0.186111186261745,0.0535714285714286,"Bacteria_Planctomycetota_OM190_",4
"quartile","Equal frequency (4 bins)",5e-04,"mutual_information","{taxon=Bacteria_Planctomycetota_Phycisphaerae_Phycisphaerales_Phycisphaeraceae_JL-ETNP-F27,WaterMass=WCW}","{Classification=Undetermined}",0.000550098231827112,1,0.000550098231827112,6.21337890625,7,Inf,7.96156531334597e-05,NA,1,"Bacteria_Planctomycetota_Phycisphaerae_Phycisphaerales_Phycisphaeraceae_JL-ETNP-F27",2
"quartile","Equal frequency (4 bins)",5e-04,"mutual_information","{taxon=Bacteria_Planctomycetota_Planctomycetes_Pirellulales_Pirellulaceae_Rhodopirellula,PelagicLayer=Bathypelagic}","{Classification=Undetermined}",0.000550098231827112,0.875,0.000628683693516699,5.43670654296875,7,6.7124557956778,0.00202058090853772,0.148684177283119,0.875,"Bacteria_Planctomycetota_Planctomycetes_Pirellulales_Pirellulaceae_Rhodopirellula",2
"quartile","Equal frequency (4 bins)",5e-04,"mutual_information","{taxon=Bacteria_Proteobacteria_Alphaproteobacteria_Defluviicoccales,PelagicLayer=Bathypelagic}","{Classification=Undetermined}",0.000550098231827112,0.875,0.000628683693516699,5.43670654296875,7,6.7124557956778,0.00202058090853772,0.148684177283119,0.875,"Bacteria_Proteobacteria_Alphaproteobacteria_Defluviicoccales",2
"quartile","Equal frequency (4 bins)",5e-04,"mutual_information","{taxon=Bacteria_Proteobacteria_Alphaproteobacteria_Puniceispirillales_SAR116 clade_,Si=high,WaterMass=SW}","{Classification=Undetermined}",0.000707269155206287,0.9,0.000785854616895874,5.592041015625,9,8.39056974459725,1.04357291380816e-05,0.164216296707775,0.9,"Bacteria_Proteobacteria_Alphaproteobacteria_Puniceispirillales_SAR116 clade_",3
"quartile","Equal frequency (4 bins)",5e-04,"mutual_information","{taxon=Bacteria_Proteobacteria_Alphaproteobacteria_Rhodobacterales_Rhodobacteraceae_Ascidiaceihabitans,Si=high,WaterMass=SW}","{Classification=Undetermined}",0.000707269155206287,0.9,0.000785854616895874,5.592041015625,9,8.39056974459725,1.04357291380816e-05,0.164216296707775,0.9,"Bacteria_Proteobacteria_Alphaproteobacteria_Rhodobacterales_Rhodobacteraceae_Ascidiaceihabitans",3
"quartile","Equal frequency (4 bins)",5e-04,"mutual_information","{taxon=Bacteria_Proteobacteria_Alphaproteobacteria_Rhodobacterales_Rhodobacteraceae_Planktomarina,NH4=Unknown,Si=high,Salinity=very low}","{Classification=Abundant}",0.000550098231827112,0.875,0.000628683693516699,19.0657106164384,7,7.63284872298625,1.90703505371039e-24,0.278359232907748,0.875,"Bacteria_Proteobacteria_Alphaproteobacteria_Rhodobacterales_Rhodobacteraceae_Planktomarina",4
"quartile","Equal frequency (4 bins)",5e-04,"mutual_information","{taxon=Bacteria_Proteobacteria_Alphaproteobacteria_Rhodobacterales_Rhodobacteraceae_Sulfitobacter,Chl=high,Salinity=low}","{Classification=Undetermined}",0.000550098231827112,0.875,0.000628683693516699,5.43670654296875,7,6.7124557956778,0.00202058090853772,0.148684177283119,0.875,"Bacteria_Proteobacteria_Alphaproteobacteria_Rhodobacterales_Rhodobacteraceae_Sulfitobacter",3
"quartile","Equal frequency (4 bins)",5e-04,"mutual_information","{taxon=Bacteria_Proteobacteria_Alphaproteobacteria_Rhodospirillales_Magnetospiraceae_Magnetospira,PO4=high,Temperature=very low}","{Classification=Undetermined}",0.000550098231827112,0.875,0.000628683693516699,5.43670654296875,7,6.7124557956778,0.00202058090853772,0.148684177283119,0.875,"Bacteria_Proteobacteria_Alphaproteobacteria_Rhodospirillales_Magnetospiraceae_Magnetospira",3
"quartile","Equal frequency (4 bins)",5e-04,"mutual_information","{taxon=Bacteria_Proteobacteria_Alphaproteobacteria_SAR11 clade_Clade I_Clade Ia,NO2=very high,Si=very high}","{Classification=Abundant}",0.000943025540275049,0.923076923076923,0.00102161100196464,20.1132771338251,12,12.4033791748527,6.09447244842519e-47,0.327910357799721,0.923076923076923,"Bacteria_Proteobacteria_Alphaproteobacteria_SAR11 clade_Clade I_Clade Ia",3
"quartile","Equal frequency (4 bins)",5e-04,"mutual_information","{taxon=Bacteria_Proteobacteria_Alphaproteobacteria_SAR11 clade_Clade I_Clade Ib,PelagicLayer=Bathypelagic}","{Classification=Undetermined}",0.000550098231827112,0.875,0.000628683693516699,5.43670654296875,7,6.7124557956778,0.00202058090853772,0.148684177283119,0.875,"Bacteria_Proteobacteria_Alphaproteobacteria_SAR11 clade_Clade I_Clade Ib",2
"quartile","Equal frequency (4 bins)",5e-04,"mutual_information","{taxon=Bacteria_Proteobacteria_Alphaproteobacteria_SAR11 clade_Clade II_,Si=very high,Salinity=high}","{Classification=Undetermined}",0.000707269155206287,0.9,0.000785854616895874,5.592041015625,9,8.39056974459725,1.04357291380816e-05,0.164216296707775,0.9,"Bacteria_Proteobacteria_Alphaproteobacteria_SAR11 clade_Clade II_",3
"quartile","Equal frequency (4 bins)",5e-04,"mutual_information","{taxon=Bacteria_Proteobacteria_Gammaproteobacteria_Burkholderiales_Methylophilaceae_OM43 clade,Si=high,WaterMass=SW}","{Classification=Undetermined}",0.000707269155206287,0.9,0.000785854616895874,5.592041015625,9,8.39056974459725,1.04357291380816e-05,0.164216296707775,0.9,"Bacteria_Proteobacteria_Gammaproteobacteria_Burkholderiales_Methylophilaceae_OM43 clade",3
"quartile","Equal frequency (4 bins)",5e-04,"mutual_information","{taxon=Bacteria_Proteobacteria_Gammaproteobacteria_Burkholderiales_Nitrosomonadaceae_Nitrosomonas,PelagicLayer=Mesopelagic,NO2=very high,Temperature=very low}","{Classification=Undetermined}",0.000864440078585462,0.916666666666667,0.000943025540275049,5.69559733072917,11,10.0686836935167,5.37461708540535e-08,0.176283522145113,0.0705128205128205,"Bacteria_Proteobacteria_Gammaproteobacteria_Burkholderiales_Nitrosomonadaceae_Nitrosomonas",4
"quartile","Equal frequency (4 bins)",5e-04,"mutual_information","{taxon=Bacteria_Proteobacteria_Gammaproteobacteria_HOC36,WaterMass=WCW}","{Classification=Undetermined}",0.000550098231827112,1,0.000550098231827112,6.21337890625,7,Inf,7.96156531334597e-05,NA,1,"Bacteria_Proteobacteria_Gammaproteobacteria_HOC36",2
"quartile","Equal frequency (4 bins)",5e-04,"mutual_information","{taxon=Bacteria_Proteobacteria_Gammaproteobacteria_Pseudomonadales_Halieaceae_OM60(NOR5) clade,Si=very low,Temperature=high}","{Classification=Undetermined}",0.000707269155206287,0.9,0.000785854616895874,5.592041015625,9,8.39056974459725,1.04357291380816e-05,0.164216296707775,0.9,"Bacteria_Proteobacteria_Gammaproteobacteria_Pseudomonadales_Halieaceae_OM60(NOR5) clade",3
"quartile","Equal frequency (4 bins)",5e-04,"mutual_information","{taxon=Bacteria_Proteobacteria_Gammaproteobacteria_Pseudomonadales_KI89A clade_}","{Classification=Rare}",0.00738703339882122,1,0.00738703339882122,1.26077479441197,94,Inf,0.0352661309766864,NA,1,"Bacteria_Proteobacteria_Gammaproteobacteria_Pseudomonadales_KI89A clade_",1
"quartile","Equal frequency (4 bins)",5e-04,"mutual_information","{taxon=Bacteria_Proteobacteria_Gammaproteobacteria_Pseudomonadales_Nitrincolaceae_,Si=high,WaterMass=SW}","{Classification=Abundant}",0.000707269155206287,0.9,0.000785854616895874,19.6104452054795,9,9.54106090373281,2.0126012785582e-33,0.301837654726351,0.9,"Bacteria_Proteobacteria_Gammaproteobacteria_Pseudomonadales_Nitrincolaceae_",3
"quartile","Equal frequency (4 bins)",5e-04,"mutual_information","{taxon=Bacteria_Proteobacteria_Gammaproteobacteria_Pseudomonadales_OM182 clade_,PelagicLayer=Epipelagic,PO4=high,NH4=Unknown}","{Classification=Undetermined}",0.000628683693516699,0.888888888888889,0.000707269155206287,5.52300347222222,8,7.55151277013752,0.000145310023474662,0.156994520255533,0.0555555555555555,"Bacteria_Proteobacteria_Gammaproteobacteria_Pseudomonadales_OM182 clade_",4
"quartile","Equal frequency (4 bins)",5e-04,"mutual_information","{taxon=Bacteria_Proteobacteria_Gammaproteobacteria_Pseudomonadales_Porticoccaceae_SAR92 clade,NO2=very high,WaterMass=TAW}","{Classification=Undetermined}",0.00102161100196464,0.928571428571429,0.00110019646365422,5.76956612723214,13,11.7467976424361,2.76807264737599e-10,0.186111186261745,0.102484472049689,"Bacteria_Proteobacteria_Gammaproteobacteria_Pseudomonadales_Porticoccaceae_SAR92 clade",3
"quartile","Equal frequency (4 bins)",5e-04,"mutual_information","{taxon=Bacteria_Proteobacteria_Gammaproteobacteria_Pseudomonadales_Pseudohongiellaceae_Pseudohongiella,Si=high,WaterMass=SW}","{Classification=Undetermined}",0.000707269155206287,0.9,0.000785854616895874,5.592041015625,9,8.39056974459725,1.04357291380816e-05,0.164216296707775,0.9,"Bacteria_Proteobacteria_Gammaproteobacteria_Pseudomonadales_Pseudohongiellaceae_Pseudohongiella",3
"quartile","Equal frequency (4 bins)",5e-04,"mutual_information","{taxon=Bacteria_Proteobacteria_Gammaproteobacteria_Pseudomonadales_SAR86 clade_,PelagicLayer=Epipelagic,NO2=high,NH4=Unknown}","{Classification=Undetermined}",0.000785854616895874,0.909090909090909,0.000864440078585462,5.64852627840909,10,9.22962671905697,7.48996374009913e-07,0.170588941116608,0.909090909090909,"Bacteria_Proteobacteria_Gammaproteobacteria_Pseudomonadales_SAR86 clade_",4
"quartile","Equal frequency (4 bins)",5e-04,"mutual_information","{taxon=Bacteria_Proteobacteria_Gammaproteobacteria_Pseudomonadales_Thioglobaceae_Candidatus Thioglobus,Si=high,Salinity=very low}","{Classification=Abundant}",0.000628683693516699,0.8,0.000785854616895874,17.4315068493151,8,4.7705304518664,2.18110623007035e-25,0.24290329623764,0.8,"Bacteria_Proteobacteria_Gammaproteobacteria_Pseudomonadales_Thioglobaceae_Candidatus Thioglobus",3
"quartile","Equal frequency (4 bins)",5e-04,"mutual_information","{taxon=Bacteria_Proteobacteria_Gammaproteobacteria_Pseudomonadales_Thioglobaceae_SUP05 cluster,NO2=very high,Si=very high,Temperature=very low}","{Classification=Abundant}",0.000628683693516699,0.8,0.000785854616895874,17.4315068493151,8,4.7705304518664,2.18110623007035e-25,0.24290329623764,0.8,"Bacteria_Proteobacteria_Gammaproteobacteria_Pseudomonadales_Thioglobaceae_SUP05 cluster",4
"quartile","Equal frequency (4 bins)",5e-04,"mutual_information","{taxon=Bacteria_SAR324 clade(Marine group B)__,WaterMass=WCW}","{Classification=Abundant}",0.000550098231827112,1,0.000550098231827112,21.7893835616438,7,Inf,8.31457707950236e-29,NA,1,"Bacteria_SAR324 clade(Marine group B)__",2
"quartile","Equal frequency (4 bins)",5e-04,"mutual_information","{taxon=Bacteria_Verrucomicrobiota_Verrucomicrobiae_Arctic97B-4 marine group,WaterMass=WCW}","{Classification=Undetermined}",0.000550098231827112,1,0.000550098231827112,6.21337890625,7,Inf,7.96156531334597e-05,NA,1,"Bacteria_Verrucomicrobiota_Verrucomicrobiae_Arctic97B-4 marine group",2
"quartile","Equal frequency (4 bins)",5e-04,"mutual_information","{taxon=Bacteria_Verrucomicrobiota_Verrucomicrobiae_Verrucomicrobiales_Rubritaleaceae_Roseibacillus,PO4=very high,WaterMass=TAW}","{Classification=Undetermined}",0.000785854616895874,0.909090909090909,0.000864440078585462,5.64852627840909,10,9.22962671905697,7.48996374009913e-07,0.170588941116608,0.909090909090909,"Bacteria_Verrucomicrobiota_Verrucomicrobiae_Verrucomicrobiales_Rubritaleaceae_Roseibacillus",3
"quartile","Equal frequency (4 bins)",5e-04,"complexity","{taxon=Archaea_Crenarchaeota_Nitrososphaeria_Nitrosopumilales_Nitrosopumilaceae_,PelagicLayer=Bathypelagic,Chl=Unknown,Temperature=very low,Salinity=high,WaterMass=WCW}","{Classification=Abundant}",0.000550098231827112,1,0.000550098231827112,21.7893835616438,7,Inf,8.31457707950236e-29,NA,0,"Archaea_Crenarchaeota_Nitrososphaeria_Nitrosopumilales_Nitrosopumilaceae_",6
"quartile","Equal frequency (4 bins)",5e-04,"complexity","{taxon=Archaea_Crenarchaeota_Nitrososphaeria_Nitrosopumilales_Nitrosopumilaceae_Candidatus Nitrosopumilus,PelagicLayer=Mesopelagic,NO2=very high,Chl=Unknown,Temperature=very low,WaterMass=TAW}","{Classification=Abundant}",0.000707269155206287,0.818181818181818,0.000864440078585462,17.8276774595268,9,5.24758349705305,9.29074745549782e-30,0.25598999823493,-0.0279720279720279,"Archaea_Crenarchaeota_Nitrososphaeria_Nitrosopumilales_Nitrosopumilaceae_Candidatus Nitrosopumilus",6
"quartile","Equal frequency (4 bins)",5e-04,"complexity","{taxon=Bacteria_Actinobacteriota_Acidimicrobiia_Microtrichales_Microtrichaceae_Sva0996 marine group,PelagicLayer=Bathypelagic,Chl=Unknown,Temperature=very low,Salinity=high}","{Classification=Undetermined}",0.000550098231827112,0.875,0.000628683693516699,5.43670654296875,7,6.7124557956778,0.00202058090853772,0.148684177283119,0,"Bacteria_Actinobacteriota_Acidimicrobiia_Microtrichales_Microtrichaceae_Sva0996 marine group",5
"quartile","Equal frequency (4 bins)",5e-04,"complexity","{taxon=Bacteria_Bacteroidota_Bacteroidia_Cytophagales_Cyclobacteriaceae_Marinoscillum,PelagicLayer=Epipelagic,Si=high,Temperature=low}","{Classification=Undetermined}",0.000550098231827112,1,0.000550098231827112,6.21337890625,7,Inf,7.96156531334597e-05,NA,1,"Bacteria_Bacteroidota_Bacteroidia_Cytophagales_Cyclobacteriaceae_Marinoscillum",4
"quartile","Equal frequency (4 bins)",5e-04,"complexity","{taxon=Bacteria_Bacteroidota_Bacteroidia_Flavobacteriales_Crocinitomicaceae_Fluviicola,PelagicLayer=Epipelagic,NO2=high,NH4=Unknown,Salinity=very low,WaterMass=SW}","{Classification=Undetermined}",0.000550098231827112,1,0.000550098231827112,6.21337890625,7,Inf,7.96156531334597e-05,NA,0,"Bacteria_Bacteroidota_Bacteroidia_Flavobacteriales_Crocinitomicaceae_Fluviicola",6
"quartile","Equal frequency (4 bins)",5e-04,"complexity","{taxon=Bacteria_Bacteroidota_Bacteroidia_Flavobacteriales_Cryomorphaceae_,PelagicLayer=Mesopelagic,PO4=very high,NO2=very high,Si=very high,Chl=Unknown,Temperature=very low,WaterMass=TAW}","{Classification=Undetermined}",0.000550098231827112,1,0.000550098231827112,6.21337890625,7,Inf,7.96156531334597e-05,NA,0,"Bacteria_Bacteroidota_Bacteroidia_Flavobacteriales_Cryomorphaceae_",8
"quartile","Equal frequency (4 bins)",5e-04,"complexity","{taxon=Bacteria_Bacteroidota_Bacteroidia_Flavobacteriales_Flavobacteriaceae_,PelagicLayer=Epipelagic,NH4=Unknown,Chl=very low,Salinity=very low,WaterMass=SW}","{Classification=Abundant}",0.000628683693516699,0.888888888888889,0.000707269155206287,19.3683409436834,8,8.58695481335953,6.26967036847154e-29,0.290922176781766,0,"Bacteria_Bacteroidota_Bacteroidia_Flavobacteriales_Flavobacteriaceae_",6
"quartile","Equal frequency (4 bins)",5e-04,"complexity","{taxon=Bacteria_Bacteroidota_Bacteroidia_Flavobacteriales_Flavobacteriaceae_Aurantivirga,PelagicLayer=Mesopelagic,NO2=very high,NH4=Unknown,Chl=Unknown,Temperature=very low,WaterMass=TAW}","{Classification=Abundant}",0.000550098231827112,0.875,0.000628683693516699,19.0657106164384,7,7.63284872298625,1.90703505371039e-24,0.278359232907748,-0.0138888888888888,"Bacteria_Bacteroidota_Bacteroidia_Flavobacteriales_Flavobacteriaceae_Aurantivirga",7
"quartile","Equal frequency (4 bins)",5e-04,"complexity","{taxon=Bacteria_Bacteroidota_Bacteroidia_Flavobacteriales_Flavobacteriaceae_Formosa,PelagicLayer=Epipelagic,Si=high,Salinity=very low,WaterMass=SW}","{Classification=Undetermined}",0.000628683693516699,0.8,0.000785854616895874,4.970703125,8,4.19528487229862,0.00197810100535247,0.122386441352253,-0.0181818181818182,"Bacteria_Bacteroidota_Bacteroidia_Flavobacteriales_Flavobacteriaceae_Formosa",5
"quartile","Equal frequency (4 bins)",5e-04,"complexity","{taxon=Bacteria_Bacteroidota_Bacteroidia_Flavobacteriales_Flavobacteriaceae_NS2b marine group,PelagicLayer=Epipelagic,NH4=Unknown,Temperature=very high,WaterMass=AW}","{Classification=Undetermined}",0.000628683693516699,0.8,0.000785854616895874,4.970703125,8,4.19528487229862,0.00197810100535247,0.122386441352253,0,"Bacteria_Bacteroidota_Bacteroidia_Flavobacteriales_Flavobacteriaceae_NS2b marine group",5
"quartile","Equal frequency (4 bins)",5e-04,"complexity","{taxon=Bacteria_Bacteroidota_Bacteroidia_Flavobacteriales_Flavobacteriaceae_NS4 marine group,PelagicLayer=Mesopelagic,NO2=very high,NH4=Unknown,Chl=Unknown,Temperature=very low,WaterMass=TAW}","{Classification=Undetermined}",0.000550098231827112,0.875,0.000628683693516699,5.43670654296875,7,6.7124557956778,0.00202058090853772,0.148684177283119,-0.0138888888888888,"Bacteria_Bacteroidota_Bacteroidia_Flavobacteriales_Flavobacteriaceae_NS4 marine group",7
"quartile","Equal frequency (4 bins)",5e-04,"complexity","{taxon=Bacteria_Bacteroidota_Bacteroidia_Flavobacteriales_Flavobacteriaceae_NS5 marine group,PelagicLayer=Mesopelagic,NO2=very high,Si=very high,Chl=Unknown,Temperature=very low,WaterMass=TAW}","{Classification=Undetermined}",0.000628683693516699,0.888888888888889,0.000707269155206287,5.52300347222222,8,7.55151277013752,0.000145310023474662,0.156994520255533,-0.0111111111111112,"Bacteria_Bacteroidota_Bacteroidia_Flavobacteriales_Flavobacteriaceae_NS5 marine group",7
"quartile","Equal frequency (4 bins)",5e-04,"complexity","{taxon=Bacteria_Bacteroidota_Bacteroidia_Flavobacteriales_Flavobacteriaceae_Polaribacter,PelagicLayer=Epipelagic,PO4=low,NH4=Unknown,Chl=high}","{Classification=Abundant}",0.000550098231827112,0.875,0.000628683693516699,19.0657106164384,7,7.63284872298625,1.90703505371039e-24,0.278359232907748,0,"Bacteria_Bacteroidota_Bacteroidia_Flavobacteriales_Flavobacteriaceae_Polaribacter",5
"quartile","Equal frequency (4 bins)",5e-04,"complexity","{taxon=Bacteria_Bacteroidota_Bacteroidia_Flavobacteriales_Flavobacteriaceae_Ulvibacter,PelagicLayer=Epipelagic,NH4=Unknown,Si=very low,Salinity=very low,WaterMass=SW}","{Classification=Undetermined}",0.000550098231827112,1,0.000550098231827112,6.21337890625,7,Inf,7.96156531334597e-05,NA,0,"Bacteria_Bacteroidota_Bacteroidia_Flavobacteriales_Flavobacteriaceae_Ulvibacter",6
"quartile","Equal frequency (4 bins)",5e-04,"complexity","{taxon=Bacteria_Bacteroidota_Bacteroidia_Flavobacteriales_NS7 marine group_,PelagicLayer=Epipelagic,Si=high,Salinity=very low,WaterMass=SW}","{Classification=Undetermined}",0.000628683693516699,0.8,0.000785854616895874,4.970703125,8,4.19528487229862,0.00197810100535247,0.122386441352253,-0.0181818181818182,"Bacteria_Bacteroidota_Bacteroidia_Flavobacteriales_NS7 marine group_",5
"quartile","Equal frequency (4 bins)",5e-04,"complexity","{taxon=Bacteria_Bacteroidota_Bacteroidia_Flavobacteriales_NS9 marine group_,PelagicLayer=Epipelagic,Si=very low,Salinity=low,WaterMass=IW}","{Classification=Undetermined}",0.000628683693516699,0.888888888888889,0.000707269155206287,5.52300347222222,8,7.55151277013752,0.000145310023474662,0.156994520255533,-0.0277777777777778,"Bacteria_Bacteroidota_Bacteroidia_Flavobacteriales_NS9 marine group_",5
"quartile","Equal frequency (4 bins)",5e-04,"complexity","{taxon=Bacteria_Chloroflexi_Dehalococcoidia_SAR202 clade,PelagicLayer=Bathypelagic,PO4=very high,Si=very high,Chl=Unknown,Temperature=very low,Salinity=high}","{Classification=Undetermined}",0.000550098231827112,1,0.000550098231827112,6.21337890625,7,Inf,7.96156531334597e-05,NA,0,"Bacteria_Chloroflexi_Dehalococcoidia_SAR202 clade",7
"quartile","Equal frequency (4 bins)",5e-04,"complexity","{taxon=Bacteria_Cyanobacteria_Cyanobacteriia_Synechococcales_Cyanobiaceae_Synechococcus CC9902,PelagicLayer=Epipelagic,NH4=Unknown,Temperature=very high,WaterMass=AW}","{Classification=Abundant}",0.000628683693516699,0.8,0.000785854616895874,17.4315068493151,8,4.7705304518664,2.18110623007035e-25,0.24290329623764,0,"Bacteria_Cyanobacteria_Cyanobacteriia_Synechococcales_Cyanobiaceae_Synechococcus CC9902",5
"quartile","Equal frequency (4 bins)",5e-04,"complexity","{taxon=Bacteria_Marinimicrobia (SAR406 clade)__,PelagicLayer=Bathypelagic,PO4=very high,Si=very high,Chl=Unknown,Temperature=very low,Salinity=high}","{Classification=Abundant}",0.000550098231827112,1,0.000550098231827112,21.7893835616438,7,Inf,8.31457707950236e-29,NA,0,"Bacteria_Marinimicrobia (SAR406 clade)__",7
"quartile","Equal frequency (4 bins)",5e-04,"complexity","{taxon=Bacteria_Nitrospinota_Nitrospinia_Nitrospinales_Nitrospinaceae_LS-NOB,PelagicLayer=Bathypelagic,PO4=very high,Si=very high,Chl=Unknown,Temperature=very low,Salinity=high}","{Classification=Undetermined}",0.000550098231827112,1,0.000550098231827112,6.21337890625,7,Inf,7.96156531334597e-05,NA,0,"Bacteria_Nitrospinota_Nitrospinia_Nitrospinales_Nitrospinaceae_LS-NOB",7
"quartile","Equal frequency (4 bins)",5e-04,"complexity","{taxon=Bacteria_Planctomycetota_OM190_,PelagicLayer=Bathypelagic,PO4=very high,Si=very high,Chl=Unknown,Temperature=very low,Salinity=high}","{Classification=Undetermined}",0.000550098231827112,1,0.000550098231827112,6.21337890625,7,Inf,7.96156531334597e-05,NA,0,"Bacteria_Planctomycetota_OM190_",7
"quartile","Equal frequency (4 bins)",5e-04,"complexity","{taxon=Bacteria_Planctomycetota_Phycisphaerae_Phycisphaerales_Phycisphaeraceae_JL-ETNP-F27,PelagicLayer=Bathypelagic,PO4=very high,Si=very high,Chl=Unknown,Temperature=very low,Salinity=high}","{Classification=Undetermined}",0.000550098231827112,1,0.000550098231827112,6.21337890625,7,Inf,7.96156531334597e-05,NA,0,"Bacteria_Planctomycetota_Phycisphaerae_Phycisphaerales_Phycisphaeraceae_JL-ETNP-F27",7
"quartile","Equal frequency (4 bins)",5e-04,"complexity","{taxon=Bacteria_Planctomycetota_Planctomycetes_Pirellulales_Pirellulaceae_Rhodopirellula,PelagicLayer=Bathypelagic,PO4=very high,Si=very high,Chl=Unknown,Temperature=very low,Salinity=high}","{Classification=Undetermined}",0.000550098231827112,1,0.000550098231827112,6.21337890625,7,Inf,7.96156531334597e-05,NA,0,"Bacteria_Planctomycetota_Planctomycetes_Pirellulales_Pirellulaceae_Rhodopirellula",7
"quartile","Equal frequency (4 bins)",5e-04,"complexity","{taxon=Bacteria_Proteobacteria_Alphaproteobacteria_Defluviicoccales,PelagicLayer=Bathypelagic,PO4=very high,Si=very high,Chl=Unknown,Temperature=very low,Salinity=high}","{Classification=Undetermined}",0.000550098231827112,1,0.000550098231827112,6.21337890625,7,Inf,7.96156531334597e-05,NA,0,"Bacteria_Proteobacteria_Alphaproteobacteria_Defluviicoccales",7
"quartile","Equal frequency (4 bins)",5e-04,"complexity","{taxon=Bacteria_Proteobacteria_Alphaproteobacteria_Puniceispirillales_SAR116 clade_,PelagicLayer=Epipelagic,NO2=high,NH4=Unknown,Salinity=very low,WaterMass=SW}","{Classification=Undetermined}",0.000550098231827112,1,0.000550098231827112,6.21337890625,7,Inf,7.96156531334597e-05,NA,0,"Bacteria_Proteobacteria_Alphaproteobacteria_Puniceispirillales_SAR116 clade_",6
"quartile","Equal frequency (4 bins)",5e-04,"complexity","{taxon=Bacteria_Proteobacteria_Alphaproteobacteria_Rhodobacterales_Rhodobacteraceae_Ascidiaceihabitans,PelagicLayer=Epipelagic,NH4=Unknown,Si=high,Salinity=very low,WaterMass=SW}","{Classification=Undetermined}",0.000550098231827112,1,0.000550098231827112,6.21337890625,7,Inf,7.96156531334597e-05,NA,0,"Bacteria_Proteobacteria_Alphaproteobacteria_Rhodobacterales_Rhodobacteraceae_Ascidiaceihabitans",6
"quartile","Equal frequency (4 bins)",5e-04,"complexity","{taxon=Bacteria_Proteobacteria_Alphaproteobacteria_Rhodobacterales_Rhodobacteraceae_Planktomarina,PelagicLayer=Mesopelagic,PO4=very high,NO2=very high,Si=very high,Chl=Unknown,Temperature=very low,WaterMass=TAW}","{Classification=Undetermined}",0.000550098231827112,1,0.000550098231827112,6.21337890625,7,Inf,7.96156531334597e-05,NA,0,"Bacteria_Proteobacteria_Alphaproteobacteria_Rhodobacterales_Rhodobacteraceae_Planktomarina",8
"quartile","Equal frequency (4 bins)",5e-04,"complexity","{taxon=Bacteria_Proteobacteria_Alphaproteobacteria_Rhodobacterales_Rhodobacteraceae_Sulfitobacter,PelagicLayer=Epipelagic,NH4=Unknown,Temperature=low,Salinity=very low,WaterMass=SW}","{Classification=Undetermined}",0.000707269155206287,0.818181818181818,0.000864440078585462,5.08367365056818,9,4.61481335952849,0.000154906848313174,0.130849101799297,0,"Bacteria_Proteobacteria_Alphaproteobacteria_Rhodobacterales_Rhodobacteraceae_Sulfitobacter",6
"quartile","Equal frequency (4 bins)",5e-04,"complexity","{taxon=Bacteria_Proteobacteria_Alphaproteobacteria_Rhodospirillales_Magnetospiraceae_Magnetospira,PelagicLayer=Epipelagic,Si=high,Salinity=very low,WaterMass=SW}","{Classification=Undetermined}",0.000628683693516699,0.8,0.000785854616895874,4.970703125,8,4.19528487229862,0.00197810100535247,0.122386441352253,0,"Bacteria_Proteobacteria_Alphaproteobacteria_Rhodospirillales_Magnetospiraceae_Magnetospira",5
"quartile","Equal frequency (4 bins)",5e-04,"complexity","{taxon=Bacteria_Proteobacteria_Alphaproteobacteria_SAR11 clade_Clade I_Clade Ia,PelagicLayer=Mesopelagic,PO4=very high,NO2=very high,Si=very high,Chl=Unknown,WaterMass=TAW}","{Classification=Abundant}",0.000550098231827112,0.875,0.000628683693516699,19.0657106164384,7,7.63284872298625,1.90703505371039e-24,0.278359232907748,-0.0480769230769231,"Bacteria_Proteobacteria_Alphaproteobacteria_SAR11 clade_Clade I_Clade Ia",7
"quartile","Equal frequency (4 bins)",5e-04,"complexity","{taxon=Bacteria_Proteobacteria_Alphaproteobacteria_SAR11 clade_Clade I_Clade Ib,PelagicLayer=Bathypelagic,Chl=Unknown,Temperature=very low,Salinity=high,WaterMass=WCW}","{Classification=Undetermined}",0.000550098231827112,1,0.000550098231827112,6.21337890625,7,Inf,7.96156531334597e-05,NA,0,"Bacteria_Proteobacteria_Alphaproteobacteria_SAR11 clade_Clade I_Clade Ib",6
"quartile","Equal frequency (4 bins)",5e-04,"complexity","{taxon=Bacteria_Proteobacteria_Alphaproteobacteria_SAR11 clade_Clade II_,PO4=very high,Si=very high,Chl=Unknown,Temperature=very low,Salinity=high}","{Classification=Undetermined}",0.000628683693516699,0.888888888888889,0.000707269155206287,5.52300347222222,8,7.55151277013752,0.000145310023474662,0.156994520255533,-0.0111111111111112,"Bacteria_Proteobacteria_Alphaproteobacteria_SAR11 clade_Clade II_",6
"quartile","Equal frequency (4 bins)",5e-04,"complexity","{taxon=Bacteria_Proteobacteria_Gammaproteobacteria_Burkholderiales_Methylophilaceae_OM43 clade,PelagicLayer=Epipelagic,NO2=high,NH4=Unknown,Salinity=very low,WaterMass=SW}","{Classification=Undetermined}",0.000550098231827112,1,0.000550098231827112,6.21337890625,7,Inf,7.96156531334597e-05,NA,0,"Bacteria_Proteobacteria_Gammaproteobacteria_Burkholderiales_Methylophilaceae_OM43 clade",6
"quartile","Equal frequency (4 bins)",5e-04,"complexity","{taxon=Bacteria_Proteobacteria_Gammaproteobacteria_Burkholderiales_Nitrosomonadaceae_Nitrosomonas,PelagicLayer=Mesopelagic,NO2=very high,Si=very high,Chl=Unknown,Temperature=very low,WaterMass=TAW}","{Classification=Undetermined}",0.000550098231827112,0.875,0.000628683693516699,5.43670654296875,7,6.7124557956778,0.00202058090853772,0.148684177283119,-0.0416666666666666,"Bacteria_Proteobacteria_Gammaproteobacteria_Burkholderiales_Nitrosomonadaceae_Nitrosomonas",7
"quartile","Equal frequency (4 bins)",5e-04,"complexity","{taxon=Bacteria_Proteobacteria_Gammaproteobacteria_HOC36,PelagicLayer=Bathypelagic,PO4=very high,Si=very high,Chl=Unknown,Temperature=very low,Salinity=high}","{Classification=Undetermined}",0.000550098231827112,1,0.000550098231827112,6.21337890625,7,Inf,7.96156531334597e-05,NA,0,"Bacteria_Proteobacteria_Gammaproteobacteria_HOC36",7
"quartile","Equal frequency (4 bins)",5e-04,"complexity","{taxon=Bacteria_Proteobacteria_Gammaproteobacteria_Pseudomonadales_Halieaceae_OM60(NOR5) clade,PelagicLayer=Epipelagic,NH4=Unknown,Temperature=very high,Salinity=very high,WaterMass=AW}","{Classification=Undetermined}",0.000550098231827112,1,0.000550098231827112,6.21337890625,7,Inf,7.96156531334597e-05,NA,0,"Bacteria_Proteobacteria_Gammaproteobacteria_Pseudomonadales_Halieaceae_OM60(NOR5) clade",6
"quartile","Equal frequency (4 bins)",5e-04,"complexity","{taxon=Bacteria_Proteobacteria_Gammaproteobacteria_Pseudomonadales_KI89A clade_}","{Classification=Rare}",0.00738703339882122,1,0.00738703339882122,1.26077479441197,94,Inf,0.0352661309766864,NA,1,"Bacteria_Proteobacteria_Gammaproteobacteria_Pseudomonadales_KI89A clade_",1
"quartile","Equal frequency (4 bins)",5e-04,"complexity","{taxon=Bacteria_Proteobacteria_Gammaproteobacteria_Pseudomonadales_Nitrincolaceae_,PelagicLayer=Epipelagic,NO2=high,NH4=Unknown,Salinity=very low,WaterMass=SW}","{Classification=Abundant}",0.000550098231827112,1,0.000550098231827112,21.7893835616438,7,Inf,8.31457707950236e-29,NA,0,"Bacteria_Proteobacteria_Gammaproteobacteria_Pseudomonadales_Nitrincolaceae_",6
"quartile","Equal frequency (4 bins)",5e-04,"complexity","{taxon=Bacteria_Proteobacteria_Gammaproteobacteria_Pseudomonadales_OM182 clade_,PelagicLayer=Epipelagic,Si=high,Salinity=very low,WaterMass=SW}","{Classification=Undetermined}",0.000628683693516699,0.8,0.000785854616895874,4.970703125,8,4.19528487229862,0.00197810100535247,0.122386441352253,0,"Bacteria_Proteobacteria_Gammaproteobacteria_Pseudomonadales_OM182 clade_",5
"quartile","Equal frequency (4 bins)",5e-04,"complexity","{taxon=Bacteria_Proteobacteria_Gammaproteobacteria_Pseudomonadales_Porticoccaceae_SAR92 clade,PelagicLayer=Mesopelagic,PO4=very high,NO2=very high,Si=very high,Chl=Unknown,WaterMass=TAW}","{Classification=Undetermined}",0.000550098231827112,0.875,0.000628683693516699,5.43670654296875,7,6.7124557956778,0.00202058090853772,0.148684177283119,-0.0535714285714286,"Bacteria_Proteobacteria_Gammaproteobacteria_Pseudomonadales_Porticoccaceae_SAR92 clade",7
"quartile","Equal frequency (4 bins)",5e-04,"complexity","{taxon=Bacteria_Proteobacteria_Gammaproteobacteria_Pseudomonadales_Pseudohongiellaceae_Pseudohongiella,PelagicLayer=Bathypelagic,PO4=very high,Si=very high,Chl=Unknown,Temperature=very low,Salinity=high}","{Classification=Undetermined}",0.000550098231827112,1,0.000550098231827112,6.21337890625,7,Inf,7.96156531334597e-05,NA,0,"Bacteria_Proteobacteria_Gammaproteobacteria_Pseudomonadales_Pseudohongiellaceae_Pseudohongiella",7
"quartile","Equal frequency (4 bins)",5e-04,"complexity","{taxon=Bacteria_Proteobacteria_Gammaproteobacteria_Pseudomonadales_SAR86 clade_,PelagicLayer=Epipelagic,NO2=high,NH4=Unknown,Salinity=very low,WaterMass=SW}","{Classification=Undetermined}",0.000550098231827112,1,0.000550098231827112,6.21337890625,7,Inf,7.96156531334597e-05,NA,0,"Bacteria_Proteobacteria_Gammaproteobacteria_Pseudomonadales_SAR86 clade_",6
"quartile","Equal frequency (4 bins)",5e-04,"complexity","{taxon=Bacteria_Proteobacteria_Gammaproteobacteria_Pseudomonadales_Thioglobaceae_Candidatus Thioglobus,PelagicLayer=Epipelagic,Si=high,Salinity=very low,WaterMass=SW}","{Classification=Abundant}",0.000628683693516699,0.8,0.000785854616895874,17.4315068493151,8,4.7705304518664,2.18110623007035e-25,0.24290329623764,0,"Bacteria_Proteobacteria_Gammaproteobacteria_Pseudomonadales_Thioglobaceae_Candidatus Thioglobus",5
"quartile","Equal frequency (4 bins)",5e-04,"complexity","{taxon=Bacteria_Proteobacteria_Gammaproteobacteria_Pseudomonadales_Thioglobaceae_SUP05 cluster,PelagicLayer=Mesopelagic,NO2=very high,Si=very high,Chl=Unknown,Temperature=very low}","{Classification=Abundant}",0.000628683693516699,0.8,0.000785854616895874,17.4315068493151,8,4.7705304518664,2.18110623007035e-25,0.24290329623764,0,"Bacteria_Proteobacteria_Gammaproteobacteria_Pseudomonadales_Thioglobaceae_SUP05 cluster",6
"quartile","Equal frequency (4 bins)",5e-04,"complexity","{taxon=Bacteria_SAR324 clade(Marine group B)__,PelagicLayer=Bathypelagic,PO4=very high,Si=very high,Chl=Unknown,Temperature=very low,Salinity=high}","{Classification=Abundant}",0.000550098231827112,1,0.000550098231827112,21.7893835616438,7,Inf,8.31457707950236e-29,NA,0,"Bacteria_SAR324 clade(Marine group B)__",7
"quartile","Equal frequency (4 bins)",5e-04,"complexity","{taxon=Bacteria_Verrucomicrobiota_Verrucomicrobiae_Arctic97B-4 marine group,PelagicLayer=Bathypelagic,PO4=very high,Si=very high,Chl=Unknown,Temperature=very low,Salinity=high}","{Classification=Undetermined}",0.000550098231827112,1,0.000550098231827112,6.21337890625,7,Inf,7.96156531334597e-05,NA,0,"Bacteria_Verrucomicrobiota_Verrucomicrobiae_Arctic97B-4 marine group",7
"quartile","Equal frequency (4 bins)",5e-04,"complexity","{taxon=Bacteria_Verrucomicrobiota_Verrucomicrobiae_Verrucomicrobiales_Rubritaleaceae_Roseibacillus,PelagicLayer=Mesopelagic,PO4=very high,NO2=very high,Si=very high,Chl=Unknown,Temperature=very low,WaterMass=TAW}","{Classification=Undetermined}",0.000550098231827112,1,0.000550098231827112,6.21337890625,7,Inf,7.96156531334597e-05,NA,0,"Bacteria_Verrucomicrobiota_Verrucomicrobiae_Verrucomicrobiales_Rubritaleaceae_Roseibacillus",8
"quartile","Equal frequency (4 bins)",0.001,"improvement","{taxon=Bacteria_Bacteroidota_Bacteroidia_Flavobacteriales_Cryomorphaceae_,PelagicLayer=Mesopelagic}","{Classification=Undetermined}",0.00157170923379175,0.833333333333333,0.0018860510805501,5.17781575520833,20,5.03434184675835,5.45926868306091e-15,0.151823338846399,0.833333333333333,"Bacteria_Bacteroidota_Bacteroidia_Flavobacteriales_Cryomorphaceae_",2
"quartile","Equal frequency (4 bins)",0.001,"improvement","{taxon=Bacteria_Bacteroidota_Bacteroidia_Flavobacteriales_Flavobacteriaceae_,PelagicLayer=Epipelagic,NH4=Unknown,Si=low}","{Classification=Abundant}",0.00117878192534381,0.833333333333333,0.00141453831041257,18.1578196347032,15,5.72463654223969,3.49692975956193e-53,0.28242857940464,0.833333333333333,"Bacteria_Bacteroidota_Bacteroidia_Flavobacteriales_Flavobacteriaceae_",4
"quartile","Equal frequency (4 bins)",0.001,"improvement","{taxon=Bacteria_Bacteroidota_Bacteroidia_Flavobacteriales_Flavobacteriaceae_NS4 marine group,PelagicLayer=Epipelagic,NO2=Undetected}","{Classification=Undetermined}",0.00117878192534381,0.882352941176471,0.00133595284872299,5.48239315257353,15,7.13198428290766,1.03667561390021e-11,0.167092057574576,0.882352941176471,"Bacteria_Bacteroidota_Bacteroidia_Flavobacteriales_Flavobacteriaceae_NS4 marine group",3
"quartile","Equal frequency (4 bins)",0.001,"improvement","{taxon=Bacteria_Bacteroidota_Bacteroidia_Flavobacteriales_Flavobacteriaceae_NS5 marine group,Si=very high,Temperature=very low}","{Classification=Undetermined}",0.00117878192534381,0.833333333333333,0.00141453831041257,5.17781575520833,15,5.03434184675835,1.49433439468259e-10,0.145936285677719,0.833333333333333,"Bacteria_Bacteroidota_Bacteroidia_Flavobacteriales_Flavobacteriaceae_NS5 marine group",3
"quartile","Equal frequency (4 bins)",0.001,"improvement","{taxon=Bacteria_Bacteroidota_Bacteroidia_Flavobacteriales_Flavobacteriaceae_Ulvibacter,NH4=Unknown,Temperature=very high}","{Classification=Undetermined}",0.00110019646365422,0.823529411764706,0.00133595284872299,5.11690027573529,14,4.75465618860511,1.90508008897484e-09,0.140662720027515,0.823529411764706,"Bacteria_Bacteroidota_Bacteroidia_Flavobacteriales_Flavobacteriaceae_Ulvibacter",3
"quartile","Equal frequency (4 bins)",0.001,"improvement","{taxon=Bacteria_Bacteroidota_Bacteroidia_Flavobacteriales_NS9 marine group_,NH4=Unknown,Salinity=low}","{Classification=Undetermined}",0.00110019646365422,0.875,0.0012573673870334,5.43670654296875,14,6.7124557956778,1.39217421140407e-10,0.162268072913611,0.875,"Bacteria_Bacteroidota_Bacteroidia_Flavobacteriales_NS9 marine group_",3
"quartile","Equal frequency (4 bins)",0.001,"improvement","{taxon=Bacteria_Nitrospinota_Nitrospinia_Nitrospinales_Nitrospinaceae_LS-NOB,Si=very high,Temperature=very low}","{Classification=Undetermined}",0.00110019646365422,0.875,0.0012573673870334,5.43670654296875,14,6.7124557956778,1.39217421140407e-10,0.162268072913611,0.875,"Bacteria_Nitrospinota_Nitrospinia_Nitrospinales_Nitrospinaceae_LS-NOB",3
"quartile","Equal frequency (4 bins)",0.001,"improvement","{taxon=Bacteria_Planctomycetota_OM190_,Si=very high,Temperature=very low}","{Classification=Undetermined}",0.00110019646365422,0.875,0.0012573673870334,5.43670654296875,14,6.7124557956778,1.39217421140407e-10,0.162268072913611,0.875,"Bacteria_Planctomycetota_OM190_",3
"quartile","Equal frequency (4 bins)",0.001,"improvement","{taxon=Bacteria_Proteobacteria_Alphaproteobacteria_Rhodobacterales_Rhodobacteraceae_Ascidiaceihabitans,PelagicLayer=Epipelagic,NH4=Unknown,Si=high}","{Classification=Undetermined}",0.00102161100196464,0.8125,0.0012573673870334,5.04837036132812,13,4.47497053045187,2.40348850549189e-08,0.134994696277812,0.8125,"Bacteria_Proteobacteria_Alphaproteobacteria_Rhodobacterales_Rhodobacteraceae_Ascidiaceihabitans",4
"quartile","Equal frequency (4 bins)",0.001,"improvement","{taxon=Bacteria_Proteobacteria_Alphaproteobacteria_Rhodobacterales_Rhodobacteraceae_Planktomarina,PelagicLayer=Epipelagic,NO2=Undetected}","{Classification=Undetermined}",0.00117878192534381,0.882352941176471,0.00133595284872299,5.48239315257353,15,7.13198428290766,1.03667561390021e-11,0.167092057574576,0.882352941176471,"Bacteria_Proteobacteria_Alphaproteobacteria_Rhodobacterales_Rhodobacteraceae_Planktomarina",3
"quartile","Equal frequency (4 bins)",0.001,"improvement","{taxon=Bacteria_Proteobacteria_Alphaproteobacteria_SAR11 clade_Clade I_Clade Ia,PelagicLayer=Mesopelagic,Si=very high}","{Classification=Abundant}",0.00117878192534381,0.882352941176471,0.00133595284872299,19.2259266720387,15,8.10990176817289,7.82598645427471e-57,0.311520624486935,0.882352941176471,"Bacteria_Proteobacteria_Alphaproteobacteria_SAR11 clade_Clade I_Clade Ia",3
"quartile","Equal frequency (4 bins)",0.001,"improvement","{taxon=Bacteria_Proteobacteria_Alphaproteobacteria_SAR11 clade_Clade III_}","{Classification=Rare}",0.00675834970530452,1,0.00675834970530452,1.26077479441197,86,Inf,0.0379208182745701,NA,1,"Bacteria_Proteobacteria_Alphaproteobacteria_SAR11 clade_Clade III_",1
"quartile","Equal frequency (4 bins)",0.001,"improvement","{taxon=Bacteria_Proteobacteria_Alphaproteobacteria_SAR11 clade_Clade IV_}","{Classification=Rare}",0.00762278978388998,0.989795918367347,0.00770137524557957,1.2479097454894,97,20.2700196463654,0.026393262651455,0.0323100320333551,0.989795918367347,"Bacteria_Proteobacteria_Alphaproteobacteria_SAR11 clade_Clade IV_",1
"quartile","Equal frequency (4 bins)",0.001,"improvement","{taxon=Bacteria_Proteobacteria_Gammaproteobacteria_Burkholderiales_Nitrosomonadaceae_Nitrosomonas,PelagicLayer=Mesopelagic,Si=very high}","{Classification=Undetermined}",0.00102161100196464,0.866666666666667,0.00117878192534381,5.38492838541667,13,6.29292730844794,1.86132099531315e-09,0.15705742123819,0.866666666666667,"Bacteria_Proteobacteria_Gammaproteobacteria_Burkholderiales_Nitrosomonadaceae_Nitrosomonas",3
"quartile","Equal frequency (4 bins)",0.001,"improvement","{taxon=Bacteria_Proteobacteria_Gammaproteobacteria_Pseudomonadales_KI89A clade_}","{Classification=Rare}",0.00738703339882122,1,0.00738703339882122,1.26077479441197,94,Inf,0.0126274223236655,NA,1,"Bacteria_Proteobacteria_Gammaproteobacteria_Pseudomonadales_KI89A clade_",1
"quartile","Equal frequency (4 bins)",0.001,"improvement","{taxon=Bacteria_Proteobacteria_Gammaproteobacteria_Pseudomonadales_Porticoccaceae_SAR92 clade,NO2=very high}","{Classification=Undetermined}",0.00149312377210216,0.826086956521739,0.00180746561886051,5.13279127038043,19,4.82457760314342,6.91138621349019e-14,0.147707588238708,0.826086956521739,"Bacteria_Proteobacteria_Gammaproteobacteria_Pseudomonadales_Porticoccaceae_SAR92 clade",2
"quartile","Equal frequency (4 bins)",0.001,"improvement","{taxon=Bacteria_Verrucomicrobiota_Verrucomicrobiae_Verrucomicrobiales_Rubritaleaceae_Roseibacillus,NH4=Unknown,Si=high}","{Classification=Undetermined}",0.00110019646365422,0.823529411764706,0.00133595284872299,5.11690027573529,14,4.75465618860511,1.90508008897484e-09,0.140662720027515,0.823529411764706,"Bacteria_Verrucomicrobiota_Verrucomicrobiae_Verrucomicrobiales_Rubritaleaceae_Roseibacillus",3
"quartile","Equal frequency (4 bins)",0.001,"mutual_information","{taxon=Bacteria_Bacteroidota_Bacteroidia_Flavobacteriales_Cryomorphaceae_,PelagicLayer=Mesopelagic,PO4=very high,Si=very high}","{Classification=Undetermined}",0.00102161100196464,0.928571428571429,0.00110019646365422,5.76956612723214,13,11.7467976424361,9.9113856192817e-11,0.186111186261745,0.046218487394958,"Bacteria_Bacteroidota_Bacteroidia_Flavobacteriales_Cryomorphaceae_",4
"quartile","Equal frequency (4 bins)",0.001,"mutual_information","{taxon=Bacteria_Bacteroidota_Bacteroidia_Flavobacteriales_Flavobacteriaceae_,PelagicLayer=Epipelagic,NH4=Unknown,Si=low}","{Classification=Abundant}",0.00117878192534381,0.833333333333333,0.00141453831041257,18.1578196347032,15,5.72463654223969,3.49692975956193e-53,0.28242857940464,0.833333333333333,"Bacteria_Bacteroidota_Bacteroidia_Flavobacteriales_Flavobacteriaceae_",4
"quartile","Equal frequency (4 bins)",0.001,"mutual_information","{taxon=Bacteria_Bacteroidota_Bacteroidia_Flavobacteriales_Flavobacteriaceae_NS4 marine group,PelagicLayer=Epipelagic,NO2=Undetected}","{Classification=Undetermined}",0.00117878192534381,0.882352941176471,0.00133595284872299,5.48239315257353,15,7.13198428290766,1.03667561390021e-11,0.167092057574576,0.882352941176471,"Bacteria_Bacteroidota_Bacteroidia_Flavobacteriales_Flavobacteriaceae_NS4 marine group",3
"quartile","Equal frequency (4 bins)",0.001,"mutual_information","{taxon=Bacteria_Bacteroidota_Bacteroidia_Flavobacteriales_Flavobacteriaceae_NS5 marine group,Si=very high,Temperature=very low}","{Classification=Undetermined}",0.00117878192534381,0.833333333333333,0.00141453831041257,5.17781575520833,15,5.03434184675835,1.49433439468259e-10,0.145936285677719,0.833333333333333,"Bacteria_Bacteroidota_Bacteroidia_Flavobacteriales_Flavobacteriaceae_NS5 marine group",3
"quartile","Equal frequency (4 bins)",0.001,"mutual_information","{taxon=Bacteria_Bacteroidota_Bacteroidia_Flavobacteriales_Flavobacteriaceae_Ulvibacter,NH4=Unknown,Temperature=very high}","{Classification=Undetermined}",0.00110019646365422,0.823529411764706,0.00133595284872299,5.11690027573529,14,4.75465618860511,1.90508008897484e-09,0.140662720027515,0.823529411764706,"Bacteria_Bacteroidota_Bacteroidia_Flavobacteriales_Flavobacteriaceae_Ulvibacter",3
"quartile","Equal frequency (4 bins)",0.001,"mutual_information","{taxon=Bacteria_Bacteroidota_Bacteroidia_Flavobacteriales_NS9 marine group_,PelagicLayer=Epipelagic,Salinity=low}","{Classification=Undetermined}",0.00149312377210216,0.863636363636364,0.00172888015717092,5.36609996448864,19,6.15308447937132,5.24243207785022e-15,0.16392645564949,0.863636363636364,"Bacteria_Bacteroidota_Bacteroidia_Flavobacteriales_NS9 marine group_",3
"quartile","Equal frequency (4 bins)",0.001,"mutual_information","{taxon=Bacteria_Nitrospinota_Nitrospinia_Nitrospinales_Nitrospinaceae_LS-NOB,Si=very high,Temperature=very low}","{Classification=Undetermined}",0.00110019646365422,0.875,0.0012573673870334,5.43670654296875,14,6.7124557956778,1.39217421140407e-10,0.162268072913611,0.875,"Bacteria_Nitrospinota_Nitrospinia_Nitrospinales_Nitrospinaceae_LS-NOB",3
"quartile","Equal frequency (4 bins)",0.001,"mutual_information","{taxon=Bacteria_Planctomycetota_OM190_,PO4=very high,Si=very high,Temperature=very low}","{Classification=Undetermined}",0.00102161100196464,0.928571428571429,0.00110019646365422,5.76956612723214,13,11.7467976424361,9.9113856192817e-11,0.186111186261745,0.0535714285714286,"Bacteria_Planctomycetota_OM190_",4
"quartile","Equal frequency (4 bins)",0.001,"mutual_information","{taxon=Bacteria_Proteobacteria_Alphaproteobacteria_Rhodobacterales_Rhodobacteraceae_Ascidiaceihabitans,PelagicLayer=Epipelagic,NH4=Unknown,Si=high}","{Classification=Undetermined}",0.00102161100196464,0.8125,0.0012573673870334,5.04837036132812,13,4.47497053045187,2.40348850549189e-08,0.134994696277812,0.8125,"Bacteria_Proteobacteria_Alphaproteobacteria_Rhodobacterales_Rhodobacteraceae_Ascidiaceihabitans",4
"quartile","Equal frequency (4 bins)",0.001,"mutual_information","{taxon=Bacteria_Proteobacteria_Alphaproteobacteria_Rhodobacterales_Rhodobacteraceae_Planktomarina,PO4=very low}","{Classification=Undetermined}",0.00157170923379175,0.869565217391304,0.00180746561886051,5.40293817934783,20,6.43277013752456,3.97806291330706e-16,0.167806053201583,0.869565217391304,"Bacteria_Proteobacteria_Alphaproteobacteria_Rhodobacterales_Rhodobacteraceae_Planktomarina",2
"quartile","Equal frequency (4 bins)",0.001,"mutual_information","{taxon=Bacteria_Proteobacteria_Alphaproteobacteria_SAR11 clade_Clade I_Clade Ia,PelagicLayer=Epipelagic,NO2=high}","{Classification=Abundant}",0.0012573673870334,0.888888888888889,0.00141453831041257,19.3683409436834,16,8.58695481335953,2.61430652583854e-61,0.318378771527596,0.0793650793650793,"Bacteria_Proteobacteria_Alphaproteobacteria_SAR11 clade_Clade I_Clade Ia",3
"quartile","Equal frequency (4 bins)",0.001,"mutual_information","{taxon=Bacteria_Proteobacteria_Alphaproteobacteria_SAR11 clade_Clade III_}","{Classification=Rare}",0.00675834970530452,1,0.00675834970530452,1.26077479441197,86,Inf,0.0379208182745701,NA,1,"Bacteria_Proteobacteria_Alphaproteobacteria_SAR11 clade_Clade III_",1
"quartile","Equal frequency (4 bins)",0.001,"mutual_information","{taxon=Bacteria_Proteobacteria_Alphaproteobacteria_SAR11 clade_Clade IV_}","{Classification=Rare}",0.00762278978388998,0.989795918367347,0.00770137524557957,1.2479097454894,97,20.2700196463654,0.026393262651455,0.0323100320333551,0.989795918367347,"Bacteria_Proteobacteria_Alphaproteobacteria_SAR11 clade_Clade IV_",1
"quartile","Equal frequency (4 bins)",0.001,"mutual_information","{taxon=Bacteria_Proteobacteria_Gammaproteobacteria_Burkholderiales_Nitrosomonadaceae_Nitrosomonas,PelagicLayer=Mesopelagic,Si=very high}","{Classification=Undetermined}",0.00102161100196464,0.866666666666667,0.00117878192534381,5.38492838541667,13,6.29292730844794,1.86132099531315e-09,0.15705742123819,0.866666666666667,"Bacteria_Proteobacteria_Gammaproteobacteria_Burkholderiales_Nitrosomonadaceae_Nitrosomonas",3
"quartile","Equal frequency (4 bins)",0.001,"mutual_information","{taxon=Bacteria_Proteobacteria_Gammaproteobacteria_Pseudomonadales_KI89A clade_}","{Classification=Rare}",0.00738703339882122,1,0.00738703339882122,1.26077479441197,94,Inf,0.0126274223236655,NA,1,"Bacteria_Proteobacteria_Gammaproteobacteria_Pseudomonadales_KI89A clade_",1
"quartile","Equal frequency (4 bins)",0.001,"mutual_information","{taxon=Bacteria_Proteobacteria_Gammaproteobacteria_Pseudomonadales_Porticoccaceae_SAR92 clade,NO2=very high,WaterMass=TAW}","{Classification=Undetermined}",0.00102161100196464,0.928571428571429,0.00110019646365422,5.76956612723214,13,11.7467976424361,9.9113856192817e-11,0.186111186261745,0.102484472049689,"Bacteria_Proteobacteria_Gammaproteobacteria_Pseudomonadales_Porticoccaceae_SAR92 clade",3
"quartile","Equal frequency (4 bins)",0.001,"mutual_information","{taxon=Bacteria_Verrucomicrobiota_Verrucomicrobiae_Verrucomicrobiales_Rubritaleaceae_Roseibacillus,NH4=Unknown,Si=high}","{Classification=Undetermined}",0.00110019646365422,0.823529411764706,0.00133595284872299,5.11690027573529,14,4.75465618860511,1.90508008897484e-09,0.140662720027515,0.823529411764706,"Bacteria_Verrucomicrobiota_Verrucomicrobiae_Verrucomicrobiales_Rubritaleaceae_Roseibacillus",3
"quartile","Equal frequency (4 bins)",0.001,"complexity","{taxon=Bacteria_Bacteroidota_Bacteroidia_Flavobacteriales_Cryomorphaceae_,PelagicLayer=Mesopelagic,PO4=very high,Si=very high,Chl=Unknown}","{Classification=Undetermined}",0.00102161100196464,0.928571428571429,0.00110019646365422,5.76956612723214,13,11.7467976424361,9.9113856192817e-11,0.186111186261745,0,"Bacteria_Bacteroidota_Bacteroidia_Flavobacteriales_Cryomorphaceae_",5
"quartile","Equal frequency (4 bins)",0.001,"complexity","{taxon=Bacteria_Bacteroidota_Bacteroidia_Flavobacteriales_Flavobacteriaceae_,PelagicLayer=Epipelagic,NH4=Unknown,Si=low}","{Classification=Abundant}",0.00117878192534381,0.833333333333333,0.00141453831041257,18.1578196347032,15,5.72463654223969,3.49692975956193e-53,0.28242857940464,0.833333333333333,"Bacteria_Bacteroidota_Bacteroidia_Flavobacteriales_Flavobacteriaceae_",4
"quartile","Equal frequency (4 bins)",0.001,"complexity","{taxon=Bacteria_Bacteroidota_Bacteroidia_Flavobacteriales_Flavobacteriaceae_NS4 marine group,PelagicLayer=Epipelagic,NH4=Unknown,Si=high}","{Classification=Undetermined}",0.00110019646365422,0.875,0.0012573673870334,5.43670654296875,14,6.7124557956778,1.39217421140407e-10,0.162268072913611,-0.00735294117647056,"Bacteria_Bacteroidota_Bacteroidia_Flavobacteriales_Flavobacteriaceae_NS4 marine group",4
"quartile","Equal frequency (4 bins)",0.001,"complexity","{taxon=Bacteria_Bacteroidota_Bacteroidia_Flavobacteriales_Flavobacteriaceae_NS5 marine group,PO4=very high,Si=very high,Chl=Unknown,Temperature=very low}","{Classification=Undetermined}",0.00102161100196464,0.8125,0.0012573673870334,5.04837036132812,13,4.47497053045187,2.40348850549189e-08,0.134994696277812,-0.0208333333333334,"Bacteria_Bacteroidota_Bacteroidia_Flavobacteriales_Flavobacteriaceae_NS5 marine group",5
"quartile","Equal frequency (4 bins)",0.001,"complexity","{taxon=Bacteria_Bacteroidota_Bacteroidia_Flavobacteriales_Flavobacteriaceae_Ulvibacter,PelagicLayer=Epipelagic,NH4=Unknown,Temperature=very high}","{Classification=Undetermined}",0.00110019646365422,0.823529411764706,0.00133595284872299,5.11690027573529,14,4.75465618860511,1.90508008897484e-09,0.140662720027515,0,"Bacteria_Bacteroidota_Bacteroidia_Flavobacteriales_Flavobacteriaceae_Ulvibacter",4
"quartile","Equal frequency (4 bins)",0.001,"complexity","{taxon=Bacteria_Bacteroidota_Bacteroidia_Flavobacteriales_NS9 marine group_,NH4=Unknown,Salinity=low}","{Classification=Undetermined}",0.00110019646365422,0.875,0.0012573673870334,5.43670654296875,14,6.7124557956778,1.39217421140407e-10,0.162268072913611,0.875,"Bacteria_Bacteroidota_Bacteroidia_Flavobacteriales_NS9 marine group_",3
"quartile","Equal frequency (4 bins)",0.001,"complexity","{taxon=Bacteria_Nitrospinota_Nitrospinia_Nitrospinales_Nitrospinaceae_LS-NOB,Si=very high,Chl=Unknown,Temperature=very low}","{Classification=Undetermined}",0.00110019646365422,0.875,0.0012573673870334,5.43670654296875,14,6.7124557956778,1.39217421140407e-10,0.162268072913611,0,"Bacteria_Nitrospinota_Nitrospinia_Nitrospinales_Nitrospinaceae_LS-NOB",4
"quartile","Equal frequency (4 bins)",0.001,"complexity","{taxon=Bacteria_Planctomycetota_OM190_,PO4=very high,Si=very high,Chl=Unknown,Temperature=very low}","{Classification=Undetermined}",0.00102161100196464,0.928571428571429,0.00110019646365422,5.76956612723214,13,11.7467976424361,9.9113856192817e-11,0.186111186261745,0,"Bacteria_Planctomycetota_OM190_",5
"quartile","Equal frequency (4 bins)",0.001,"complexity","{taxon=Bacteria_Proteobacteria_Alphaproteobacteria_Rhodobacterales_Rhodobacteraceae_Ascidiaceihabitans,PelagicLayer=Epipelagic,NH4=Unknown,Si=high}","{Classification=Undetermined}",0.00102161100196464,0.8125,0.0012573673870334,5.04837036132812,13,4.47497053045187,2.40348850549189e-08,0.134994696277812,0.8125,"Bacteria_Proteobacteria_Alphaproteobacteria_Rhodobacterales_Rhodobacteraceae_Ascidiaceihabitans",4
"quartile","Equal frequency (4 bins)",0.001,"complexity","{taxon=Bacteria_Proteobacteria_Alphaproteobacteria_Rhodobacterales_Rhodobacteraceae_Planktomarina,PelagicLayer=Epipelagic,NH4=Unknown,Temperature=very high}","{Classification=Undetermined}",0.00110019646365422,0.823529411764706,0.00133595284872299,5.11690027573529,14,4.75465618860511,1.90508008897484e-09,0.140662720027515,0,"Bacteria_Proteobacteria_Alphaproteobacteria_Rhodobacterales_Rhodobacteraceae_Planktomarina",4
"quartile","Equal frequency (4 bins)",0.001,"complexity","{taxon=Bacteria_Proteobacteria_Alphaproteobacteria_SAR11 clade_Clade I_Clade Ia,PelagicLayer=Mesopelagic,NO2=very high,Chl=Unknown}","{Classification=Abundant}",0.00117878192534381,0.833333333333333,0.00141453831041257,18.1578196347032,15,5.72463654223969,3.49692975956193e-53,0.28242857940464,-0.00877192982456132,"Bacteria_Proteobacteria_Alphaproteobacteria_SAR11 clade_Clade I_Clade Ia",4
"quartile","Equal frequency (4 bins)",0.001,"complexity","{taxon=Bacteria_Proteobacteria_Alphaproteobacteria_SAR11 clade_Clade III_}","{Classification=Rare}",0.00675834970530452,1,0.00675834970530452,1.26077479441197,86,Inf,0.0379208182745701,NA,1,"Bacteria_Proteobacteria_Alphaproteobacteria_SAR11 clade_Clade III_",1
"quartile","Equal frequency (4 bins)",0.001,"complexity","{taxon=Bacteria_Proteobacteria_Alphaproteobacteria_SAR11 clade_Clade IV_}","{Classification=Rare}",0.00762278978388998,0.989795918367347,0.00770137524557957,1.2479097454894,97,20.2700196463654,0.026393262651455,0.0323100320333551,0.989795918367347,"Bacteria_Proteobacteria_Alphaproteobacteria_SAR11 clade_Clade IV_",1
"quartile","Equal frequency (4 bins)",0.001,"complexity","{taxon=Bacteria_Proteobacteria_Gammaproteobacteria_Burkholderiales_Nitrosomonadaceae_Nitrosomonas,PelagicLayer=Mesopelagic,NO2=very high,Chl=Unknown}","{Classification=Undetermined}",0.00110019646365422,0.823529411764706,0.00133595284872299,5.11690027573529,14,4.75465618860511,1.90508008897484e-09,0.140662720027515,0,"Bacteria_Proteobacteria_Gammaproteobacteria_Burkholderiales_Nitrosomonadaceae_Nitrosomonas",4
"quartile","Equal frequency (4 bins)",0.001,"complexity","{taxon=Bacteria_Proteobacteria_Gammaproteobacteria_Pseudomonadales_KI89A clade_}","{Classification=Rare}",0.00738703339882122,1,0.00738703339882122,1.26077479441197,94,Inf,0.0126274223236655,NA,1,"Bacteria_Proteobacteria_Gammaproteobacteria_Pseudomonadales_KI89A clade_",1
"quartile","Equal frequency (4 bins)",0.001,"complexity","{taxon=Bacteria_Proteobacteria_Gammaproteobacteria_Pseudomonadales_Porticoccaceae_SAR92 clade,PelagicLayer=Mesopelagic,NO2=very high,Chl=Unknown,WaterMass=TAW}","{Classification=Undetermined}",0.00102161100196464,0.928571428571429,0.00110019646365422,5.76956612723214,13,11.7467976424361,9.9113856192817e-11,0.186111186261745,0,"Bacteria_Proteobacteria_Gammaproteobacteria_Pseudomonadales_Porticoccaceae_SAR92 clade",5
"quartile","Equal frequency (4 bins)",0.001,"complexity","{taxon=Bacteria_Verrucomicrobiota_Verrucomicrobiae_Verrucomicrobiales_Rubritaleaceae_Roseibacillus,PelagicLayer=Epipelagic,NH4=Unknown,Si=high}","{Classification=Undetermined}",0.00102161100196464,0.8125,0.0012573673870334,5.04837036132812,13,4.47497053045187,2.40348850549189e-08,0.134994696277812,-0.0110294117647058,"Bacteria_Verrucomicrobiota_Verrucomicrobiae_Verrucomicrobiales_Rubritaleaceae_Roseibacillus",4
"quartile","Equal frequency (4 bins)",0.002,"improvement","{taxon=Bacteria_Proteobacteria_Alphaproteobacteria_Rhodobacterales_Rhodobacteraceae_Planktomarina,WaterMass=AW}","{Classification=Undetermined}",0.00267190569744597,0.80952380952381,0.00330058939096267,5.02987816220238,34,4.40504911591356,2.992456009908e-26,0.153523332617092,0.80952380952381,"Bacteria_Proteobacteria_Alphaproteobacteria_Rhodobacterales_Rhodobacteraceae_Planktomarina",2
"quartile","Equal frequency (4 bins)",0.002,"improvement","{taxon=Bacteria_Proteobacteria_Alphaproteobacteria_SAR11 clade_Clade III_}","{Classification=Rare}",0.00675834970530452,1,0.00675834970530452,1.26077479441197,86,Inf,0.027854308047149,NA,1,"Bacteria_Proteobacteria_Alphaproteobacteria_SAR11 clade_Clade III_",1
"quartile","Equal frequency (4 bins)",0.002,"improvement","{taxon=Bacteria_Proteobacteria_Alphaproteobacteria_SAR11 clade_Clade IV_}","{Classification=Rare}",0.00762278978388998,0.989795918367347,0.00770137524557957,1.2479097454894,97,20.2700196463654,0.0193868724809651,0.0323100320333551,0.989795918367347,"Bacteria_Proteobacteria_Alphaproteobacteria_SAR11 clade_Clade IV_",1
"quartile","Equal frequency (4 bins)",0.002,"improvement","{taxon=Bacteria_Proteobacteria_Gammaproteobacteria_Pseudomonadales_KI89A clade_}","{Classification=Rare}",0.00738703339882122,1,0.00738703339882122,1.26077479441197,94,Inf,0.0092753302077528,NA,1,"Bacteria_Proteobacteria_Gammaproteobacteria_Pseudomonadales_KI89A clade_",1
"quartile","Equal frequency (4 bins)",0.002,"mutual_information","{taxon=Bacteria_Proteobacteria_Alphaproteobacteria_Rhodobacterales_Rhodobacteraceae_Planktomarina,WaterMass=AW}","{Classification=Undetermined}",0.00267190569744597,0.80952380952381,0.00330058939096267,5.02987816220238,34,4.40504911591356,2.992456009908e-26,0.153523332617092,0.80952380952381,"Bacteria_Proteobacteria_Alphaproteobacteria_Rhodobacterales_Rhodobacteraceae_Planktomarina",2
"quartile","Equal frequency (4 bins)",0.002,"mutual_information","{taxon=Bacteria_Proteobacteria_Alphaproteobacteria_SAR11 clade_Clade III_}","{Classification=Rare}",0.00675834970530452,1,0.00675834970530452,1.26077479441197,86,Inf,0.027854308047149,NA,1,"Bacteria_Proteobacteria_Alphaproteobacteria_SAR11 clade_Clade III_",1
"quartile","Equal frequency (4 bins)",0.002,"mutual_information","{taxon=Bacteria_Proteobacteria_Alphaproteobacteria_SAR11 clade_Clade IV_}","{Classification=Rare}",0.00762278978388998,0.989795918367347,0.00770137524557957,1.2479097454894,97,20.2700196463654,0.0193868724809651,0.0323100320333551,0.989795918367347,"Bacteria_Proteobacteria_Alphaproteobacteria_SAR11 clade_Clade IV_",1
"quartile","Equal frequency (4 bins)",0.002,"mutual_information","{taxon=Bacteria_Proteobacteria_Gammaproteobacteria_Pseudomonadales_KI89A clade_}","{Classification=Rare}",0.00738703339882122,1,0.00738703339882122,1.26077479441197,94,Inf,0.0092753302077528,NA,1,"Bacteria_Proteobacteria_Gammaproteobacteria_Pseudomonadales_KI89A clade_",1
"quartile","Equal frequency (4 bins)",0.002,"complexity","{taxon=Bacteria_Proteobacteria_Alphaproteobacteria_Rhodobacterales_Rhodobacteraceae_Planktomarina,WaterMass=AW}","{Classification=Undetermined}",0.00267190569744597,0.80952380952381,0.00330058939096267,5.02987816220238,34,4.40504911591356,2.992456009908e-26,0.153523332617092,0.80952380952381,"Bacteria_Proteobacteria_Alphaproteobacteria_Rhodobacterales_Rhodobacteraceae_Planktomarina",2
"quartile","Equal frequency (4 bins)",0.002,"complexity","{taxon=Bacteria_Proteobacteria_Alphaproteobacteria_SAR11 clade_Clade III_}","{Classification=Rare}",0.00675834970530452,1,0.00675834970530452,1.26077479441197,86,Inf,0.027854308047149,NA,1,"Bacteria_Proteobacteria_Alphaproteobacteria_SAR11 clade_Clade III_",1
"quartile","Equal frequency (4 bins)",0.002,"complexity","{taxon=Bacteria_Proteobacteria_Alphaproteobacteria_SAR11 clade_Clade IV_}","{Classification=Rare}",0.00762278978388998,0.989795918367347,0.00770137524557957,1.2479097454894,97,20.2700196463654,0.0193868724809651,0.0323100320333551,0.989795918367347,"Bacteria_Proteobacteria_Alphaproteobacteria_SAR11 clade_Clade IV_",1
"quartile","Equal frequency (4 bins)",0.002,"complexity","{taxon=Bacteria_Proteobacteria_Gammaproteobacteria_Pseudomonadales_KI89A clade_}","{Classification=Rare}",0.00738703339882122,1,0.00738703339882122,1.26077479441197,94,Inf,0.0092753302077528,NA,1,"Bacteria_Proteobacteria_Gammaproteobacteria_Pseudomonadales_KI89A clade_",1
"quartile","Equal frequency (4 bins)",0.005,"improvement","{taxon=Bacteria_Proteobacteria_Alphaproteobacteria_SAR11 clade_Clade III_}","{Classification=Rare}",0.00675834970530452,1,0.00675834970530452,1.26077479441197,86,Inf,0.0247307054144816,NA,1,"Bacteria_Proteobacteria_Alphaproteobacteria_SAR11 clade_Clade III_",1
"quartile","Equal frequency (4 bins)",0.005,"improvement","{taxon=Bacteria_Proteobacteria_Alphaproteobacteria_SAR11 clade_Clade IV_}","{Classification=Rare}",0.00762278978388998,0.989795918367347,0.00770137524557957,1.2479097454894,97,20.2700196463654,0.0172128143130787,0.0323100320333551,0.989795918367347,"Bacteria_Proteobacteria_Alphaproteobacteria_SAR11 clade_Clade IV_",1
"quartile","Equal frequency (4 bins)",0.005,"improvement","{taxon=Bacteria_Proteobacteria_Gammaproteobacteria_Pseudomonadales_KI89A clade_}","{Classification=Rare}",0.00738703339882122,1,0.00738703339882122,1.26077479441197,94,Inf,0.00823518784245858,NA,1,"Bacteria_Proteobacteria_Gammaproteobacteria_Pseudomonadales_KI89A clade_",1
"quartile","Equal frequency (4 bins)",0.005,"mutual_information","{taxon=Bacteria_Proteobacteria_Alphaproteobacteria_SAR11 clade_Clade III_}","{Classification=Rare}",0.00675834970530452,1,0.00675834970530452,1.26077479441197,86,Inf,0.0247307054144816,NA,1,"Bacteria_Proteobacteria_Alphaproteobacteria_SAR11 clade_Clade III_",1
"quartile","Equal frequency (4 bins)",0.005,"mutual_information","{taxon=Bacteria_Proteobacteria_Alphaproteobacteria_SAR11 clade_Clade IV_}","{Classification=Rare}",0.00762278978388998,0.989795918367347,0.00770137524557957,1.2479097454894,97,20.2700196463654,0.0172128143130787,0.0323100320333551,0.989795918367347,"Bacteria_Proteobacteria_Alphaproteobacteria_SAR11 clade_Clade IV_",1
"quartile","Equal frequency (4 bins)",0.005,"mutual_information","{taxon=Bacteria_Proteobacteria_Gammaproteobacteria_Pseudomonadales_KI89A clade_}","{Classification=Rare}",0.00738703339882122,1,0.00738703339882122,1.26077479441197,94,Inf,0.00823518784245858,NA,1,"Bacteria_Proteobacteria_Gammaproteobacteria_Pseudomonadales_KI89A clade_",1
"quartile","Equal frequency (4 bins)",0.005,"complexity","{taxon=Bacteria_Proteobacteria_Alphaproteobacteria_SAR11 clade_Clade III_}","{Classification=Rare}",0.00675834970530452,1,0.00675834970530452,1.26077479441197,86,Inf,0.0247307054144816,NA,1,"Bacteria_Proteobacteria_Alphaproteobacteria_SAR11 clade_Clade III_",1
"quartile","Equal frequency (4 bins)",0.005,"complexity","{taxon=Bacteria_Proteobacteria_Alphaproteobacteria_SAR11 clade_Clade IV_}","{Classification=Rare}",0.00762278978388998,0.989795918367347,0.00770137524557957,1.2479097454894,97,20.2700196463654,0.0172128143130787,0.0323100320333551,0.989795918367347,"Bacteria_Proteobacteria_Alphaproteobacteria_SAR11 clade_Clade IV_",1
"quartile","Equal frequency (4 bins)",0.005,"complexity","{taxon=Bacteria_Proteobacteria_Gammaproteobacteria_Pseudomonadales_KI89A clade_}","{Classification=Rare}",0.00738703339882122,1,0.00738703339882122,1.26077479441197,94,Inf,0.00823518784245858,NA,1,"Bacteria_Proteobacteria_Gammaproteobacteria_Pseudomonadales_KI89A clade_",1
"tertile","Equal frequency (3 bins)",5e-04,"improvement","{taxon=Archaea_Crenarchaeota_Nitrososphaeria_Nitrosopumilales_Nitrosopumilaceae_,WaterMass=WCW}","{Classification=Abundant}",0.000550098231827112,1,0.000550098231827112,21.7893835616438,7,Inf,1.06565397737098e-28,NA,1,"Archaea_Crenarchaeota_Nitrososphaeria_Nitrosopumilales_Nitrosopumilaceae_",2
"tertile","Equal frequency (3 bins)",5e-04,"improvement","{taxon=Archaea_Crenarchaeota_Nitrososphaeria_Nitrosopumilales_Nitrosopumilaceae_Candidatus Nitrosopumilus,Temperature=low,Salinity=high}","{Classification=Abundant}",0.000864440078585462,0.846153846153846,0.00102161100196464,18.4371707060063,11,6.20168958742633,1.81679816167303e-38,0.278065129136763,0.846153846153846,"Archaea_Crenarchaeota_Nitrososphaeria_Nitrosopumilales_Nitrosopumilaceae_Candidatus Nitrosopumilus",3
"tertile","Equal frequency (3 bins)",5e-04,"improvement","{taxon=Archaea_Thermoplasmatota_Thermoplasmata_Marine Group II,NH4=Unknown,Si=high,Temperature=medium}","{Classification=Undetermined}",0.000550098231827112,0.875,0.000628683693516699,5.43670654296875,7,6.7124557956778,0.00258971690465338,0.148684177283119,0.875,"Archaea_Thermoplasmatota_Thermoplasmata_Marine Group II",4
"tertile","Equal frequency (3 bins)",5e-04,"improvement","{taxon=Bacteria_Actinobacteriota_Acidimicrobiia_Microtrichales_Microtrichaceae_Sva0996 marine group,PelagicLayer=Bathypelagic}","{Classification=Undetermined}",0.000550098231827112,0.875,0.000628683693516699,5.43670654296875,7,6.7124557956778,0.00258971690465338,0.148684177283119,0.875,"Bacteria_Actinobacteriota_Acidimicrobiia_Microtrichales_Microtrichaceae_Sva0996 marine group",2
"tertile","Equal frequency (3 bins)",5e-04,"improvement","{taxon=Bacteria_Bacteroidota_Bacteroidia_Flavobacteriales_Crocinitomicaceae_Fluviicola,PO4=low,WaterMass=AW}","{Classification=Undetermined}",0.000707269155206287,1,0.000707269155206287,6.21337890625,9,Inf,4.89268351254779e-07,NA,1,"Bacteria_Bacteroidota_Bacteroidia_Flavobacteriales_Crocinitomicaceae_Fluviicola",3
"tertile","Equal frequency (3 bins)",5e-04,"improvement","{taxon=Bacteria_Bacteroidota_Bacteroidia_Flavobacteriales_Cryomorphaceae_,Temperature=low,Salinity=very high}","{Classification=Undetermined}",0.000550098231827112,1,0.000550098231827112,6.21337890625,7,Inf,0.000102040953630485,NA,1,"Bacteria_Bacteroidota_Bacteroidia_Flavobacteriales_Cryomorphaceae_",3
"tertile","Equal frequency (3 bins)",5e-04,"improvement","{taxon=Bacteria_Bacteroidota_Bacteroidia_Flavobacteriales_Flavobacteriaceae_,Chl=high,Salinity=high}","{Classification=Abundant}",0.000550098231827112,1,0.000550098231827112,21.7893835616438,7,Inf,1.06565397737098e-28,NA,1,"Bacteria_Bacteroidota_Bacteroidia_Flavobacteriales_Flavobacteriaceae_",3
"tertile","Equal frequency (3 bins)",5e-04,"improvement","{taxon=Bacteria_Bacteroidota_Bacteroidia_Flavobacteriales_Flavobacteriaceae_Aurantivirga,Chl=Unknown,Salinity=low}","{Classification=Abundant}",0.000550098231827112,1,0.000550098231827112,21.7893835616438,7,Inf,1.06565397737098e-28,NA,1,"Bacteria_Bacteroidota_Bacteroidia_Flavobacteriales_Flavobacteriaceae_Aurantivirga",3
"tertile","Equal frequency (3 bins)",5e-04,"improvement","{taxon=Bacteria_Bacteroidota_Bacteroidia_Flavobacteriales_Flavobacteriaceae_Formosa,PO4=low,NO2=low,NH4=Unknown}","{Classification=Abundant}",0.000628683693516699,0.888888888888889,0.000707269155206287,19.3683409436834,8,8.58695481335953,8.03564523015587e-29,0.290922176781766,0.888888888888889,"Bacteria_Bacteroidota_Bacteroidia_Flavobacteriales_Flavobacteriaceae_Formosa",4
"tertile","Equal frequency (3 bins)",5e-04,"improvement","{taxon=Bacteria_Bacteroidota_Bacteroidia_Flavobacteriales_Flavobacteriaceae_NS4 marine group,Temperature=low,Salinity=low}","{Classification=Undetermined}",0.000785854616895874,0.909090909090909,0.000864440078585462,5.64852627840909,10,9.22962671905697,9.59965801469093e-07,0.170588941116608,0.909090909090909,"Bacteria_Bacteroidota_Bacteroidia_Flavobacteriales_Flavobacteriaceae_NS4 marine group",3
"tertile","Equal frequency (3 bins)",5e-04,"improvement","{taxon=Bacteria_Bacteroidota_Bacteroidia_Flavobacteriales_Flavobacteriaceae_NS5 marine group,NH4=Unknown,Temperature=medium,Salinity=very low}","{Classification=Abundant}",0.000864440078585462,0.916666666666667,0.000943025540275049,19.9736015981735,11,11.4492730844794,2.5340566142716e-42,0.32010464322209,0.916666666666667,"Bacteria_Bacteroidota_Bacteroidia_Flavobacteriales_Flavobacteriaceae_NS5 marine group",4
"tertile","Equal frequency (3 bins)",5e-04,"improvement","{taxon=Bacteria_Bacteroidota_Bacteroidia_Flavobacteriales_Flavobacteriaceae_Polaribacter,Chl=Unknown,WaterMass=AW}","{Classification=Undetermined}",0.000550098231827112,0.875,0.000628683693516699,5.43670654296875,7,6.7124557956778,0.00258971690465338,0.148684177283119,0.875,"Bacteria_Bacteroidota_Bacteroidia_Flavobacteriales_Flavobacteriaceae_Polaribacter",3
"tertile","Equal frequency (3 bins)",5e-04,"improvement","{taxon=Bacteria_Bacteroidota_Bacteroidia_Flavobacteriales_Flavobacteriaceae_Ulvibacter,NO2=Undetected,Si=low}","{Classification=Undetermined}",0.000785854616895874,0.909090909090909,0.000864440078585462,5.64852627840909,10,9.22962671905697,9.59965801469093e-07,0.170588941116608,0.909090909090909,"Bacteria_Bacteroidota_Bacteroidia_Flavobacteriales_Flavobacteriaceae_Ulvibacter",3
"tertile","Equal frequency (3 bins)",5e-04,"improvement","{taxon=Bacteria_Bacteroidota_Bacteroidia_Flavobacteriales_NS9 marine group_,Chl=low,Salinity=low}","{Classification=Undetermined}",0.000628683693516699,1,0.000628683693516699,6.21337890625,8,Inf,7.04175601950877e-06,NA,1,"Bacteria_Bacteroidota_Bacteroidia_Flavobacteriales_NS9 marine group_",3
"tertile","Equal frequency (3 bins)",5e-04,"improvement","{taxon=Bacteria_Chloroflexi_Dehalococcoidia_SAR202 clade,WaterMass=WCW}","{Classification=Undetermined}",0.000550098231827112,1,0.000550098231827112,6.21337890625,7,Inf,0.000102040953630485,NA,1,"Bacteria_Chloroflexi_Dehalococcoidia_SAR202 clade",2
"tertile","Equal frequency (3 bins)",5e-04,"improvement","{taxon=Bacteria_Marinimicrobia (SAR406 clade)__,WaterMass=WCW}","{Classification=Abundant}",0.000550098231827112,1,0.000550098231827112,21.7893835616438,7,Inf,1.06565397737098e-28,NA,1,"Bacteria_Marinimicrobia (SAR406 clade)__",2
"tertile","Equal frequency (3 bins)",5e-04,"improvement","{taxon=Bacteria_Nitrospinota_Nitrospinia_Nitrospinales_Nitrospinaceae_LS-NOB,WaterMass=WCW}","{Classification=Undetermined}",0.000550098231827112,1,0.000550098231827112,6.21337890625,7,Inf,0.000102040953630485,NA,1,"Bacteria_Nitrospinota_Nitrospinia_Nitrospinales_Nitrospinaceae_LS-NOB",2
"tertile","Equal frequency (3 bins)",5e-04,"improvement","{taxon=Bacteria_Planctomycetota_OM190_,WaterMass=WCW}","{Classification=Undetermined}",0.000550098231827112,1,0.000550098231827112,6.21337890625,7,Inf,0.000102040953630485,NA,1,"Bacteria_Planctomycetota_OM190_",2
"tertile","Equal frequency (3 bins)",5e-04,"improvement","{taxon=Bacteria_Planctomycetota_Phycisphaerae_Phycisphaerales_Phycisphaeraceae_JL-ETNP-F27,WaterMass=WCW}","{Classification=Undetermined}",0.000550098231827112,1,0.000550098231827112,6.21337890625,7,Inf,0.000102040953630485,NA,1,"Bacteria_Planctomycetota_Phycisphaerae_Phycisphaerales_Phycisphaeraceae_JL-ETNP-F27",2
"tertile","Equal frequency (3 bins)",5e-04,"improvement","{taxon=Bacteria_Planctomycetota_Planctomycetes_Pirellulales_Pirellulaceae_Rhodopirellula,PelagicLayer=Bathypelagic}","{Classification=Undetermined}",0.000550098231827112,0.875,0.000628683693516699,5.43670654296875,7,6.7124557956778,0.00258971690465338,0.148684177283119,0.875,"Bacteria_Planctomycetota_Planctomycetes_Pirellulales_Pirellulaceae_Rhodopirellula",2
"tertile","Equal frequency (3 bins)",5e-04,"improvement","{taxon=Bacteria_Proteobacteria_Alphaproteobacteria_Defluviicoccales,PelagicLayer=Bathypelagic}","{Classification=Undetermined}",0.000550098231827112,0.875,0.000628683693516699,5.43670654296875,7,6.7124557956778,0.00258971690465338,0.148684177283119,0.875,"Bacteria_Proteobacteria_Alphaproteobacteria_Defluviicoccales",2
"tertile","Equal frequency (3 bins)",5e-04,"improvement","{taxon=Bacteria_Proteobacteria_Alphaproteobacteria_Puniceispirillales_SAR116 clade_,PO4=medium,Temperature=medium,Salinity=very low}","{Classification=Undetermined}",0.000628683693516699,0.888888888888889,0.000707269155206287,5.52300347222222,8,7.55151277013752,0.000186239423829975,0.156994520255533,0.888888888888889,"Bacteria_Proteobacteria_Alphaproteobacteria_Puniceispirillales_SAR116 clade_",4
"tertile","Equal frequency (3 bins)",5e-04,"improvement","{taxon=Bacteria_Proteobacteria_Alphaproteobacteria_Rhodobacterales_Rhodobacteraceae_Ascidiaceihabitans,NO2=high,Temperature=medium}","{Classification=Undetermined}",0.000707269155206287,0.9,0.000785854616895874,5.592041015625,9,8.39056974459725,1.33751556530503e-05,0.164216296707775,0.9,"Bacteria_Proteobacteria_Alphaproteobacteria_Rhodobacterales_Rhodobacteraceae_Ascidiaceihabitans",3
"tertile","Equal frequency (3 bins)",5e-04,"improvement","{taxon=Bacteria_Proteobacteria_Alphaproteobacteria_Rhodobacterales_Rhodobacteraceae_Planktomarina,Chl=Unknown,Temperature=medium}","{Classification=Undetermined}",0.000550098231827112,1,0.000550098231827112,6.21337890625,7,Inf,0.000102040953630485,NA,1,"Bacteria_Proteobacteria_Alphaproteobacteria_Rhodobacterales_Rhodobacteraceae_Planktomarina",3
"tertile","Equal frequency (3 bins)",5e-04,"improvement","{taxon=Bacteria_Proteobacteria_Alphaproteobacteria_Rhodobacterales_Rhodobacteraceae_Sulfitobacter,Temperature=high,WaterMass=IW}","{Classification=Undetermined}",0.000550098231827112,1,0.000550098231827112,6.21337890625,7,Inf,0.000102040953630485,NA,1,"Bacteria_Proteobacteria_Alphaproteobacteria_Rhodobacterales_Rhodobacteraceae_Sulfitobacter",3
"tertile","Equal frequency (3 bins)",5e-04,"improvement","{taxon=Bacteria_Proteobacteria_Alphaproteobacteria_Rhodospirillales_Magnetospiraceae_Magnetospira,PO4=medium,NH4=Unknown,Chl=low}","{Classification=Undetermined}",0.000785854616895874,0.833333333333333,0.000943025540275049,5.17781575520833,10,5.03434184675835,1.532605743723e-05,0.138404250774799,0.833333333333333,"Bacteria_Proteobacteria_Alphaproteobacteria_Rhodospirillales_Magnetospiraceae_Magnetospira",4
"tertile","Equal frequency (3 bins)",5e-04,"improvement","{taxon=Bacteria_Proteobacteria_Alphaproteobacteria_Rickettsiales_Mitochondria_,NO2=Undetected,Chl=high}","{Classification=Undetermined}",0.000550098231827112,0.875,0.000628683693516699,5.43670654296875,7,6.7124557956778,0.00258971690465338,0.148684177283119,0.875,"Bacteria_Proteobacteria_Alphaproteobacteria_Rickettsiales_Mitochondria_",3
"tertile","Equal frequency (3 bins)",5e-04,"improvement","{taxon=Bacteria_Proteobacteria_Alphaproteobacteria_SAR11 clade_Clade I_Clade Ia,NH4=high}","{Classification=Abundant}",0.00117878192534381,0.9375,0.0012573673870334,20.4275470890411,15,15.2656974459725,2.19108998229386e-60,0.347676412699022,0.9375,"Bacteria_Proteobacteria_Alphaproteobacteria_SAR11 clade_Clade I_Clade Ia",2
"tertile","Equal frequency (3 bins)",5e-04,"improvement","{taxon=Bacteria_Proteobacteria_Alphaproteobacteria_SAR11 clade_Clade I_Clade Ib,WaterMass=WCW}","{Classification=Undetermined}",0.000550098231827112,1,0.000550098231827112,6.21337890625,7,Inf,0.000102040953630485,NA,1,"Bacteria_Proteobacteria_Alphaproteobacteria_SAR11 clade_Clade I_Clade Ib",2
"tertile","Equal frequency (3 bins)",5e-04,"improvement","{taxon=Bacteria_Proteobacteria_Alphaproteobacteria_SAR11 clade_Clade II_,PelagicLayer=Bathypelagic}","{Classification=Undetermined}",0.000550098231827112,0.875,0.000628683693516699,5.43670654296875,7,6.7124557956778,0.00258971690465338,0.148684177283119,0.875,"Bacteria_Proteobacteria_Alphaproteobacteria_SAR11 clade_Clade II_",2
"tertile","Equal frequency (3 bins)",5e-04,"improvement","{taxon=Bacteria_Proteobacteria_Gammaproteobacteria_Burkholderiales_Methylophilaceae_OM43 clade,NO2=high,NH4=high}","{Classification=Undetermined}",0.000550098231827112,1,0.000550098231827112,6.21337890625,7,Inf,0.000102040953630485,NA,1,"Bacteria_Proteobacteria_Gammaproteobacteria_Burkholderiales_Methylophilaceae_OM43 clade",3
"tertile","Equal frequency (3 bins)",5e-04,"improvement","{taxon=Bacteria_Proteobacteria_Gammaproteobacteria_Burkholderiales_Nitrosomonadaceae_Nitrosomonas,NO2=high,Si=high,Temperature=low}","{Classification=Undetermined}",0.00102161100196464,0.928571428571429,0.00110019646365422,5.76956612723214,13,11.7467976424361,3.54775426112784e-10,0.186111186261745,0.928571428571429,"Bacteria_Proteobacteria_Gammaproteobacteria_Burkholderiales_Nitrosomonadaceae_Nitrosomonas",4
"tertile","Equal frequency (3 bins)",5e-04,"improvement","{taxon=Bacteria_Proteobacteria_Gammaproteobacteria_HOC36,WaterMass=WCW}","{Classification=Undetermined}",0.000550098231827112,1,0.000550098231827112,6.21337890625,7,Inf,0.000102040953630485,NA,1,"Bacteria_Proteobacteria_Gammaproteobacteria_HOC36",2
"tertile","Equal frequency (3 bins)",5e-04,"improvement","{taxon=Bacteria_Proteobacteria_Gammaproteobacteria_Pseudomonadales_Halieaceae_OM60(NOR5) clade,PO4=high,NH4=high}","{Classification=Undetermined}",0.000550098231827112,1,0.000550098231827112,6.21337890625,7,Inf,0.000102040953630485,NA,1,"Bacteria_Proteobacteria_Gammaproteobacteria_Pseudomonadales_Halieaceae_OM60(NOR5) clade",3
"tertile","Equal frequency (3 bins)",5e-04,"improvement","{taxon=Bacteria_Proteobacteria_Gammaproteobacteria_Pseudomonadales_KI89A clade_}","{Classification=Rare}",0.00738703339882122,1,0.00738703339882122,1.26077479441197,94,Inf,0.0451995241398868,NA,1,"Bacteria_Proteobacteria_Gammaproteobacteria_Pseudomonadales_KI89A clade_",1
"tertile","Equal frequency (3 bins)",5e-04,"improvement","{taxon=Bacteria_Proteobacteria_Gammaproteobacteria_Pseudomonadales_Nitrincolaceae_,PO4=medium,Temperature=medium,Salinity=very low}","{Classification=Abundant}",0.000628683693516699,0.888888888888889,0.000707269155206287,19.3683409436834,8,8.58695481335953,8.03564523015587e-29,0.290922176781766,0.888888888888889,"Bacteria_Proteobacteria_Gammaproteobacteria_Pseudomonadales_Nitrincolaceae_",4
"tertile","Equal frequency (3 bins)",5e-04,"improvement","{taxon=Bacteria_Proteobacteria_Gammaproteobacteria_Pseudomonadales_OM182 clade_,NO2=high,Salinity=low}","{Classification=Undetermined}",0.000550098231827112,0.875,0.000628683693516699,5.43670654296875,7,6.7124557956778,0.00258971690465338,0.148684177283119,0.875,"Bacteria_Proteobacteria_Gammaproteobacteria_Pseudomonadales_OM182 clade_",3
"tertile","Equal frequency (3 bins)",5e-04,"improvement","{taxon=Bacteria_Proteobacteria_Gammaproteobacteria_Pseudomonadales_Porticoccaceae_SAR92 clade,Chl=Unknown,Temperature=medium}","{Classification=Undetermined}",0.000550098231827112,1,0.000550098231827112,6.21337890625,7,Inf,0.000102040953630485,NA,1,"Bacteria_Proteobacteria_Gammaproteobacteria_Pseudomonadales_Porticoccaceae_SAR92 clade",3
"tertile","Equal frequency (3 bins)",5e-04,"improvement","{taxon=Bacteria_Proteobacteria_Gammaproteobacteria_Pseudomonadales_Pseudohongiellaceae_Pseudohongiella,WaterMass=WCW}","{Classification=Undetermined}",0.000550098231827112,1,0.000550098231827112,6.21337890625,7,Inf,0.000102040953630485,NA,1,"Bacteria_Proteobacteria_Gammaproteobacteria_Pseudomonadales_Pseudohongiellaceae_Pseudohongiella",2
"tertile","Equal frequency (3 bins)",5e-04,"improvement","{taxon=Bacteria_Proteobacteria_Gammaproteobacteria_Pseudomonadales_SAR86 clade_,PO4=high,NH4=high}","{Classification=Undetermined}",0.000550098231827112,1,0.000550098231827112,6.21337890625,7,Inf,0.000102040953630485,NA,1,"Bacteria_Proteobacteria_Gammaproteobacteria_Pseudomonadales_SAR86 clade_",3
"tertile","Equal frequency (3 bins)",5e-04,"improvement","{taxon=Bacteria_Proteobacteria_Gammaproteobacteria_Pseudomonadales_Thioglobaceae_SUP05 cluster,PelagicLayer=Epipelagic,NH4=high}","{Classification=Undetermined}",0.000628683693516699,0.8,0.000785854616895874,4.970703125,8,4.19528487229862,0.00253527170875846,0.122386441352253,0.8,"Bacteria_Proteobacteria_Gammaproteobacteria_Pseudomonadales_Thioglobaceae_SUP05 cluster",3
"tertile","Equal frequency (3 bins)",5e-04,"improvement","{taxon=Bacteria_SAR324 clade(Marine group B)__,WaterMass=WCW}","{Classification=Abundant}",0.000550098231827112,1,0.000550098231827112,21.7893835616438,7,Inf,1.06565397737098e-28,NA,1,"Bacteria_SAR324 clade(Marine group B)__",2
"tertile","Equal frequency (3 bins)",5e-04,"improvement","{taxon=Bacteria_Verrucomicrobiota_Verrucomicrobiae_Arctic97B-4 marine group,WaterMass=WCW}","{Classification=Undetermined}",0.000550098231827112,1,0.000550098231827112,6.21337890625,7,Inf,0.000102040953630485,NA,1,"Bacteria_Verrucomicrobiota_Verrucomicrobiae_Arctic97B-4 marine group",2
"tertile","Equal frequency (3 bins)",5e-04,"improvement","{taxon=Bacteria_Verrucomicrobiota_Verrucomicrobiae_Verrucomicrobiales_Rubritaleaceae_Roseibacillus,NO2=high,NH4=Unknown}","{Classification=Undetermined}",0.0012573673870334,0.888888888888889,0.00141453831041257,5.52300347222222,16,7.55151277013752,2.75307707091955e-12,0.171580041939276,0.888888888888889,"Bacteria_Verrucomicrobiota_Verrucomicrobiae_Verrucomicrobiales_Rubritaleaceae_Roseibacillus",3
"tertile","Equal frequency (3 bins)",5e-04,"mutual_information","{taxon=Archaea_Crenarchaeota_Nitrososphaeria_Nitrosopumilales_Nitrosopumilaceae_,PelagicLayer=Bathypelagic}","{Classification=Abundant}",0.000550098231827112,0.875,0.000628683693516699,19.0657106164384,7,7.63284872298625,2.44418864668698e-24,0.278359232907748,0.875,"Archaea_Crenarchaeota_Nitrososphaeria_Nitrosopumilales_Nitrosopumilaceae_",2
"tertile","Equal frequency (3 bins)",5e-04,"mutual_information","{taxon=Archaea_Crenarchaeota_Nitrososphaeria_Nitrosopumilales_Nitrosopumilaceae_Candidatus Nitrosopumilus,Temperature=low,Salinity=high}","{Classification=Abundant}",0.000864440078585462,0.846153846153846,0.00102161100196464,18.4371707060063,11,6.20168958742633,1.81679816167303e-38,0.278065129136763,0.846153846153846,"Archaea_Crenarchaeota_Nitrososphaeria_Nitrosopumilales_Nitrosopumilaceae_Candidatus Nitrosopumilus",3
"tertile","Equal frequency (3 bins)",5e-04,"mutual_information","{taxon=Archaea_Thermoplasmatota_Thermoplasmata_Marine Group II,NH4=Unknown,Si=high,Temperature=medium}","{Classification=Undetermined}",0.000550098231827112,0.875,0.000628683693516699,5.43670654296875,7,6.7124557956778,0.00258971690465338,0.148684177283119,0.875,"Archaea_Thermoplasmatota_Thermoplasmata_Marine Group II",4
"tertile","Equal frequency (3 bins)",5e-04,"mutual_information","{taxon=Bacteria_Actinobacteriota_Acidimicrobiia_Microtrichales_Microtrichaceae_Sva0996 marine group,PelagicLayer=Bathypelagic}","{Classification=Undetermined}",0.000550098231827112,0.875,0.000628683693516699,5.43670654296875,7,6.7124557956778,0.00258971690465338,0.148684177283119,0.875,"Bacteria_Actinobacteriota_Acidimicrobiia_Microtrichales_Microtrichaceae_Sva0996 marine group",2
"tertile","Equal frequency (3 bins)",5e-04,"mutual_information","{taxon=Bacteria_Bacteroidota_Bacteroidia_Flavobacteriales_Crocinitomicaceae_Fluviicola,PelagicLayer=Epipelagic,PO4=medium,Salinity=low}","{Classification=Undetermined}",0.000628683693516699,0.888888888888889,0.000707269155206287,5.52300347222222,8,7.55151277013752,0.000186239423829975,0.156994520255533,0.0888888888888888,"Bacteria_Bacteroidota_Bacteroidia_Flavobacteriales_Crocinitomicaceae_Fluviicola",4
"tertile","Equal frequency (3 bins)",5e-04,"mutual_information","{taxon=Bacteria_Bacteroidota_Bacteroidia_Flavobacteriales_Cryomorphaceae_,PelagicLayer=Mesopelagic,Salinity=very high}","{Classification=Undetermined}",0.000943025540275049,0.923076923076923,0.00102161100196464,5.73542668269231,12,10.9077406679764,4.94315502101984e-09,0.181425937145076,0.0897435897435898,"Bacteria_Bacteroidota_Bacteroidia_Flavobacteriales_Cryomorphaceae_",3
"tertile","Equal frequency (3 bins)",5e-04,"mutual_information","{taxon=Bacteria_Bacteroidota_Bacteroidia_Flavobacteriales_Flavobacteriaceae_,NH4=Unknown,Chl=low,WaterMass=SW}","{Classification=Abundant}",0.000943025540275049,0.923076923076923,0.00102161100196464,20.1132771338251,12,12.4033791748527,7.81109940113857e-47,0.327910357799721,0.065934065934066,"Bacteria_Bacteroidota_Bacteroidia_Flavobacteriales_Flavobacteriaceae_",4
"tertile","Equal frequency (3 bins)",5e-04,"mutual_information","{taxon=Bacteria_Bacteroidota_Bacteroidia_Flavobacteriales_Flavobacteriaceae_Aurantivirga,NH4=Unknown,WaterMass=TAW}","{Classification=Abundant}",0.000628683693516699,0.888888888888889,0.000707269155206287,19.3683409436834,8,8.58695481335953,8.03564523015587e-29,0.290922176781766,0.888888888888889,"Bacteria_Bacteroidota_Bacteroidia_Flavobacteriales_Flavobacteriaceae_Aurantivirga",3
"tertile","Equal frequency (3 bins)",5e-04,"mutual_information","{taxon=Bacteria_Bacteroidota_Bacteroidia_Flavobacteriales_Flavobacteriaceae_Formosa,PO4=low,NO2=low,NH4=Unknown}","{Classification=Abundant}",0.000628683693516699,0.888888888888889,0.000707269155206287,19.3683409436834,8,8.58695481335953,8.03564523015587e-29,0.290922176781766,0.888888888888889,"Bacteria_Bacteroidota_Bacteroidia_Flavobacteriales_Flavobacteriaceae_Formosa",4
"tertile","Equal frequency (3 bins)",5e-04,"mutual_information","{taxon=Bacteria_Bacteroidota_Bacteroidia_Flavobacteriales_Flavobacteriaceae_NS4 marine group,PelagicLayer=Epipelagic,NO2=high}","{Classification=Undetermined}",0.000943025540275049,0.923076923076923,0.00102161100196464,5.73542668269231,12,10.9077406679764,4.94315502101984e-09,0.181425937145076,0.110576923076923,"Bacteria_Bacteroidota_Bacteroidia_Flavobacteriales_Flavobacteriaceae_NS4 marine group",3
"tertile","Equal frequency (3 bins)",5e-04,"mutual_information","{taxon=Bacteria_Bacteroidota_Bacteroidia_Flavobacteriales_Flavobacteriaceae_NS5 marine group,NH4=Unknown,Temperature=medium,Salinity=very low}","{Classification=Abundant}",0.000864440078585462,0.916666666666667,0.000943025540275049,19.9736015981735,11,11.4492730844794,2.5340566142716e-42,0.32010464322209,0.916666666666667,"Bacteria_Bacteroidota_Bacteroidia_Flavobacteriales_Flavobacteriaceae_NS5 marine group",4
"tertile","Equal frequency (3 bins)",5e-04,"mutual_information","{taxon=Bacteria_Bacteroidota_Bacteroidia_Flavobacteriales_Flavobacteriaceae_Polaribacter,PO4=medium,NH4=Unknown,Temperature=medium,Salinity=very low}","{Classification=Abundant}",0.000550098231827112,0.875,0.000628683693516699,19.0657106164384,7,7.63284872298625,2.44418864668698e-24,0.278359232907748,0.0416666666666666,"Bacteria_Bacteroidota_Bacteroidia_Flavobacteriales_Flavobacteriaceae_Polaribacter",5
"tertile","Equal frequency (3 bins)",5e-04,"mutual_information","{taxon=Bacteria_Bacteroidota_Bacteroidia_Flavobacteriales_Flavobacteriaceae_Ulvibacter,NH4=Unknown,Chl=high}","{Classification=Undetermined}",0.00110019646365422,0.933333333333333,0.00117878192534381,5.79915364583333,14,12.5858546168959,2.54682901172255e-11,0.190412503406409,0.133333333333333,"Bacteria_Bacteroidota_Bacteroidia_Flavobacteriales_Flavobacteriaceae_Ulvibacter",3
"tertile","Equal frequency (3 bins)",5e-04,"mutual_information","{taxon=Bacteria_Bacteroidota_Bacteroidia_Flavobacteriales_NS9 marine group_,WaterMass=IW}","{Classification=Undetermined}",0.000864440078585462,0.916666666666667,0.000943025540275049,5.69559733072917,11,10.0686836935167,6.88848274439356e-08,0.176283522145113,0.916666666666667,"Bacteria_Bacteroidota_Bacteroidia_Flavobacteriales_NS9 marine group_",2
"tertile","Equal frequency (3 bins)",5e-04,"mutual_information","{taxon=Bacteria_Chloroflexi_Dehalococcoidia_SAR202 clade,WaterMass=WCW}","{Classification=Undetermined}",0.000550098231827112,1,0.000550098231827112,6.21337890625,7,Inf,0.000102040953630485,NA,1,"Bacteria_Chloroflexi_Dehalococcoidia_SAR202 clade",2
"tertile","Equal frequency (3 bins)",5e-04,"mutual_information","{taxon=Bacteria_Marinimicrobia (SAR406 clade)__,WaterMass=WCW}","{Classification=Abundant}",0.000550098231827112,1,0.000550098231827112,21.7893835616438,7,Inf,1.06565397737098e-28,NA,1,"Bacteria_Marinimicrobia (SAR406 clade)__",2
"tertile","Equal frequency (3 bins)",5e-04,"mutual_information","{taxon=Bacteria_Nitrospinota_Nitrospinia_Nitrospinales_Nitrospinaceae_LS-NOB,PO4=high,Si=high,Salinity=high}","{Classification=Undetermined}",0.000785854616895874,0.909090909090909,0.000864440078585462,5.64852627840909,10,9.22962671905697,9.59965801469093e-07,0.170588941116608,0.909090909090909,"Bacteria_Nitrospinota_Nitrospinia_Nitrospinales_Nitrospinaceae_LS-NOB",4
"tertile","Equal frequency (3 bins)",5e-04,"mutual_information","{taxon=Bacteria_Planctomycetota_OM190_,Temperature=low,Salinity=high}","{Classification=Undetermined}",0.000943025540275049,0.923076923076923,0.00102161100196464,5.73542668269231,12,10.9077406679764,4.94315502101984e-09,0.181425937145076,0.923076923076923,"Bacteria_Planctomycetota_OM190_",3
"tertile","Equal frequency (3 bins)",5e-04,"mutual_information","{taxon=Bacteria_Planctomycetota_Phycisphaerae_Phycisphaerales_Phycisphaeraceae_JL-ETNP-F27,WaterMass=WCW}","{Classification=Undetermined}",0.000550098231827112,1,0.000550098231827112,6.21337890625,7,Inf,0.000102040953630485,NA,1,"Bacteria_Planctomycetota_Phycisphaerae_Phycisphaerales_Phycisphaeraceae_JL-ETNP-F27",2
"tertile","Equal frequency (3 bins)",5e-04,"mutual_information","{taxon=Bacteria_Planctomycetota_Planctomycetes_Pirellulales_Pirellulaceae_Rhodopirellula,PelagicLayer=Bathypelagic}","{Classification=Undetermined}",0.000550098231827112,0.875,0.000628683693516699,5.43670654296875,7,6.7124557956778,0.00258971690465338,0.148684177283119,0.875,"Bacteria_Planctomycetota_Planctomycetes_Pirellulales_Pirellulaceae_Rhodopirellula",2
"tertile","Equal frequency (3 bins)",5e-04,"mutual_information","{taxon=Bacteria_Proteobacteria_Alphaproteobacteria_Defluviicoccales,PelagicLayer=Bathypelagic}","{Classification=Undetermined}",0.000550098231827112,0.875,0.000628683693516699,5.43670654296875,7,6.7124557956778,0.00258971690465338,0.148684177283119,0.875,"Bacteria_Proteobacteria_Alphaproteobacteria_Defluviicoccales",2
"tertile","Equal frequency (3 bins)",5e-04,"mutual_information","{taxon=Bacteria_Proteobacteria_Alphaproteobacteria_Puniceispirillales_SAR116 clade_,PO4=medium,Temperature=medium,Salinity=very low}","{Classification=Undetermined}",0.000628683693516699,0.888888888888889,0.000707269155206287,5.52300347222222,8,7.55151277013752,0.000186239423829975,0.156994520255533,0.888888888888889,"Bacteria_Proteobacteria_Alphaproteobacteria_Puniceispirillales_SAR116 clade_",4
"tertile","Equal frequency (3 bins)",5e-04,"mutual_information","{taxon=Bacteria_Proteobacteria_Alphaproteobacteria_Rhodobacterales_Rhodobacteraceae_Ascidiaceihabitans,NO2=high,Temperature=medium}","{Classification=Undetermined}",0.000707269155206287,0.9,0.000785854616895874,5.592041015625,9,8.39056974459725,1.33751556530503e-05,0.164216296707775,0.9,"Bacteria_Proteobacteria_Alphaproteobacteria_Rhodobacterales_Rhodobacteraceae_Ascidiaceihabitans",3
"tertile","Equal frequency (3 bins)",5e-04,"mutual_information","{taxon=Bacteria_Proteobacteria_Alphaproteobacteria_Rhodobacterales_Rhodobacteraceae_Planktomarina,PO4=medium,Temperature=medium,Salinity=very low}","{Classification=Abundant}",0.000628683693516699,0.888888888888889,0.000707269155206287,19.3683409436834,8,8.58695481335953,8.03564523015587e-29,0.290922176781766,0.888888888888889,"Bacteria_Proteobacteria_Alphaproteobacteria_Rhodobacterales_Rhodobacteraceae_Planktomarina",4
"tertile","Equal frequency (3 bins)",5e-04,"mutual_information","{taxon=Bacteria_Proteobacteria_Alphaproteobacteria_Rhodobacterales_Rhodobacteraceae_Sulfitobacter,PO4=medium,Si=medium,Chl=low}","{Classification=Undetermined}",0.000864440078585462,0.916666666666667,0.000943025540275049,5.69559733072917,11,10.0686836935167,6.88848274439356e-08,0.176283522145113,0.0595238095238095,"Bacteria_Proteobacteria_Alphaproteobacteria_Rhodobacterales_Rhodobacteraceae_Sulfitobacter",4
"tertile","Equal frequency (3 bins)",5e-04,"mutual_information","{taxon=Bacteria_Proteobacteria_Alphaproteobacteria_Rhodospirillales_Magnetospiraceae_Magnetospira,PO4=medium,NH4=Unknown,Chl=low}","{Classification=Undetermined}",0.000785854616895874,0.833333333333333,0.000943025540275049,5.17781575520833,10,5.03434184675835,1.532605743723e-05,0.138404250774799,0.833333333333333,"Bacteria_Proteobacteria_Alphaproteobacteria_Rhodospirillales_Magnetospiraceae_Magnetospira",4
"tertile","Equal frequency (3 bins)",5e-04,"mutual_information","{taxon=Bacteria_Proteobacteria_Alphaproteobacteria_Rickettsiales_Mitochondria_,NO2=Undetected,Chl=high}","{Classification=Undetermined}",0.000550098231827112,0.875,0.000628683693516699,5.43670654296875,7,6.7124557956778,0.00258971690465338,0.148684177283119,0.875,"Bacteria_Proteobacteria_Alphaproteobacteria_Rickettsiales_Mitochondria_",3
"tertile","Equal frequency (3 bins)",5e-04,"mutual_information","{taxon=Bacteria_Proteobacteria_Alphaproteobacteria_SAR11 clade_Clade I_Clade Ia,NH4=high}","{Classification=Abundant}",0.00117878192534381,0.9375,0.0012573673870334,20.4275470890411,15,15.2656974459725,2.19108998229386e-60,0.347676412699022,0.9375,"Bacteria_Proteobacteria_Alphaproteobacteria_SAR11 clade_Clade I_Clade Ia",2
"tertile","Equal frequency (3 bins)",5e-04,"mutual_information","{taxon=Bacteria_Proteobacteria_Alphaproteobacteria_SAR11 clade_Clade I_Clade Ib,PelagicLayer=Bathypelagic}","{Classification=Undetermined}",0.000550098231827112,0.875,0.000628683693516699,5.43670654296875,7,6.7124557956778,0.00258971690465338,0.148684177283119,0.875,"Bacteria_Proteobacteria_Alphaproteobacteria_SAR11 clade_Clade I_Clade Ib",2
"tertile","Equal frequency (3 bins)",5e-04,"mutual_information","{taxon=Bacteria_Proteobacteria_Alphaproteobacteria_SAR11 clade_Clade II_,PelagicLayer=Bathypelagic}","{Classification=Undetermined}",0.000550098231827112,0.875,0.000628683693516699,5.43670654296875,7,6.7124557956778,0.00258971690465338,0.148684177283119,0.875,"Bacteria_Proteobacteria_Alphaproteobacteria_SAR11 clade_Clade II_",2
"tertile","Equal frequency (3 bins)",5e-04,"mutual_information","{taxon=Bacteria_Proteobacteria_Gammaproteobacteria_Burkholderiales_Methylophilaceae_OM43 clade,NO2=high,Temperature=medium}","{Classification=Undetermined}",0.000707269155206287,0.9,0.000785854616895874,5.592041015625,9,8.39056974459725,1.33751556530503e-05,0.164216296707775,0.9,"Bacteria_Proteobacteria_Gammaproteobacteria_Burkholderiales_Methylophilaceae_OM43 clade",3
"tertile","Equal frequency (3 bins)",5e-04,"mutual_information","{taxon=Bacteria_Proteobacteria_Gammaproteobacteria_Burkholderiales_Nitrosomonadaceae_Nitrosomonas,PelagicLayer=Mesopelagic,Si=high,Temperature=low}","{Classification=Undetermined}",0.00102161100196464,0.928571428571429,0.00110019646365422,5.76956612723214,13,11.7467976424361,3.54775426112784e-10,0.186111186261745,0.0396825396825398,"Bacteria_Proteobacteria_Gammaproteobacteria_Burkholderiales_Nitrosomonadaceae_Nitrosomonas",4
"tertile","Equal frequency (3 bins)",5e-04,"mutual_information","{taxon=Bacteria_Proteobacteria_Gammaproteobacteria_HOC36,WaterMass=WCW}","{Classification=Undetermined}",0.000550098231827112,1,0.000550098231827112,6.21337890625,7,Inf,0.000102040953630485,NA,1,"Bacteria_Proteobacteria_Gammaproteobacteria_HOC36",2
"tertile","Equal frequency (3 bins)",5e-04,"mutual_information","{taxon=Bacteria_Proteobacteria_Gammaproteobacteria_Pseudomonadales_Halieaceae_OM60(NOR5) clade,NO2=high,Si=high,Salinity=very high}","{Classification=Undetermined}",0.000707269155206287,0.9,0.000785854616895874,5.592041015625,9,8.39056974459725,1.33751556530503e-05,0.164216296707775,0.0818181818181818,"Bacteria_Proteobacteria_Gammaproteobacteria_Pseudomonadales_Halieaceae_OM60(NOR5) clade",4
"tertile","Equal frequency (3 bins)",5e-04,"mutual_information","{taxon=Bacteria_Proteobacteria_Gammaproteobacteria_Pseudomonadales_KI89A clade_}","{Classification=Rare}",0.00738703339882122,1,0.00738703339882122,1.26077479441197,94,Inf,0.0451995241398868,NA,1,"Bacteria_Proteobacteria_Gammaproteobacteria_Pseudomonadales_KI89A clade_",1
"tertile","Equal frequency (3 bins)",5e-04,"mutual_information","{taxon=Bacteria_Proteobacteria_Gammaproteobacteria_Pseudomonadales_Nitrincolaceae_,PO4=medium,Temperature=medium,Salinity=very low}","{Classification=Abundant}",0.000628683693516699,0.888888888888889,0.000707269155206287,19.3683409436834,8,8.58695481335953,8.03564523015587e-29,0.290922176781766,0.888888888888889,"Bacteria_Proteobacteria_Gammaproteobacteria_Pseudomonadales_Nitrincolaceae_",4
"tertile","Equal frequency (3 bins)",5e-04,"mutual_information","{taxon=Bacteria_Proteobacteria_Gammaproteobacteria_Pseudomonadales_OM182 clade_,NO2=high,Salinity=low}","{Classification=Undetermined}",0.000550098231827112,0.875,0.000628683693516699,5.43670654296875,7,6.7124557956778,0.00258971690465338,0.148684177283119,0.875,"Bacteria_Proteobacteria_Gammaproteobacteria_Pseudomonadales_OM182 clade_",3
"tertile","Equal frequency (3 bins)",5e-04,"mutual_information","{taxon=Bacteria_Proteobacteria_Gammaproteobacteria_Pseudomonadales_Porticoccaceae_SAR92 clade,NO2=high,NH4=Unknown}","{Classification=Undetermined}",0.00133595284872299,0.944444444444444,0.00141453831041257,5.86819118923611,17,15.103025540275,9.43606467120605e-15,0.201532702804092,0.100694444444444,"Bacteria_Proteobacteria_Gammaproteobacteria_Pseudomonadales_Porticoccaceae_SAR92 clade",3
"tertile","Equal frequency (3 bins)",5e-04,"mutual_information","{taxon=Bacteria_Proteobacteria_Gammaproteobacteria_Pseudomonadales_Pseudohongiellaceae_Pseudohongiella,PO4=medium,Temperature=medium,Salinity=very low}","{Classification=Undetermined}",0.000628683693516699,0.888888888888889,0.000707269155206287,5.52300347222222,8,7.55151277013752,0.000186239423829975,0.156994520255533,0.888888888888889,"Bacteria_Proteobacteria_Gammaproteobacteria_Pseudomonadales_Pseudohongiellaceae_Pseudohongiella",4
"tertile","Equal frequency (3 bins)",5e-04,"mutual_information","{taxon=Bacteria_Proteobacteria_Gammaproteobacteria_Pseudomonadales_SAR86 clade_,PO4=medium,Temperature=medium,Salinity=very low}","{Classification=Undetermined}",0.000628683693516699,0.888888888888889,0.000707269155206287,5.52300347222222,8,7.55151277013752,0.000186239423829975,0.156994520255533,0.888888888888889,"Bacteria_Proteobacteria_Gammaproteobacteria_Pseudomonadales_SAR86 clade_",4
"tertile","Equal frequency (3 bins)",5e-04,"mutual_information","{taxon=Bacteria_Proteobacteria_Gammaproteobacteria_Pseudomonadales_Thioglobaceae_SUP05 cluster,PelagicLayer=Epipelagic,NH4=high}","{Classification=Undetermined}",0.000628683693516699,0.8,0.000785854616895874,4.970703125,8,4.19528487229862,0.00253527170875846,0.122386441352253,0.8,"Bacteria_Proteobacteria_Gammaproteobacteria_Pseudomonadales_Thioglobaceae_SUP05 cluster",3
"tertile","Equal frequency (3 bins)",5e-04,"mutual_information","{taxon=Bacteria_SAR324 clade(Marine group B)__,WaterMass=WCW}","{Classification=Abundant}",0.000550098231827112,1,0.000550098231827112,21.7893835616438,7,Inf,1.06565397737098e-28,NA,1,"Bacteria_SAR324 clade(Marine group B)__",2
"tertile","Equal frequency (3 bins)",5e-04,"mutual_information","{taxon=Bacteria_Verrucomicrobiota_Verrucomicrobiae_Arctic97B-4 marine group,WaterMass=WCW}","{Classification=Undetermined}",0.000550098231827112,1,0.000550098231827112,6.21337890625,7,Inf,0.000102040953630485,NA,1,"Bacteria_Verrucomicrobiota_Verrucomicrobiae_Arctic97B-4 marine group",2
"tertile","Equal frequency (3 bins)",5e-04,"mutual_information","{taxon=Bacteria_Verrucomicrobiota_Verrucomicrobiae_Verrucomicrobiales_Rubritaleaceae_Roseibacillus,NO2=high,NH4=Unknown}","{Classification=Undetermined}",0.0012573673870334,0.888888888888889,0.00141453831041257,5.52300347222222,16,7.55151277013752,2.75307707091955e-12,0.171580041939276,0.888888888888889,"Bacteria_Verrucomicrobiota_Verrucomicrobiae_Verrucomicrobiales_Rubritaleaceae_Roseibacillus",3
"tertile","Equal frequency (3 bins)",5e-04,"complexity","{taxon=Archaea_Crenarchaeota_Nitrososphaeria_Nitrosopumilales_Nitrosopumilaceae_,PelagicLayer=Bathypelagic,Chl=Unknown,Temperature=low,Salinity=high,WaterMass=WCW}","{Classification=Abundant}",0.000550098231827112,1,0.000550098231827112,21.7893835616438,7,Inf,1.06565397737098e-28,NA,0,"Archaea_Crenarchaeota_Nitrososphaeria_Nitrosopumilales_Nitrosopumilaceae_",6
"tertile","Equal frequency (3 bins)",5e-04,"complexity","{taxon=Archaea_Crenarchaeota_Nitrososphaeria_Nitrosopumilales_Nitrosopumilaceae_Candidatus Nitrosopumilus,PO4=high,Si=high,Chl=Unknown,Temperature=low,Salinity=high}","{Classification=Abundant}",0.000707269155206287,0.818181818181818,0.000864440078585462,17.8276774595268,9,5.24758349705305,1.19076675626815e-29,0.25598999823493,-0.0279720279720279,"Archaea_Crenarchaeota_Nitrososphaeria_Nitrosopumilales_Nitrosopumilaceae_Candidatus Nitrosopumilus",6
"tertile","Equal frequency (3 bins)",5e-04,"complexity","{taxon=Archaea_Thermoplasmatota_Thermoplasmata_Marine Group II,NH4=Unknown,Si=high,Temperature=medium}","{Classification=Undetermined}",0.000550098231827112,0.875,0.000628683693516699,5.43670654296875,7,6.7124557956778,0.00258971690465338,0.148684177283119,0.875,"Archaea_Thermoplasmatota_Thermoplasmata_Marine Group II",4
"tertile","Equal frequency (3 bins)",5e-04,"complexity","{taxon=Bacteria_Actinobacteriota_Acidimicrobiia_Microtrichales_Microtrichaceae_Sva0996 marine group,PelagicLayer=Bathypelagic,Chl=Unknown,Temperature=low,Salinity=high}","{Classification=Undetermined}",0.000550098231827112,0.875,0.000628683693516699,5.43670654296875,7,6.7124557956778,0.00258971690465338,0.148684177283119,0,"Bacteria_Actinobacteriota_Acidimicrobiia_Microtrichales_Microtrichaceae_Sva0996 marine group",5
"tertile","Equal frequency (3 bins)",5e-04,"complexity","{taxon=Bacteria_Bacteroidota_Bacteroidia_Flavobacteriales_Crocinitomicaceae_Fluviicola,PelagicLayer=Epipelagic,PO4=medium,NH4=Unknown,Temperature=medium,Salinity=very low,WaterMass=SW}","{Classification=Undetermined}",0.000550098231827112,0.875,0.000628683693516699,5.43670654296875,7,6.7124557956778,0.00258971690465338,0.148684177283119,0,"Bacteria_Bacteroidota_Bacteroidia_Flavobacteriales_Crocinitomicaceae_Fluviicola",7
"tertile","Equal frequency (3 bins)",5e-04,"complexity","{taxon=Bacteria_Bacteroidota_Bacteroidia_Flavobacteriales_Cryomorphaceae_,PelagicLayer=Mesopelagic,PO4=high,NO2=high,Chl=Unknown,Temperature=low,Salinity=very high,WaterMass=TAW}","{Classification=Undetermined}",0.000550098231827112,1,0.000550098231827112,6.21337890625,7,Inf,0.000102040953630485,NA,0,"Bacteria_Bacteroidota_Bacteroidia_Flavobacteriales_Cryomorphaceae_",8
"tertile","Equal frequency (3 bins)",5e-04,"complexity","{taxon=Bacteria_Bacteroidota_Bacteroidia_Flavobacteriales_Flavobacteriaceae_,PelagicLayer=Epipelagic,NH4=Unknown,Si=medium,Chl=low,Salinity=very low,WaterMass=SW}","{Classification=Abundant}",0.000550098231827112,0.875,0.000628683693516699,19.0657106164384,7,7.63284872298625,2.44418864668698e-24,0.278359232907748,-0.0480769230769231,"Bacteria_Bacteroidota_Bacteroidia_Flavobacteriales_Flavobacteriaceae_",7
"tertile","Equal frequency (3 bins)",5e-04,"complexity","{taxon=Bacteria_Bacteroidota_Bacteroidia_Flavobacteriales_Flavobacteriaceae_Aurantivirga,PelagicLayer=Mesopelagic,PO4=high,NO2=high,NH4=Unknown,Si=high,Chl=Unknown,Temperature=low,WaterMass=TAW}","{Classification=Abundant}",0.000550098231827112,0.875,0.000628683693516699,19.0657106164384,7,7.63284872298625,2.44418864668698e-24,0.278359232907748,-0.0138888888888888,"Bacteria_Bacteroidota_Bacteroidia_Flavobacteriales_Flavobacteriaceae_Aurantivirga",9
"tertile","Equal frequency (3 bins)",5e-04,"complexity","{taxon=Bacteria_Bacteroidota_Bacteroidia_Flavobacteriales_Flavobacteriaceae_Formosa,PelagicLayer=Epipelagic,PO4=low,NH4=Unknown,Chl=high}","{Classification=Abundant}",0.000550098231827112,0.875,0.000628683693516699,19.0657106164384,7,7.63284872298625,2.44418864668698e-24,0.278359232907748,0,"Bacteria_Bacteroidota_Bacteroidia_Flavobacteriales_Flavobacteriaceae_Formosa",5
"tertile","Equal frequency (3 bins)",5e-04,"complexity","{taxon=Bacteria_Bacteroidota_Bacteroidia_Flavobacteriales_Flavobacteriaceae_NS4 marine group,PelagicLayer=Mesopelagic,PO4=high,NO2=high,NH4=Unknown,Si=high,Chl=Unknown,Temperature=low,WaterMass=TAW}","{Classification=Undetermined}",0.000550098231827112,0.875,0.000628683693516699,5.43670654296875,7,6.7124557956778,0.00258971690465338,0.148684177283119,-0.025,"Bacteria_Bacteroidota_Bacteroidia_Flavobacteriales_Flavobacteriaceae_NS4 marine group",9
"tertile","Equal frequency (3 bins)",5e-04,"complexity","{taxon=Bacteria_Bacteroidota_Bacteroidia_Flavobacteriales_Flavobacteriaceae_NS5 marine group,PelagicLayer=Epipelagic,PO4=medium,NH4=Unknown,Temperature=medium,Salinity=very low,WaterMass=SW}","{Classification=Abundant}",0.000628683693516699,1,0.000628683693516699,21.7893835616438,8,Inf,3.01495818443829e-33,NA,0,"Bacteria_Bacteroidota_Bacteroidia_Flavobacteriales_Flavobacteriaceae_NS5 marine group",7
"tertile","Equal frequency (3 bins)",5e-04,"complexity","{taxon=Bacteria_Bacteroidota_Bacteroidia_Flavobacteriales_Flavobacteriaceae_Polaribacter,PelagicLayer=Epipelagic,PO4=medium,NH4=Unknown,Temperature=medium,Salinity=very low,WaterMass=SW}","{Classification=Abundant}",0.000550098231827112,0.875,0.000628683693516699,19.0657106164384,7,7.63284872298625,2.44418864668698e-24,0.278359232907748,0,"Bacteria_Bacteroidota_Bacteroidia_Flavobacteriales_Flavobacteriaceae_Polaribacter",7
"tertile","Equal frequency (3 bins)",5e-04,"complexity","{taxon=Bacteria_Bacteroidota_Bacteroidia_Flavobacteriales_Flavobacteriaceae_Ulvibacter,PelagicLayer=Epipelagic,PO4=low,NO2=Undetected,Chl=high,Temperature=high}","{Classification=Undetermined}",0.000550098231827112,1,0.000550098231827112,6.21337890625,7,Inf,0.000102040953630485,NA,0,"Bacteria_Bacteroidota_Bacteroidia_Flavobacteriales_Flavobacteriaceae_Ulvibacter",6
"tertile","Equal frequency (3 bins)",5e-04,"complexity","{taxon=Bacteria_Bacteroidota_Bacteroidia_Flavobacteriales_NS9 marine group_,PelagicLayer=Epipelagic,Chl=medium,Salinity=low,WaterMass=IW}","{Classification=Undetermined}",0.000550098231827112,0.875,0.000628683693516699,5.43670654296875,7,6.7124557956778,0.00258971690465338,0.148684177283119,-0.0416666666666666,"Bacteria_Bacteroidota_Bacteroidia_Flavobacteriales_NS9 marine group_",5
"tertile","Equal frequency (3 bins)",5e-04,"complexity","{taxon=Bacteria_Chloroflexi_Dehalococcoidia_SAR202 clade,PelagicLayer=Bathypelagic,PO4=high,Si=high,Chl=Unknown,Temperature=low,Salinity=high}","{Classification=Undetermined}",0.000550098231827112,1,0.000550098231827112,6.21337890625,7,Inf,0.000102040953630485,NA,0,"Bacteria_Chloroflexi_Dehalococcoidia_SAR202 clade",7
"tertile","Equal frequency (3 bins)",5e-04,"complexity","{taxon=Bacteria_Marinimicrobia (SAR406 clade)__,PelagicLayer=Bathypelagic,PO4=high,Si=high,Chl=Unknown,Temperature=low,Salinity=high}","{Classification=Abundant}",0.000550098231827112,1,0.000550098231827112,21.7893835616438,7,Inf,1.06565397737098e-28,NA,0,"Bacteria_Marinimicrobia (SAR406 clade)__",7
"tertile","Equal frequency (3 bins)",5e-04,"complexity","{taxon=Bacteria_Nitrospinota_Nitrospinia_Nitrospinales_Nitrospinaceae_LS-NOB,PelagicLayer=Bathypelagic,PO4=high,Si=high,Chl=Unknown,Temperature=low,Salinity=high}","{Classification=Undetermined}",0.000550098231827112,1,0.000550098231827112,6.21337890625,7,Inf,0.000102040953630485,NA,0,"Bacteria_Nitrospinota_Nitrospinia_Nitrospinales_Nitrospinaceae_LS-NOB",7
"tertile","Equal frequency (3 bins)",5e-04,"complexity","{taxon=Bacteria_Planctomycetota_OM190_,PelagicLayer=Bathypelagic,PO4=high,Si=high,Chl=Unknown,Temperature=low,Salinity=high}","{Classification=Undetermined}",0.000550098231827112,1,0.000550098231827112,6.21337890625,7,Inf,0.000102040953630485,NA,0,"Bacteria_Planctomycetota_OM190_",7
"tertile","Equal frequency (3 bins)",5e-04,"complexity","{taxon=Bacteria_Planctomycetota_Phycisphaerae_Phycisphaerales_Phycisphaeraceae_JL-ETNP-F27,PelagicLayer=Bathypelagic,PO4=high,Si=high,Chl=Unknown,Temperature=low,Salinity=high}","{Classification=Undetermined}",0.000550098231827112,1,0.000550098231827112,6.21337890625,7,Inf,0.000102040953630485,NA,0,"Bacteria_Planctomycetota_Phycisphaerae_Phycisphaerales_Phycisphaeraceae_JL-ETNP-F27",7
"tertile","Equal frequency (3 bins)",5e-04,"complexity","{taxon=Bacteria_Planctomycetota_Planctomycetes_Pirellulales_Pirellulaceae_Rhodopirellula,PelagicLayer=Bathypelagic,PO4=high,Si=high,Chl=Unknown,Temperature=low,Salinity=high}","{Classification=Undetermined}",0.000550098231827112,1,0.000550098231827112,6.21337890625,7,Inf,0.000102040953630485,NA,0,"Bacteria_Planctomycetota_Planctomycetes_Pirellulales_Pirellulaceae_Rhodopirellula",7
"tertile","Equal frequency (3 bins)",5e-04,"complexity","{taxon=Bacteria_Proteobacteria_Alphaproteobacteria_Defluviicoccales,PelagicLayer=Bathypelagic,PO4=high,Si=high,Chl=Unknown,Temperature=low,Salinity=high}","{Classification=Undetermined}",0.000550098231827112,1,0.000550098231827112,6.21337890625,7,Inf,0.000102040953630485,NA,0,"Bacteria_Proteobacteria_Alphaproteobacteria_Defluviicoccales",7
"tertile","Equal frequency (3 bins)",5e-04,"complexity","{taxon=Bacteria_Proteobacteria_Alphaproteobacteria_Puniceispirillales_SAR116 clade_,PelagicLayer=Epipelagic,PO4=medium,NH4=Unknown,Temperature=medium,Salinity=very low,WaterMass=SW}","{Classification=Undetermined}",0.000550098231827112,0.875,0.000628683693516699,5.43670654296875,7,6.7124557956778,0.00258971690465338,0.148684177283119,-0.0138888888888888,"Bacteria_Proteobacteria_Alphaproteobacteria_Puniceispirillales_SAR116 clade_",7
"tertile","Equal frequency (3 bins)",5e-04,"complexity","{taxon=Bacteria_Proteobacteria_Alphaproteobacteria_Rhodobacterales_Rhodobacteraceae_Ascidiaceihabitans,PelagicLayer=Epipelagic,PO4=medium,NH4=Unknown,Temperature=medium,Salinity=very low,WaterMass=SW}","{Classification=Undetermined}",0.000550098231827112,0.875,0.000628683693516699,5.43670654296875,7,6.7124557956778,0.00258971690465338,0.148684177283119,-0.0138888888888888,"Bacteria_Proteobacteria_Alphaproteobacteria_Rhodobacterales_Rhodobacteraceae_Ascidiaceihabitans",7
"tertile","Equal frequency (3 bins)",5e-04,"complexity","{taxon=Bacteria_Proteobacteria_Alphaproteobacteria_Rhodobacterales_Rhodobacteraceae_Planktomarina,PelagicLayer=Mesopelagic,PO4=high,NO2=high,NH4=Unknown,Si=high,Chl=Unknown,Temperature=low,WaterMass=TAW}","{Classification=Undetermined}",0.000628683693516699,1,0.000628683693516699,6.21337890625,8,Inf,7.04175601950877e-06,NA,0,"Bacteria_Proteobacteria_Alphaproteobacteria_Rhodobacterales_Rhodobacteraceae_Planktomarina",9
"tertile","Equal frequency (3 bins)",5e-04,"complexity","{taxon=Bacteria_Proteobacteria_Alphaproteobacteria_Rhodobacterales_Rhodobacteraceae_Sulfitobacter,PelagicLayer=Epipelagic,PO4=medium,NH4=Unknown,Si=medium,Chl=low,Salinity=very low,WaterMass=SW}","{Classification=Undetermined}",0.000550098231827112,1,0.000550098231827112,6.21337890625,7,Inf,0.000102040953630485,NA,0,"Bacteria_Proteobacteria_Alphaproteobacteria_Rhodobacterales_Rhodobacteraceae_Sulfitobacter",8
"tertile","Equal frequency (3 bins)",5e-04,"complexity","{taxon=Bacteria_Proteobacteria_Alphaproteobacteria_Rhodospirillales_Magnetospiraceae_Magnetospira,PelagicLayer=Epipelagic,PO4=medium,NH4=Unknown,Chl=low}","{Classification=Undetermined}",0.000785854616895874,0.833333333333333,0.000943025540275049,5.17781575520833,10,5.03434184675835,1.532605743723e-05,0.138404250774799,0,"Bacteria_Proteobacteria_Alphaproteobacteria_Rhodospirillales_Magnetospiraceae_Magnetospira",5
"tertile","Equal frequency (3 bins)",5e-04,"complexity","{taxon=Bacteria_Proteobacteria_Alphaproteobacteria_Rickettsiales_Mitochondria_,PelagicLayer=Epipelagic,NO2=Undetected,Chl=high,Temperature=high}","{Classification=Undetermined}",0.000550098231827112,0.875,0.000628683693516699,5.43670654296875,7,6.7124557956778,0.00258971690465338,0.148684177283119,0,"Bacteria_Proteobacteria_Alphaproteobacteria_Rickettsiales_Mitochondria_",5
"tertile","Equal frequency (3 bins)",5e-04,"complexity","{taxon=Bacteria_Proteobacteria_Alphaproteobacteria_SAR11 clade_Clade I_Clade Ia,PelagicLayer=Mesopelagic,PO4=high,NO2=high,Si=high,Chl=Unknown,Temperature=low,WaterMass=TAW}","{Classification=Abundant}",0.000864440078585462,0.846153846153846,0.00102161100196464,18.4371707060063,11,6.20168958742633,1.81679816167303e-38,0.278065129136763,-0.0427350427350427,"Bacteria_Proteobacteria_Alphaproteobacteria_SAR11 clade_Clade I_Clade Ia",8
"tertile","Equal frequency (3 bins)",5e-04,"complexity","{taxon=Bacteria_Proteobacteria_Alphaproteobacteria_SAR11 clade_Clade I_Clade Ib,PelagicLayer=Bathypelagic,Chl=Unknown,Temperature=low,Salinity=high,WaterMass=WCW}","{Classification=Undetermined}",0.000550098231827112,1,0.000550098231827112,6.21337890625,7,Inf,0.000102040953630485,NA,0,"Bacteria_Proteobacteria_Alphaproteobacteria_SAR11 clade_Clade I_Clade Ib",6
"tertile","Equal frequency (3 bins)",5e-04,"complexity","{taxon=Bacteria_Proteobacteria_Alphaproteobacteria_SAR11 clade_Clade II_,PO4=high,Si=high,Chl=Unknown,Temperature=low,Salinity=high}","{Classification=Undetermined}",0.000707269155206287,0.818181818181818,0.000864440078585462,5.08367365056818,9,4.61481335952849,0.000198539381436364,0.130849101799297,-0.0279720279720279,"Bacteria_Proteobacteria_Alphaproteobacteria_SAR11 clade_Clade II_",6
"tertile","Equal frequency (3 bins)",5e-04,"complexity","{taxon=Bacteria_Proteobacteria_Gammaproteobacteria_Burkholderiales_Methylophilaceae_OM43 clade,PelagicLayer=Epipelagic,PO4=medium,NH4=Unknown,Temperature=medium,Salinity=very low,WaterMass=SW}","{Classification=Undetermined}",0.000550098231827112,0.875,0.000628683693516699,5.43670654296875,7,6.7124557956778,0.00258971690465338,0.148684177283119,-0.0138888888888888,"Bacteria_Proteobacteria_Gammaproteobacteria_Burkholderiales_Methylophilaceae_OM43 clade",7
"tertile","Equal frequency (3 bins)",5e-04,"complexity","{taxon=Bacteria_Proteobacteria_Gammaproteobacteria_Burkholderiales_Nitrosomonadaceae_Nitrosomonas,PelagicLayer=Mesopelagic,PO4=high,NO2=high,Si=high,Chl=Unknown,Temperature=low,WaterMass=TAW}","{Classification=Undetermined}",0.000864440078585462,0.916666666666667,0.000943025540275049,5.69559733072917,11,10.0686836935167,6.88848274439356e-08,0.176283522145113,-0.011904761904762,"Bacteria_Proteobacteria_Gammaproteobacteria_Burkholderiales_Nitrosomonadaceae_Nitrosomonas",8
"tertile","Equal frequency (3 bins)",5e-04,"complexity","{taxon=Bacteria_Proteobacteria_Gammaproteobacteria_HOC36,PelagicLayer=Bathypelagic,PO4=high,Si=high,Chl=Unknown,Temperature=low,Salinity=high}","{Classification=Undetermined}",0.000550098231827112,1,0.000550098231827112,6.21337890625,7,Inf,0.000102040953630485,NA,0,"Bacteria_Proteobacteria_Gammaproteobacteria_HOC36",7
"tertile","Equal frequency (3 bins)",5e-04,"complexity","{taxon=Bacteria_Proteobacteria_Gammaproteobacteria_Pseudomonadales_Halieaceae_OM60(NOR5) clade,PelagicLayer=Mesopelagic,PO4=high,NO2=high,Si=high,Chl=Unknown,Salinity=very high}","{Classification=Undetermined}",0.000550098231827112,0.875,0.000628683693516699,5.43670654296875,7,6.7124557956778,0.00258971690465338,0.148684177283119,-0.025,"Bacteria_Proteobacteria_Gammaproteobacteria_Pseudomonadales_Halieaceae_OM60(NOR5) clade",7
"tertile","Equal frequency (3 bins)",5e-04,"complexity","{taxon=Bacteria_Proteobacteria_Gammaproteobacteria_Pseudomonadales_KI89A clade_}","{Classification=Rare}",0.00738703339882122,1,0.00738703339882122,1.26077479441197,94,Inf,0.0451995241398868,NA,1,"Bacteria_Proteobacteria_Gammaproteobacteria_Pseudomonadales_KI89A clade_",1
"tertile","Equal frequency (3 bins)",5e-04,"complexity","{taxon=Bacteria_Proteobacteria_Gammaproteobacteria_Pseudomonadales_Nitrincolaceae_,PelagicLayer=Epipelagic,PO4=medium,NH4=Unknown,Temperature=medium,Salinity=very low,WaterMass=SW}","{Classification=Abundant}",0.000550098231827112,0.875,0.000628683693516699,19.0657106164384,7,7.63284872298625,2.44418864668698e-24,0.278359232907748,-0.0138888888888888,"Bacteria_Proteobacteria_Gammaproteobacteria_Pseudomonadales_Nitrincolaceae_",7
"tertile","Equal frequency (3 bins)",5e-04,"complexity","{taxon=Bacteria_Proteobacteria_Gammaproteobacteria_Pseudomonadales_OM182 clade_,PelagicLayer=Epipelagic,PO4=medium,NH4=Unknown,Chl=low}","{Classification=Undetermined}",0.000785854616895874,0.833333333333333,0.000943025540275049,5.17781575520833,10,5.03434184675835,1.532605743723e-05,0.138404250774799,0,"Bacteria_Proteobacteria_Gammaproteobacteria_Pseudomonadales_OM182 clade_",5
"tertile","Equal frequency (3 bins)",5e-04,"complexity","{taxon=Bacteria_Proteobacteria_Gammaproteobacteria_Pseudomonadales_Porticoccaceae_SAR92 clade,PelagicLayer=Mesopelagic,PO4=high,NO2=high,NH4=Unknown,Si=high,Chl=Unknown,Temperature=low,WaterMass=TAW}","{Classification=Undetermined}",0.000550098231827112,0.875,0.000628683693516699,5.43670654296875,7,6.7124557956778,0.00258971690465338,0.148684177283119,-0.0694444444444444,"Bacteria_Proteobacteria_Gammaproteobacteria_Pseudomonadales_Porticoccaceae_SAR92 clade",9
"tertile","Equal frequency (3 bins)",5e-04,"complexity","{taxon=Bacteria_Proteobacteria_Gammaproteobacteria_Pseudomonadales_Pseudohongiellaceae_Pseudohongiella,PelagicLayer=Bathypelagic,PO4=high,Si=high,Chl=Unknown,Temperature=low,Salinity=high}","{Classification=Undetermined}",0.000550098231827112,1,0.000550098231827112,6.21337890625,7,Inf,0.000102040953630485,NA,0,"Bacteria_Proteobacteria_Gammaproteobacteria_Pseudomonadales_Pseudohongiellaceae_Pseudohongiella",7
"tertile","Equal frequency (3 bins)",5e-04,"complexity","{taxon=Bacteria_Proteobacteria_Gammaproteobacteria_Pseudomonadales_SAR86 clade_,PelagicLayer=Epipelagic,PO4=medium,NH4=Unknown,Temperature=medium,Salinity=very low,WaterMass=SW}","{Classification=Undetermined}",0.000550098231827112,0.875,0.000628683693516699,5.43670654296875,7,6.7124557956778,0.00258971690465338,0.148684177283119,-0.0138888888888888,"Bacteria_Proteobacteria_Gammaproteobacteria_Pseudomonadales_SAR86 clade_",7
"tertile","Equal frequency (3 bins)",5e-04,"complexity","{taxon=Bacteria_Proteobacteria_Gammaproteobacteria_Pseudomonadales_Thioglobaceae_SUP05 cluster,PelagicLayer=Epipelagic,NH4=high}","{Classification=Undetermined}",0.000628683693516699,0.8,0.000785854616895874,4.970703125,8,4.19528487229862,0.00253527170875846,0.122386441352253,0.8,"Bacteria_Proteobacteria_Gammaproteobacteria_Pseudomonadales_Thioglobaceae_SUP05 cluster",3
"tertile","Equal frequency (3 bins)",5e-04,"complexity","{taxon=Bacteria_SAR324 clade(Marine group B)__,PelagicLayer=Bathypelagic,PO4=high,Si=high,Chl=Unknown,Temperature=low,Salinity=high}","{Classification=Abundant}",0.000550098231827112,1,0.000550098231827112,21.7893835616438,7,Inf,1.06565397737098e-28,NA,0,"Bacteria_SAR324 clade(Marine group B)__",7
"tertile","Equal frequency (3 bins)",5e-04,"complexity","{taxon=Bacteria_Verrucomicrobiota_Verrucomicrobiae_Arctic97B-4 marine group,PelagicLayer=Bathypelagic,PO4=high,Si=high,Chl=Unknown,Temperature=low,Salinity=high}","{Classification=Undetermined}",0.000550098231827112,1,0.000550098231827112,6.21337890625,7,Inf,0.000102040953630485,NA,0,"Bacteria_Verrucomicrobiota_Verrucomicrobiae_Arctic97B-4 marine group",7
"tertile","Equal frequency (3 bins)",5e-04,"complexity","{taxon=Bacteria_Verrucomicrobiota_Verrucomicrobiae_Verrucomicrobiales_Rubritaleaceae_Roseibacillus,PelagicLayer=Mesopelagic,PO4=high,NO2=high,NH4=Unknown,Si=high,Chl=Unknown,Temperature=low,WaterMass=TAW}","{Classification=Undetermined}",0.000550098231827112,0.875,0.000628683693516699,5.43670654296875,7,6.7124557956778,0.00258971690465338,0.148684177283119,-0.025,"Bacteria_Verrucomicrobiota_Verrucomicrobiae_Verrucomicrobiales_Rubritaleaceae_Roseibacillus",9
"tertile","Equal frequency (3 bins)",0.001,"improvement","{taxon=Bacteria_Bacteroidota_Bacteroidia_Flavobacteriales_Crocinitomicaceae_Fluviicola,PelagicLayer=Epipelagic,NH4=Unknown,Temperature=medium}","{Classification=Undetermined}",0.0012573673870334,0.842105263157895,0.00149312377210216,5.23231907894737,16,5.31402750491159,1.32875823116391e-11,0.150862617352447,0.842105263157895,"Bacteria_Bacteroidota_Bacteroidia_Flavobacteriales_Crocinitomicaceae_Fluviicola",4
"tertile","Equal frequency (3 bins)",0.001,"improvement","{taxon=Bacteria_Bacteroidota_Bacteroidia_Flavobacteriales_Cryomorphaceae_,PelagicLayer=Mesopelagic}","{Classification=Undetermined}",0.00157170923379175,0.833333333333333,0.0018860510805501,5.17781575520833,20,5.03434184675835,6.24339443222057e-15,0.151823338846399,0.833333333333333,"Bacteria_Bacteroidota_Bacteroidia_Flavobacteriales_Cryomorphaceae_",2
"tertile","Equal frequency (3 bins)",0.001,"improvement","{taxon=Bacteria_Bacteroidota_Bacteroidia_Flavobacteriales_Flavobacteriaceae_,NH4=Unknown,Chl=low}","{Classification=Abundant}",0.00133595284872299,0.80952380952381,0.00165029469548134,17.6390247879974,17,5.00905697445972,1.5173188486101e-58,0.273782337136559,0.80952380952381,"Bacteria_Bacteroidota_Bacteroidia_Flavobacteriales_Flavobacteriaceae_",3
"tertile","Equal frequency (3 bins)",0.001,"improvement","{taxon=Bacteria_Bacteroidota_Bacteroidia_Flavobacteriales_Flavobacteriaceae_Aurantivirga,PO4=high,NO2=high,Si=high,Chl=Unknown}","{Classification=Abundant}",0.00110019646365422,0.823529411764706,0.00133595284872299,17.9441982272361,14,5.40660117878193,9.96339029234863e-49,0.274270304378391,0.823529411764706,"Bacteria_Bacteroidota_Bacteroidia_Flavobacteriales_Flavobacteriaceae_Aurantivirga",5
"tertile","Equal frequency (3 bins)",0.001,"improvement","{taxon=Bacteria_Bacteroidota_Bacteroidia_Flavobacteriales_Flavobacteriaceae_NS4 marine group,PelagicLayer=Epipelagic,NO2=Undetected}","{Classification=Undetermined}",0.00117878192534381,0.882352941176471,0.00133595284872299,5.48239315257353,15,7.13198428290766,1.18557541890657e-11,0.167092057574576,0.882352941176471,"Bacteria_Bacteroidota_Bacteroidia_Flavobacteriales_Flavobacteriaceae_NS4 marine group",3
"tertile","Equal frequency (3 bins)",0.001,"improvement","{taxon=Bacteria_Bacteroidota_Bacteroidia_Flavobacteriales_Flavobacteriaceae_Ulvibacter,NH4=Unknown,Temperature=high}","{Classification=Undetermined}",0.00133595284872299,0.80952380952381,0.00165029469548134,5.02987816220238,17,4.40504911591356,1.2346012480418e-11,0.138786808948241,0.80952380952381,"Bacteria_Bacteroidota_Bacteroidia_Flavobacteriales_Flavobacteriaceae_Ulvibacter",3
"tertile","Equal frequency (3 bins)",0.001,"improvement","{taxon=Bacteria_Bacteroidota_Bacteroidia_Flavobacteriales_NS9 marine group_,NH4=Unknown,Salinity=low}","{Classification=Undetermined}",0.00110019646365422,0.875,0.0012573673870334,5.43670654296875,14,6.7124557956778,1.59213499550417e-10,0.162268072913611,0.875,"Bacteria_Bacteroidota_Bacteroidia_Flavobacteriales_NS9 marine group_",3
"tertile","Equal frequency (3 bins)",0.001,"improvement","{taxon=Bacteria_Planctomycetota_OM190_,PO4=high,Temperature=low}","{Classification=Undetermined}",0.00149312377210216,0.826086956521739,0.00180746561886051,5.13279127038043,19,4.82457760314342,7.90408252631322e-14,0.147707588238708,0.826086956521739,"Bacteria_Planctomycetota_OM190_",3
"tertile","Equal frequency (3 bins)",0.001,"improvement","{taxon=Bacteria_Proteobacteria_Alphaproteobacteria_Rhodobacterales_Rhodobacteraceae_Planktomarina,NO2=high,NH4=Unknown,Si=high}","{Classification=Undetermined}",0.00102161100196464,1,0.00102161100196464,6.21337890625,13,Inf,3.80709738155181e-12,NA,1,"Bacteria_Proteobacteria_Alphaproteobacteria_Rhodobacterales_Rhodobacteraceae_Planktomarina",4
"tertile","Equal frequency (3 bins)",0.001,"improvement","{taxon=Bacteria_Proteobacteria_Alphaproteobacteria_Rhodobacterales_Rhodobacteraceae_Sulfitobacter,PO4=medium,NO2=medium}","{Classification=Undetermined}",0.00110019646365422,0.823529411764706,0.00133595284872299,5.11690027573529,14,4.75465618860511,2.17871057662817e-09,0.140662720027515,0.823529411764706,"Bacteria_Proteobacteria_Alphaproteobacteria_Rhodobacterales_Rhodobacteraceae_Sulfitobacter",3
"tertile","Equal frequency (3 bins)",0.001,"improvement","{taxon=Bacteria_Proteobacteria_Alphaproteobacteria_SAR11 clade_Clade I_Clade Ia,NH4=high}","{Classification=Abundant}",0.00117878192534381,0.9375,0.0012573673870334,20.4275470890411,15,15.2656974459725,7.00047259912225e-61,0.347676412699022,0.9375,"Bacteria_Proteobacteria_Alphaproteobacteria_SAR11 clade_Clade I_Clade Ia",2
"tertile","Equal frequency (3 bins)",0.001,"improvement","{taxon=Bacteria_Proteobacteria_Alphaproteobacteria_SAR11 clade_Clade III_}","{Classification=Rare}",0.00675834970530452,1,0.00675834970530452,1.26077479441197,86,Inf,0.0433674617289499,NA,1,"Bacteria_Proteobacteria_Alphaproteobacteria_SAR11 clade_Clade III_",1
"tertile","Equal frequency (3 bins)",0.001,"improvement","{taxon=Bacteria_Proteobacteria_Alphaproteobacteria_SAR11 clade_Clade IV_}","{Classification=Rare}",0.00762278978388998,0.989795918367347,0.00770137524557957,1.2479097454894,97,20.2700196463654,0.0301841800894545,0.0323100320333551,0.989795918367347,"Bacteria_Proteobacteria_Alphaproteobacteria_SAR11 clade_Clade IV_",1
"tertile","Equal frequency (3 bins)",0.001,"improvement","{taxon=Bacteria_Proteobacteria_Gammaproteobacteria_Burkholderiales_Nitrosomonadaceae_Nitrosomonas,NO2=high,Si=high,Temperature=low}","{Classification=Undetermined}",0.00102161100196464,0.928571428571429,0.00110019646365422,5.76956612723214,13,11.7467976424361,1.1334977885045e-10,0.186111186261745,0.928571428571429,"Bacteria_Proteobacteria_Gammaproteobacteria_Burkholderiales_Nitrosomonadaceae_Nitrosomonas",4
"tertile","Equal frequency (3 bins)",0.001,"improvement","{taxon=Bacteria_Proteobacteria_Gammaproteobacteria_Pseudomonadales_KI89A clade_}","{Classification=Rare}",0.00738703339882122,1,0.00738703339882122,1.26077479441197,94,Inf,0.0144411244080165,NA,1,"Bacteria_Proteobacteria_Gammaproteobacteria_Pseudomonadales_KI89A clade_",1
"tertile","Equal frequency (3 bins)",0.001,"improvement","{taxon=Bacteria_Proteobacteria_Gammaproteobacteria_Pseudomonadales_Porticoccaceae_SAR92 clade,NO2=high}","{Classification=Undetermined}",0.00212180746561886,0.84375,0.0025147347740668,5.24253845214844,27,5.36996463654224,1.4376209132213e-21,0.163174743732089,0.84375,"Bacteria_Proteobacteria_Gammaproteobacteria_Pseudomonadales_Porticoccaceae_SAR92 clade",2
"tertile","Equal frequency (3 bins)",0.001,"improvement","{taxon=Bacteria_Verrucomicrobiota_Verrucomicrobiae_Verrucomicrobiales_Rubritaleaceae_Roseibacillus,NO2=high,NH4=Unknown}","{Classification=Undetermined}",0.0012573673870334,0.888888888888889,0.00141453831041257,5.52300347222222,16,7.55151277013752,8.79600598514319e-13,0.171580041939276,0.888888888888889,"Bacteria_Verrucomicrobiota_Verrucomicrobiae_Verrucomicrobiales_Rubritaleaceae_Roseibacillus",3
"tertile","Equal frequency (3 bins)",0.001,"mutual_information","{taxon=Bacteria_Bacteroidota_Bacteroidia_Flavobacteriales_Crocinitomicaceae_Fluviicola,PelagicLayer=Epipelagic,NH4=Unknown,Temperature=medium}","{Classification=Undetermined}",0.0012573673870334,0.842105263157895,0.00149312377210216,5.23231907894737,16,5.31402750491159,1.32875823116391e-11,0.150862617352447,0.842105263157895,"Bacteria_Bacteroidota_Bacteroidia_Flavobacteriales_Crocinitomicaceae_Fluviicola",4
"tertile","Equal frequency (3 bins)",0.001,"mutual_information","{taxon=Bacteria_Bacteroidota_Bacteroidia_Flavobacteriales_Cryomorphaceae_,NO2=high,Chl=Unknown}","{Classification=Undetermined}",0.00141453831041257,0.9,0.00157170923379175,5.592041015625,18,8.39056974459725,4.79946274298341e-15,0.179708097697122,0.0875,"Bacteria_Bacteroidota_Bacteroidia_Flavobacteriales_Cryomorphaceae_",3
"tertile","Equal frequency (3 bins)",0.001,"mutual_information","{taxon=Bacteria_Bacteroidota_Bacteroidia_Flavobacteriales_Flavobacteriaceae_,NH4=Unknown,Chl=low}","{Classification=Abundant}",0.00133595284872299,0.80952380952381,0.00165029469548134,17.6390247879974,17,5.00905697445972,1.5173188486101e-58,0.273782337136559,0.80952380952381,"Bacteria_Bacteroidota_Bacteroidia_Flavobacteriales_Flavobacteriaceae_",3
"tertile","Equal frequency (3 bins)",0.001,"mutual_information","{taxon=Bacteria_Bacteroidota_Bacteroidia_Flavobacteriales_Flavobacteriaceae_Aurantivirga,PelagicLayer=Mesopelagic,NO2=high,Si=high}","{Classification=Abundant}",0.00110019646365422,0.823529411764706,0.00133595284872299,17.9441982272361,14,5.40660117878193,9.96339029234863e-49,0.274270304378391,0.0235294117647058,"Bacteria_Bacteroidota_Bacteroidia_Flavobacteriales_Flavobacteriaceae_Aurantivirga",4
"tertile","Equal frequency (3 bins)",0.001,"mutual_information","{taxon=Bacteria_Bacteroidota_Bacteroidia_Flavobacteriales_Flavobacteriaceae_NS4 marine group,NO2=high,NH4=Unknown}","{Classification=Undetermined}",0.0012573673870334,0.888888888888889,0.00141453831041257,5.52300347222222,16,7.55151277013752,8.79600598514319e-13,0.171580041939276,0.0763888888888888,"Bacteria_Bacteroidota_Bacteroidia_Flavobacteriales_Flavobacteriaceae_NS4 marine group",3
"tertile","Equal frequency (3 bins)",0.001,"mutual_information","{taxon=Bacteria_Bacteroidota_Bacteroidia_Flavobacteriales_Flavobacteriaceae_Ulvibacter,NH4=Unknown,Chl=high}","{Classification=Undetermined}",0.00110019646365422,0.933333333333333,0.00117878192534381,5.79915364583333,14,12.5858546168959,8.13704907388062e-12,0.190412503406409,0.133333333333333,"Bacteria_Bacteroidota_Bacteroidia_Flavobacteriales_Flavobacteriaceae_Ulvibacter",3
"tertile","Equal frequency (3 bins)",0.001,"mutual_information","{taxon=Bacteria_Bacteroidota_Bacteroidia_Flavobacteriales_NS9 marine group_,PelagicLayer=Epipelagic,Salinity=low}","{Classification=Undetermined}",0.00149312377210216,0.863636363636364,0.00172888015717092,5.36609996448864,19,6.15308447937132,5.99541314896287e-15,0.16392645564949,0.863636363636364,"Bacteria_Bacteroidota_Bacteroidia_Flavobacteriales_NS9 marine group_",3
"tertile","Equal frequency (3 bins)",0.001,"mutual_information","{taxon=Bacteria_Planctomycetota_OM190_,PO4=high,Temperature=low}","{Classification=Undetermined}",0.00149312377210216,0.826086956521739,0.00180746561886051,5.13279127038043,19,4.82457760314342,7.90408252631322e-14,0.147707588238708,0.826086956521739,"Bacteria_Planctomycetota_OM190_",3
"tertile","Equal frequency (3 bins)",0.001,"mutual_information","{taxon=Bacteria_Proteobacteria_Alphaproteobacteria_Rhodobacterales_Rhodobacteraceae_Planktomarina,NO2=Undetected,Temperature=high}","{Classification=Undetermined}",0.00102161100196464,0.928571428571429,0.00110019646365422,5.76956612723214,13,11.7467976424361,1.1334977885045e-10,0.186111186261745,0.117760617760618,"Bacteria_Proteobacteria_Alphaproteobacteria_Rhodobacterales_Rhodobacteraceae_Planktomarina",3
"tertile","Equal frequency (3 bins)",0.001,"mutual_information","{taxon=Bacteria_Proteobacteria_Alphaproteobacteria_Rhodobacterales_Rhodobacteraceae_Sulfitobacter,PelagicLayer=Epipelagic,PO4=medium,NO2=medium}","{Classification=Undetermined}",0.00110019646365422,0.875,0.0012573673870334,5.43670654296875,14,6.7124557956778,1.59213499550417e-10,0.162268072913611,0.0514705882352942,"Bacteria_Proteobacteria_Alphaproteobacteria_Rhodobacterales_Rhodobacteraceae_Sulfitobacter",4
"tertile","Equal frequency (3 bins)",0.001,"mutual_information","{taxon=Bacteria_Proteobacteria_Alphaproteobacteria_SAR11 clade_Clade I_Clade Ia,NH4=high}","{Classification=Abundant}",0.00117878192534381,0.9375,0.0012573673870334,20.4275470890411,15,15.2656974459725,7.00047259912225e-61,0.347676412699022,0.9375,"Bacteria_Proteobacteria_Alphaproteobacteria_SAR11 clade_Clade I_Clade Ia",2
"tertile","Equal frequency (3 bins)",0.001,"mutual_information","{taxon=Bacteria_Proteobacteria_Alphaproteobacteria_SAR11 clade_Clade III_}","{Classification=Rare}",0.00675834970530452,1,0.00675834970530452,1.26077479441197,86,Inf,0.0433674617289499,NA,1,"Bacteria_Proteobacteria_Alphaproteobacteria_SAR11 clade_Clade III_",1
"tertile","Equal frequency (3 bins)",0.001,"mutual_information","{taxon=Bacteria_Proteobacteria_Alphaproteobacteria_SAR11 clade_Clade IV_}","{Classification=Rare}",0.00762278978388998,0.989795918367347,0.00770137524557957,1.2479097454894,97,20.2700196463654,0.0301841800894545,0.0323100320333551,0.989795918367347,"Bacteria_Proteobacteria_Alphaproteobacteria_SAR11 clade_Clade IV_",1
"tertile","Equal frequency (3 bins)",0.001,"mutual_information","{taxon=Bacteria_Proteobacteria_Gammaproteobacteria_Burkholderiales_Nitrosomonadaceae_Nitrosomonas,PelagicLayer=Mesopelagic,Si=high,Temperature=low}","{Classification=Undetermined}",0.00102161100196464,0.928571428571429,0.00110019646365422,5.76956612723214,13,11.7467976424361,1.1334977885045e-10,0.186111186261745,0.0396825396825398,"Bacteria_Proteobacteria_Gammaproteobacteria_Burkholderiales_Nitrosomonadaceae_Nitrosomonas",4
"tertile","Equal frequency (3 bins)",0.001,"mutual_information","{taxon=Bacteria_Proteobacteria_Gammaproteobacteria_Pseudomonadales_KI89A clade_}","{Classification=Rare}",0.00738703339882122,1,0.00738703339882122,1.26077479441197,94,Inf,0.0144411244080165,NA,1,"Bacteria_Proteobacteria_Gammaproteobacteria_Pseudomonadales_KI89A clade_",1
"tertile","Equal frequency (3 bins)",0.001,"mutual_information","{taxon=Bacteria_Proteobacteria_Gammaproteobacteria_Pseudomonadales_Porticoccaceae_SAR92 clade,NO2=high,NH4=Unknown}","{Classification=Undetermined}",0.00133595284872299,0.944444444444444,0.00141453831041257,5.86819118923611,17,15.103025540275,3.01479686859635e-15,0.201532702804092,0.100694444444444,"Bacteria_Proteobacteria_Gammaproteobacteria_Pseudomonadales_Porticoccaceae_SAR92 clade",3
"tertile","Equal frequency (3 bins)",0.001,"mutual_information","{taxon=Bacteria_Verrucomicrobiota_Verrucomicrobiae_Verrucomicrobiales_Rubritaleaceae_Roseibacillus,NO2=high,NH4=Unknown}","{Classification=Undetermined}",0.0012573673870334,0.888888888888889,0.00141453831041257,5.52300347222222,16,7.55151277013752,8.79600598514319e-13,0.171580041939276,0.888888888888889,"Bacteria_Verrucomicrobiota_Verrucomicrobiae_Verrucomicrobiales_Rubritaleaceae_Roseibacillus",3
"tertile","Equal frequency (3 bins)",0.001,"complexity","{taxon=Bacteria_Bacteroidota_Bacteroidia_Flavobacteriales_Crocinitomicaceae_Fluviicola,PelagicLayer=Epipelagic,NH4=Unknown,Temperature=medium}","{Classification=Undetermined}",0.0012573673870334,0.842105263157895,0.00149312377210216,5.23231907894737,16,5.31402750491159,1.32875823116391e-11,0.150862617352447,0.842105263157895,"Bacteria_Bacteroidota_Bacteroidia_Flavobacteriales_Crocinitomicaceae_Fluviicola",4
"tertile","Equal frequency (3 bins)",0.001,"complexity","{taxon=Bacteria_Bacteroidota_Bacteroidia_Flavobacteriales_Cryomorphaceae_,PelagicLayer=Mesopelagic,PO4=high,NO2=high,Chl=Unknown,Temperature=low,WaterMass=TAW}","{Classification=Undetermined}",0.00102161100196464,0.866666666666667,0.00117878192534381,5.38492838541667,13,6.29292730844794,2.1286662762672e-09,0.15705742123819,-0.0333333333333333,"Bacteria_Bacteroidota_Bacteroidia_Flavobacteriales_Cryomorphaceae_",7
"tertile","Equal frequency (3 bins)",0.001,"complexity","{taxon=Bacteria_Bacteroidota_Bacteroidia_Flavobacteriales_Flavobacteriaceae_,PelagicLayer=Epipelagic,NH4=Unknown,Chl=low}","{Classification=Abundant}",0.00133595284872299,0.80952380952381,0.00165029469548134,17.6390247879974,17,5.00905697445972,1.5173188486101e-58,0.273782337136559,0,"Bacteria_Bacteroidota_Bacteroidia_Flavobacteriales_Flavobacteriaceae_",4
"tertile","Equal frequency (3 bins)",0.001,"complexity","{taxon=Bacteria_Bacteroidota_Bacteroidia_Flavobacteriales_Flavobacteriaceae_Aurantivirga,PelagicLayer=Mesopelagic,PO4=high,NO2=high,Si=high,Chl=Unknown}","{Classification=Abundant}",0.00110019646365422,0.823529411764706,0.00133595284872299,17.9441982272361,14,5.40660117878193,9.96339029234863e-49,0.274270304378391,0,"Bacteria_Bacteroidota_Bacteroidia_Flavobacteriales_Flavobacteriaceae_Aurantivirga",6
"tertile","Equal frequency (3 bins)",0.001,"complexity","{taxon=Bacteria_Bacteroidota_Bacteroidia_Flavobacteriales_Flavobacteriaceae_NS4 marine group,PelagicLayer=Epipelagic,Salinity=very high,WaterMass=AW}","{Classification=Undetermined}",0.00110019646365422,0.875,0.0012573673870334,5.43670654296875,14,6.7124557956778,1.59213499550417e-10,0.162268072913611,0,"Bacteria_Bacteroidota_Bacteroidia_Flavobacteriales_Flavobacteriaceae_NS4 marine group",4
"tertile","Equal frequency (3 bins)",0.001,"complexity","{taxon=Bacteria_Bacteroidota_Bacteroidia_Flavobacteriales_Flavobacteriaceae_Ulvibacter,PelagicLayer=Epipelagic,NH4=Unknown,Chl=high}","{Classification=Undetermined}",0.00110019646365422,0.933333333333333,0.00117878192534381,5.79915364583333,14,12.5858546168959,8.13704907388062e-12,0.190412503406409,0,"Bacteria_Bacteroidota_Bacteroidia_Flavobacteriales_Flavobacteriaceae_Ulvibacter",4
"tertile","Equal frequency (3 bins)",0.001,"complexity","{taxon=Bacteria_Bacteroidota_Bacteroidia_Flavobacteriales_NS9 marine group_,PelagicLayer=Epipelagic,Si=low,Salinity=low}","{Classification=Undetermined}",0.00102161100196464,0.866666666666667,0.00117878192534381,5.38492838541667,13,6.29292730844794,2.1286662762672e-09,0.15705742123819,0,"Bacteria_Bacteroidota_Bacteroidia_Flavobacteriales_NS9 marine group_",4
"tertile","Equal frequency (3 bins)",0.001,"complexity","{taxon=Bacteria_Planctomycetota_OM190_,PO4=high,Si=high,Chl=Unknown,Temperature=low}","{Classification=Undetermined}",0.00133595284872299,0.80952380952381,0.00165029469548134,5.02987816220238,17,4.40504911591356,1.2346012480418e-11,0.138786808948241,-0.0165631469979296,"Bacteria_Planctomycetota_OM190_",5
"tertile","Equal frequency (3 bins)",0.001,"complexity","{taxon=Bacteria_Proteobacteria_Alphaproteobacteria_Rhodobacterales_Rhodobacteraceae_Planktomarina,PelagicLayer=Epipelagic,PO4=low,Si=low,Temperature=high}","{Classification=Undetermined}",0.00102161100196464,0.866666666666667,0.00117878192534381,5.38492838541667,13,6.29292730844794,2.1286662762672e-09,0.15705742123819,-0.0333333333333333,"Bacteria_Proteobacteria_Alphaproteobacteria_Rhodobacterales_Rhodobacteraceae_Planktomarina",5
"tertile","Equal frequency (3 bins)",0.001,"complexity","{taxon=Bacteria_Proteobacteria_Alphaproteobacteria_Rhodobacterales_Rhodobacteraceae_Sulfitobacter,PelagicLayer=Epipelagic,PO4=medium,NO2=medium}","{Classification=Undetermined}",0.00110019646365422,0.875,0.0012573673870334,5.43670654296875,14,6.7124557956778,1.59213499550417e-10,0.162268072913611,0.0514705882352942,"Bacteria_Proteobacteria_Alphaproteobacteria_Rhodobacterales_Rhodobacteraceae_Sulfitobacter",4
"tertile","Equal frequency (3 bins)",0.001,"complexity","{taxon=Bacteria_Proteobacteria_Alphaproteobacteria_SAR11 clade_Clade I_Clade Ia,PelagicLayer=Mesopelagic,PO4=high,NO2=high,Si=high,Chl=Unknown,Temperature=low}","{Classification=Abundant}",0.00102161100196464,0.866666666666667,0.00117878192534381,18.8841324200913,13,7.15579567779961,7.58374262389817e-48,0.296188753229654,-0.0222222222222221,"Bacteria_Proteobacteria_Alphaproteobacteria_SAR11 clade_Clade I_Clade Ia",7
"tertile","Equal frequency (3 bins)",0.001,"complexity","{taxon=Bacteria_Proteobacteria_Alphaproteobacteria_SAR11 clade_Clade III_}","{Classification=Rare}",0.00675834970530452,1,0.00675834970530452,1.26077479441197,86,Inf,0.0433674617289499,NA,1,"Bacteria_Proteobacteria_Alphaproteobacteria_SAR11 clade_Clade III_",1
"tertile","Equal frequency (3 bins)",0.001,"complexity","{taxon=Bacteria_Proteobacteria_Alphaproteobacteria_SAR11 clade_Clade IV_}","{Classification=Rare}",0.00762278978388998,0.989795918367347,0.00770137524557957,1.2479097454894,97,20.2700196463654,0.0301841800894545,0.0323100320333551,0.989795918367347,"Bacteria_Proteobacteria_Alphaproteobacteria_SAR11 clade_Clade IV_",1
"tertile","Equal frequency (3 bins)",0.001,"complexity","{taxon=Bacteria_Proteobacteria_Gammaproteobacteria_Burkholderiales_Nitrosomonadaceae_Nitrosomonas,PelagicLayer=Mesopelagic,PO4=high,NO2=high,Si=high,Chl=Unknown,Temperature=low}","{Classification=Undetermined}",0.00102161100196464,0.928571428571429,0.00110019646365422,5.76956612723214,13,11.7467976424361,1.1334977885045e-10,0.186111186261745,0,"Bacteria_Proteobacteria_Gammaproteobacteria_Burkholderiales_Nitrosomonadaceae_Nitrosomonas",7
"tertile","Equal frequency (3 bins)",0.001,"complexity","{taxon=Bacteria_Proteobacteria_Gammaproteobacteria_Pseudomonadales_KI89A clade_}","{Classification=Rare}",0.00738703339882122,1,0.00738703339882122,1.26077479441197,94,Inf,0.0144411244080165,NA,1,"Bacteria_Proteobacteria_Gammaproteobacteria_Pseudomonadales_KI89A clade_",1
"tertile","Equal frequency (3 bins)",0.001,"complexity","{taxon=Bacteria_Proteobacteria_Gammaproteobacteria_Pseudomonadales_Porticoccaceae_SAR92 clade,PelagicLayer=Mesopelagic,PO4=high,NO2=high,Chl=Unknown,Temperature=low,WaterMass=TAW}","{Classification=Undetermined}",0.00102161100196464,0.866666666666667,0.00117878192534381,5.38492838541667,13,6.29292730844794,2.1286662762672e-09,0.15705742123819,0,"Bacteria_Proteobacteria_Gammaproteobacteria_Pseudomonadales_Porticoccaceae_SAR92 clade",7
"tertile","Equal frequency (3 bins)",0.001,"complexity","{taxon=Bacteria_Verrucomicrobiota_Verrucomicrobiae_Verrucomicrobiales_Rubritaleaceae_Roseibacillus,NO2=high,NH4=Unknown}","{Classification=Undetermined}",0.0012573673870334,0.888888888888889,0.00141453831041257,5.52300347222222,16,7.55151277013752,8.79600598514319e-13,0.171580041939276,0.888888888888889,"Bacteria_Verrucomicrobiota_Verrucomicrobiae_Verrucomicrobiales_Rubritaleaceae_Roseibacillus",3
"tertile","Equal frequency (3 bins)",0.002,"improvement","{taxon=Bacteria_Bacteroidota_Bacteroidia_Flavobacteriales_Cryomorphaceae_,NO2=high}","{Classification=Undetermined}",0.00204322200392927,0.8125,0.0025147347740668,5.04837036132812,26,4.47497053045187,1.17851123524131e-19,0.148689392233719,0.8125,"Bacteria_Bacteroidota_Bacteroidia_Flavobacteriales_Cryomorphaceae_",2
"tertile","Equal frequency (3 bins)",0.002,"improvement","{taxon=Bacteria_Bacteroidota_Bacteroidia_Flavobacteriales_Flavobacteriaceae_NS4 marine group,NO2=high}","{Classification=Undetermined}",0.00204322200392927,0.8125,0.0025147347740668,5.04837036132812,26,4.47497053045187,1.17851123524131e-19,0.148689392233719,0.8125,"Bacteria_Bacteroidota_Bacteroidia_Flavobacteriales_Flavobacteriaceae_NS4 marine group",2
"tertile","Equal frequency (3 bins)",0.002,"improvement","{taxon=Bacteria_Proteobacteria_Alphaproteobacteria_Rhodobacterales_Rhodobacteraceae_Planktomarina,PO4=low}","{Classification=Undetermined}",0.00212180746561886,0.84375,0.0025147347740668,5.24253845214844,27,5.36996463654224,7.94815988942681e-22,0.163174743732089,0.84375,"Bacteria_Proteobacteria_Alphaproteobacteria_Rhodobacterales_Rhodobacteraceae_Planktomarina",2
"tertile","Equal frequency (3 bins)",0.002,"improvement","{taxon=Bacteria_Proteobacteria_Alphaproteobacteria_SAR11 clade_Clade I_Clade Ia,NO2=high}","{Classification=Abundant}",0.00212180746561886,0.84375,0.0025147347740668,18.384792380137,27,6.106278978389,2.33597054972125e-99,0.313913930931718,0.84375,"Bacteria_Proteobacteria_Alphaproteobacteria_SAR11 clade_Clade I_Clade Ia",2
"tertile","Equal frequency (3 bins)",0.002,"improvement","{taxon=Bacteria_Proteobacteria_Alphaproteobacteria_SAR11 clade_Clade III_}","{Classification=Rare}",0.00675834970530452,1,0.00675834970530452,1.26077479441197,86,Inf,0.0239765237588215,NA,1,"Bacteria_Proteobacteria_Alphaproteobacteria_SAR11 clade_Clade III_",1
"tertile","Equal frequency (3 bins)",0.002,"improvement","{taxon=Bacteria_Proteobacteria_Alphaproteobacteria_SAR11 clade_Clade IV_}","{Classification=Rare}",0.00762278978388998,0.989795918367347,0.00770137524557957,1.2479097454894,97,20.2700196463654,0.0166878964597607,0.0323100320333551,0.989795918367347,"Bacteria_Proteobacteria_Alphaproteobacteria_SAR11 clade_Clade IV_",1
"tertile","Equal frequency (3 bins)",0.002,"improvement","{taxon=Bacteria_Proteobacteria_Gammaproteobacteria_Pseudomonadales_KI89A clade_}","{Classification=Rare}",0.00738703339882122,1,0.00738703339882122,1.26077479441197,94,Inf,0.0079840495308898,NA,1,"Bacteria_Proteobacteria_Gammaproteobacteria_Pseudomonadales_KI89A clade_",1
"tertile","Equal frequency (3 bins)",0.002,"improvement","{taxon=Bacteria_Proteobacteria_Gammaproteobacteria_Pseudomonadales_Porticoccaceae_SAR92 clade,NO2=high}","{Classification=Undetermined}",0.00212180746561886,0.84375,0.0025147347740668,5.24253845214844,27,5.36996463654224,7.94815988942681e-22,0.163174743732089,0.84375,"Bacteria_Proteobacteria_Gammaproteobacteria_Pseudomonadales_Porticoccaceae_SAR92 clade",2
"tertile","Equal frequency (3 bins)",0.002,"mutual_information","{taxon=Bacteria_Bacteroidota_Bacteroidia_Flavobacteriales_Cryomorphaceae_,NO2=high}","{Classification=Undetermined}",0.00204322200392927,0.8125,0.0025147347740668,5.04837036132812,26,4.47497053045187,1.17851123524131e-19,0.148689392233719,0.8125,"Bacteria_Bacteroidota_Bacteroidia_Flavobacteriales_Cryomorphaceae_",2
"tertile","Equal frequency (3 bins)",0.002,"mutual_information","{taxon=Bacteria_Bacteroidota_Bacteroidia_Flavobacteriales_Flavobacteriaceae_NS4 marine group,NO2=high}","{Classification=Undetermined}",0.00204322200392927,0.8125,0.0025147347740668,5.04837036132812,26,4.47497053045187,1.17851123524131e-19,0.148689392233719,0.8125,"Bacteria_Bacteroidota_Bacteroidia_Flavobacteriales_Flavobacteriaceae_NS4 marine group",2
"tertile","Equal frequency (3 bins)",0.002,"mutual_information","{taxon=Bacteria_Proteobacteria_Alphaproteobacteria_Rhodobacterales_Rhodobacteraceae_Planktomarina,PO4=low}","{Classification=Undetermined}",0.00212180746561886,0.84375,0.0025147347740668,5.24253845214844,27,5.36996463654224,7.94815988942681e-22,0.163174743732089,0.84375,"Bacteria_Proteobacteria_Alphaproteobacteria_Rhodobacterales_Rhodobacteraceae_Planktomarina",2
"tertile","Equal frequency (3 bins)",0.002,"mutual_information","{taxon=Bacteria_Proteobacteria_Alphaproteobacteria_SAR11 clade_Clade I_Clade Ia,NO2=high}","{Classification=Abundant}",0.00212180746561886,0.84375,0.0025147347740668,18.384792380137,27,6.106278978389,2.33597054972125e-99,0.313913930931718,0.84375,"Bacteria_Proteobacteria_Alphaproteobacteria_SAR11 clade_Clade I_Clade Ia",2
"tertile","Equal frequency (3 bins)",0.002,"mutual_information","{taxon=Bacteria_Proteobacteria_Alphaproteobacteria_SAR11 clade_Clade III_}","{Classification=Rare}",0.00675834970530452,1,0.00675834970530452,1.26077479441197,86,Inf,0.0239765237588215,NA,1,"Bacteria_Proteobacteria_Alphaproteobacteria_SAR11 clade_Clade III_",1
"tertile","Equal frequency (3 bins)",0.002,"mutual_information","{taxon=Bacteria_Proteobacteria_Alphaproteobacteria_SAR11 clade_Clade IV_}","{Classification=Rare}",0.00762278978388998,0.989795918367347,0.00770137524557957,1.2479097454894,97,20.2700196463654,0.0166878964597607,0.0323100320333551,0.989795918367347,"Bacteria_Proteobacteria_Alphaproteobacteria_SAR11 clade_Clade IV_",1
"tertile","Equal frequency (3 bins)",0.002,"mutual_information","{taxon=Bacteria_Proteobacteria_Gammaproteobacteria_Pseudomonadales_KI89A clade_}","{Classification=Rare}",0.00738703339882122,1,0.00738703339882122,1.26077479441197,94,Inf,0.0079840495308898,NA,1,"Bacteria_Proteobacteria_Gammaproteobacteria_Pseudomonadales_KI89A clade_",1
"tertile","Equal frequency (3 bins)",0.002,"mutual_information","{taxon=Bacteria_Proteobacteria_Gammaproteobacteria_Pseudomonadales_Porticoccaceae_SAR92 clade,NO2=high}","{Classification=Undetermined}",0.00212180746561886,0.84375,0.0025147347740668,5.24253845214844,27,5.36996463654224,7.94815988942681e-22,0.163174743732089,0.84375,"Bacteria_Proteobacteria_Gammaproteobacteria_Pseudomonadales_Porticoccaceae_SAR92 clade",2
"tertile","Equal frequency (3 bins)",0.002,"complexity","{taxon=Bacteria_Bacteroidota_Bacteroidia_Flavobacteriales_Cryomorphaceae_,NO2=high}","{Classification=Undetermined}",0.00204322200392927,0.8125,0.0025147347740668,5.04837036132812,26,4.47497053045187,1.17851123524131e-19,0.148689392233719,0.8125,"Bacteria_Bacteroidota_Bacteroidia_Flavobacteriales_Cryomorphaceae_",2
"tertile","Equal frequency (3 bins)",0.002,"complexity","{taxon=Bacteria_Bacteroidota_Bacteroidia_Flavobacteriales_Flavobacteriaceae_NS4 marine group,NO2=high}","{Classification=Undetermined}",0.00204322200392927,0.8125,0.0025147347740668,5.04837036132812,26,4.47497053045187,1.17851123524131e-19,0.148689392233719,0.8125,"Bacteria_Bacteroidota_Bacteroidia_Flavobacteriales_Flavobacteriaceae_NS4 marine group",2
"tertile","Equal frequency (3 bins)",0.002,"complexity","{taxon=Bacteria_Proteobacteria_Alphaproteobacteria_Rhodobacterales_Rhodobacteraceae_Planktomarina,PelagicLayer=Epipelagic,PO4=low}","{Classification=Undetermined}",0.00212180746561886,0.84375,0.0025147347740668,5.24253845214844,27,5.36996463654224,7.94815988942681e-22,0.163174743732089,0,"Bacteria_Proteobacteria_Alphaproteobacteria_Rhodobacterales_Rhodobacteraceae_Planktomarina",3
"tertile","Equal frequency (3 bins)",0.002,"complexity","{taxon=Bacteria_Proteobacteria_Alphaproteobacteria_SAR11 clade_Clade I_Clade Ia,NO2=high}","{Classification=Abundant}",0.00212180746561886,0.84375,0.0025147347740668,18.384792380137,27,6.106278978389,2.33597054972125e-99,0.313913930931718,0.84375,"Bacteria_Proteobacteria_Alphaproteobacteria_SAR11 clade_Clade I_Clade Ia",2
"tertile","Equal frequency (3 bins)",0.002,"complexity","{taxon=Bacteria_Proteobacteria_Alphaproteobacteria_SAR11 clade_Clade III_}","{Classification=Rare}",0.00675834970530452,1,0.00675834970530452,1.26077479441197,86,Inf,0.0239765237588215,NA,1,"Bacteria_Proteobacteria_Alphaproteobacteria_SAR11 clade_Clade III_",1
"tertile","Equal frequency (3 bins)",0.002,"complexity","{taxon=Bacteria_Proteobacteria_Alphaproteobacteria_SAR11 clade_Clade IV_}","{Classification=Rare}",0.00762278978388998,0.989795918367347,0.00770137524557957,1.2479097454894,97,20.2700196463654,0.0166878964597607,0.0323100320333551,0.989795918367347,"Bacteria_Proteobacteria_Alphaproteobacteria_SAR11 clade_Clade IV_",1
"tertile","Equal frequency (3 bins)",0.002,"complexity","{taxon=Bacteria_Proteobacteria_Gammaproteobacteria_Pseudomonadales_KI89A clade_}","{Classification=Rare}",0.00738703339882122,1,0.00738703339882122,1.26077479441197,94,Inf,0.0079840495308898,NA,1,"Bacteria_Proteobacteria_Gammaproteobacteria_Pseudomonadales_KI89A clade_",1
"tertile","Equal frequency (3 bins)",0.002,"complexity","{taxon=Bacteria_Proteobacteria_Gammaproteobacteria_Pseudomonadales_Porticoccaceae_SAR92 clade,NO2=high}","{Classification=Undetermined}",0.00212180746561886,0.84375,0.0025147347740668,5.24253845214844,27,5.36996463654224,7.94815988942681e-22,0.163174743732089,0.84375,"Bacteria_Proteobacteria_Gammaproteobacteria_Pseudomonadales_Porticoccaceae_SAR92 clade",2
"tertile","Equal frequency (3 bins)",0.005,"improvement","{taxon=Bacteria_Proteobacteria_Alphaproteobacteria_SAR11 clade_Clade III_}","{Classification=Rare}",0.00675834970530452,1,0.00675834970530452,1.26077479441197,86,Inf,0.020933582265797,NA,1,"Bacteria_Proteobacteria_Alphaproteobacteria_SAR11 clade_Clade III_",1
"tertile","Equal frequency (3 bins)",0.005,"improvement","{taxon=Bacteria_Proteobacteria_Alphaproteobacteria_SAR11 clade_Clade IV_}","{Classification=Rare}",0.00762278978388998,0.989795918367347,0.00770137524557957,1.2479097454894,97,20.2700196463654,0.0145699792387532,0.0323100320333551,0.989795918367347,"Bacteria_Proteobacteria_Alphaproteobacteria_SAR11 clade_Clade IV_",1
"tertile","Equal frequency (3 bins)",0.005,"improvement","{taxon=Bacteria_Proteobacteria_Alphaproteobacteria_Thalassobaculales_Nisaeaceae_OM75 clade}","{Classification=Rare}",0.00628683693516699,1,0.00628683693516699,1.26077479441197,80,Inf,0.0478285235934726,NA,1,"Bacteria_Proteobacteria_Alphaproteobacteria_Thalassobaculales_Nisaeaceae_OM75 clade",1
"tertile","Equal frequency (3 bins)",0.005,"improvement","{taxon=Bacteria_Proteobacteria_Gammaproteobacteria_Pseudomonadales_KI89A clade_}","{Classification=Rare}",0.00738703339882122,1,0.00738703339882122,1.26077479441197,94,Inf,0.00697076687806283,NA,1,"Bacteria_Proteobacteria_Gammaproteobacteria_Pseudomonadales_KI89A clade_",1
"tertile","Equal frequency (3 bins)",0.005,"mutual_information","{taxon=Bacteria_Proteobacteria_Alphaproteobacteria_SAR11 clade_Clade III_}","{Classification=Rare}",0.00675834970530452,1,0.00675834970530452,1.26077479441197,86,Inf,0.020933582265797,NA,1,"Bacteria_Proteobacteria_Alphaproteobacteria_SAR11 clade_Clade III_",1
"tertile","Equal frequency (3 bins)",0.005,"mutual_information","{taxon=Bacteria_Proteobacteria_Alphaproteobacteria_SAR11 clade_Clade IV_}","{Classification=Rare}",0.00762278978388998,0.989795918367347,0.00770137524557957,1.2479097454894,97,20.2700196463654,0.0145699792387532,0.0323100320333551,0.989795918367347,"Bacteria_Proteobacteria_Alphaproteobacteria_SAR11 clade_Clade IV_",1
"tertile","Equal frequency (3 bins)",0.005,"mutual_information","{taxon=Bacteria_Proteobacteria_Alphaproteobacteria_Thalassobaculales_Nisaeaceae_OM75 clade}","{Classification=Rare}",0.00628683693516699,1,0.00628683693516699,1.26077479441197,80,Inf,0.0478285235934726,NA,1,"Bacteria_Proteobacteria_Alphaproteobacteria_Thalassobaculales_Nisaeaceae_OM75 clade",1
"tertile","Equal frequency (3 bins)",0.005,"mutual_information","{taxon=Bacteria_Proteobacteria_Gammaproteobacteria_Pseudomonadales_KI89A clade_}","{Classification=Rare}",0.00738703339882122,1,0.00738703339882122,1.26077479441197,94,Inf,0.00697076687806283,NA,1,"Bacteria_Proteobacteria_Gammaproteobacteria_Pseudomonadales_KI89A clade_",1
"tertile","Equal frequency (3 bins)",0.005,"complexity","{taxon=Bacteria_Proteobacteria_Alphaproteobacteria_SAR11 clade_Clade III_}","{Classification=Rare}",0.00675834970530452,1,0.00675834970530452,1.26077479441197,86,Inf,0.020933582265797,NA,1,"Bacteria_Proteobacteria_Alphaproteobacteria_SAR11 clade_Clade III_",1
"tertile","Equal frequency (3 bins)",0.005,"complexity","{taxon=Bacteria_Proteobacteria_Alphaproteobacteria_SAR11 clade_Clade IV_}","{Classification=Rare}",0.00762278978388998,0.989795918367347,0.00770137524557957,1.2479097454894,97,20.2700196463654,0.0145699792387532,0.0323100320333551,0.989795918367347,"Bacteria_Proteobacteria_Alphaproteobacteria_SAR11 clade_Clade IV_",1
"tertile","Equal frequency (3 bins)",0.005,"complexity","{taxon=Bacteria_Proteobacteria_Alphaproteobacteria_Thalassobaculales_Nisaeaceae_OM75 clade}","{Classification=Rare}",0.00628683693516699,1,0.00628683693516699,1.26077479441197,80,Inf,0.0478285235934726,NA,1,"Bacteria_Proteobacteria_Alphaproteobacteria_Thalassobaculales_Nisaeaceae_OM75 clade",1
"tertile","Equal frequency (3 bins)",0.005,"complexity","{taxon=Bacteria_Proteobacteria_Gammaproteobacteria_Pseudomonadales_KI89A clade_}","{Classification=Rare}",0.00738703339882122,1,0.00738703339882122,1.26077479441197,94,Inf,0.00697076687806283,NA,1,"Bacteria_Proteobacteria_Gammaproteobacteria_Pseudomonadales_KI89A clade_",1
"equal_interval_4","Equal interval (4 bins)",5e-04,"improvement","{taxon=Archaea_Crenarchaeota_Nitrososphaeria_Nitrosopumilales_Nitrosopumilaceae_,WaterMass=WCW}","{Classification=Abundant}",0.000550098231827112,1,0.000550098231827112,21.7893835616438,7,Inf,1.0853167750875e-28,NA,1,"Archaea_Crenarchaeota_Nitrososphaeria_Nitrosopumilales_Nitrosopumilaceae_",2
"equal_interval_4","Equal interval (4 bins)",5e-04,"improvement","{taxon=Archaea_Crenarchaeota_Nitrososphaeria_Nitrosopumilales_Nitrosopumilaceae_Candidatus Nitrosopumilus,PelagicLayer=Mesopelagic,NO2=high}","{Classification=Abundant}",0.000707269155206287,0.9,0.000785854616895874,19.6104452054795,9,9.54106090373281,2.62708482740111e-33,0.301837654726351,0.9,"Archaea_Crenarchaeota_Nitrososphaeria_Nitrosopumilales_Nitrosopumilaceae_Candidatus Nitrosopumilus",3
"equal_interval_4","Equal interval (4 bins)",5e-04,"improvement","{taxon=Bacteria_Actinobacteriota_Acidimicrobiia_Microtrichales_Microtrichaceae_Sva0996 marine group,PelagicLayer=Bathypelagic}","{Classification=Undetermined}",0.000550098231827112,0.875,0.000628683693516699,5.43670654296875,7,6.7124557956778,0.00263750078264809,0.148684177283119,0.875,"Bacteria_Actinobacteriota_Acidimicrobiia_Microtrichales_Microtrichaceae_Sva0996 marine group",2
"equal_interval_4","Equal interval (4 bins)",5e-04,"improvement","{taxon=Bacteria_Bacteroidota_Bacteroidia_Chitinophagales_Saprospiraceae_,Chl=low,Temperature=very high}","{Classification=Undetermined}",0.000550098231827112,0.875,0.000628683693516699,5.43670654296875,7,6.7124557956778,0.00263750078264809,0.148684177283119,0.875,"Bacteria_Bacteroidota_Bacteroidia_Chitinophagales_Saprospiraceae_",3
"equal_interval_4","Equal interval (4 bins)",5e-04,"improvement","{taxon=Bacteria_Bacteroidota_Bacteroidia_Flavobacteriales_Crocinitomicaceae_Fluviicola,NH4=Unknown,Chl=low}","{Classification=Undetermined}",0.000707269155206287,0.9,0.000785854616895874,5.592041015625,9,8.39056974459725,1.36219458735323e-05,0.164216296707775,0.9,"Bacteria_Bacteroidota_Bacteroidia_Flavobacteriales_Crocinitomicaceae_Fluviicola",3
"equal_interval_4","Equal interval (4 bins)",5e-04,"improvement","{taxon=Bacteria_Bacteroidota_Bacteroidia_Flavobacteriales_Cryomorphaceae_,NO2=very high}","{Classification=Undetermined}",0.000628683693516699,1,0.000628683693516699,6.21337890625,8,Inf,7.17168620990914e-06,NA,1,"Bacteria_Bacteroidota_Bacteroidia_Flavobacteriales_Cryomorphaceae_",2
"equal_interval_4","Equal interval (4 bins)",5e-04,"improvement","{taxon=Bacteria_Bacteroidota_Bacteroidia_Flavobacteriales_Flavobacteriaceae_,PO4=very low,Salinity=high}","{Classification=Abundant}",0.000707269155206287,1,0.000707269155206287,21.7893835616438,9,Inf,8.74009581790108e-38,NA,1,"Bacteria_Bacteroidota_Bacteroidia_Flavobacteriales_Flavobacteriaceae_",3
"equal_interval_4","Equal interval (4 bins)",5e-04,"improvement","{taxon=Bacteria_Bacteroidota_Bacteroidia_Flavobacteriales_Flavobacteriaceae_Aurantivirga,Chl=Unknown,Salinity=low}","{Classification=Abundant}",0.000550098231827112,1,0.000550098231827112,21.7893835616438,7,Inf,1.0853167750875e-28,NA,1,"Bacteria_Bacteroidota_Bacteroidia_Flavobacteriales_Flavobacteriaceae_Aurantivirga",3
"equal_interval_4","Equal interval (4 bins)",5e-04,"improvement","{taxon=Bacteria_Bacteroidota_Bacteroidia_Flavobacteriales_Flavobacteriaceae_Formosa,NH4=Unknown,Chl=low}","{Classification=Abundant}",0.000628683693516699,0.8,0.000785854616895874,17.4315068493151,8,4.7705304518664,2.84703738639812e-25,0.24290329623764,0.8,"Bacteria_Bacteroidota_Bacteroidia_Flavobacteriales_Flavobacteriaceae_Formosa",3
"equal_interval_4","Equal interval (4 bins)",5e-04,"improvement","{taxon=Bacteria_Bacteroidota_Bacteroidia_Flavobacteriales_Flavobacteriaceae_NS2b marine group,PO4=very low,Temperature=very high,WaterMass=AW}","{Classification=Undetermined}",0.000785854616895874,0.833333333333333,0.000943025540275049,5.17781575520833,10,5.03434184675835,1.56088445084363e-05,0.138404250774799,0.833333333333333,"Bacteria_Bacteroidota_Bacteroidia_Flavobacteriales_Flavobacteriaceae_NS2b marine group",4
"equal_interval_4","Equal interval (4 bins)",5e-04,"improvement","{taxon=Bacteria_Bacteroidota_Bacteroidia_Flavobacteriales_Flavobacteriaceae_NS4 marine group,Si=low,Temperature=high}","{Classification=Undetermined}",0.000550098231827112,1,0.000550098231827112,6.21337890625,7,Inf,0.000103923751116952,NA,1,"Bacteria_Bacteroidota_Bacteroidia_Flavobacteriales_Flavobacteriaceae_NS4 marine group",3
"equal_interval_4","Equal interval (4 bins)",5e-04,"improvement","{taxon=Bacteria_Bacteroidota_Bacteroidia_Flavobacteriales_Flavobacteriaceae_NS5 marine group,NH4=Unknown,Chl=very low,Temperature=high}","{Classification=Abundant}",0.000707269155206287,0.9,0.000785854616895874,19.6104452054795,9,9.54106090373281,2.62708482740111e-33,0.301837654726351,0.9,"Bacteria_Bacteroidota_Bacteroidia_Flavobacteriales_Flavobacteriaceae_NS5 marine group",4
"equal_interval_4","Equal interval (4 bins)",5e-04,"improvement","{taxon=Bacteria_Bacteroidota_Bacteroidia_Flavobacteriales_Flavobacteriaceae_Polaribacter,Si=low,Salinity=high}","{Classification=Undetermined}",0.000550098231827112,1,0.000550098231827112,6.21337890625,7,Inf,0.000103923751116952,NA,1,"Bacteria_Bacteroidota_Bacteroidia_Flavobacteriales_Flavobacteriaceae_Polaribacter",3
"equal_interval_4","Equal interval (4 bins)",5e-04,"improvement","{taxon=Bacteria_Bacteroidota_Bacteroidia_Flavobacteriales_Flavobacteriaceae_Ulvibacter,NO2=Undetected,Chl=low}","{Classification=Undetermined}",0.000550098231827112,1,0.000550098231827112,6.21337890625,7,Inf,0.000103923751116952,NA,1,"Bacteria_Bacteroidota_Bacteroidia_Flavobacteriales_Flavobacteriaceae_Ulvibacter",3
"equal_interval_4","Equal interval (4 bins)",5e-04,"improvement","{taxon=Bacteria_Bacteroidota_Bacteroidia_Flavobacteriales_NS9 marine group_,WaterMass=IW}","{Classification=Undetermined}",0.000864440078585462,0.916666666666667,0.000943025540275049,5.69559733072917,11,10.0686836935167,7.0155848297355e-08,0.176283522145113,0.916666666666667,"Bacteria_Bacteroidota_Bacteroidia_Flavobacteriales_NS9 marine group_",2
"equal_interval_4","Equal interval (4 bins)",5e-04,"improvement","{taxon=Bacteria_Chloroflexi_Dehalococcoidia_SAR202 clade,WaterMass=WCW}","{Classification=Undetermined}",0.000550098231827112,1,0.000550098231827112,6.21337890625,7,Inf,0.000103923751116952,NA,1,"Bacteria_Chloroflexi_Dehalococcoidia_SAR202 clade",2
"equal_interval_4","Equal interval (4 bins)",5e-04,"improvement","{taxon=Bacteria_Marinimicrobia (SAR406 clade)__,WaterMass=WCW}","{Classification=Abundant}",0.000550098231827112,1,0.000550098231827112,21.7893835616438,7,Inf,1.0853167750875e-28,NA,1,"Bacteria_Marinimicrobia (SAR406 clade)__",2
"equal_interval_4","Equal interval (4 bins)",5e-04,"improvement","{taxon=Bacteria_Nitrospinota_Nitrospinia_Nitrospinales_Nitrospinaceae_LS-NOB,WaterMass=WCW}","{Classification=Undetermined}",0.000550098231827112,1,0.000550098231827112,6.21337890625,7,Inf,0.000103923751116952,NA,1,"Bacteria_Nitrospinota_Nitrospinia_Nitrospinales_Nitrospinaceae_LS-NOB",2
"equal_interval_4","Equal interval (4 bins)",5e-04,"improvement","{taxon=Bacteria_Planctomycetota_OM190_,WaterMass=WCW}","{Classification=Undetermined}",0.000550098231827112,1,0.000550098231827112,6.21337890625,7,Inf,0.000103923751116952,NA,1,"Bacteria_Planctomycetota_OM190_",2
"equal_interval_4","Equal interval (4 bins)",5e-04,"improvement","{taxon=Bacteria_Planctomycetota_Phycisphaerae_Phycisphaerales_Phycisphaeraceae_JL-ETNP-F27,WaterMass=WCW}","{Classification=Undetermined}",0.000550098231827112,1,0.000550098231827112,6.21337890625,7,Inf,0.000103923751116952,NA,1,"Bacteria_Planctomycetota_Phycisphaerae_Phycisphaerales_Phycisphaeraceae_JL-ETNP-F27",2
"equal_interval_4","Equal interval (4 bins)",5e-04,"improvement","{taxon=Bacteria_Planctomycetota_Planctomycetes_Pirellulales_Pirellulaceae_Rhodopirellula,PelagicLayer=Bathypelagic}","{Classification=Undetermined}",0.000550098231827112,0.875,0.000628683693516699,5.43670654296875,7,6.7124557956778,0.00263750078264809,0.148684177283119,0.875,"Bacteria_Planctomycetota_Planctomycetes_Pirellulales_Pirellulaceae_Rhodopirellula",2
"equal_interval_4","Equal interval (4 bins)",5e-04,"improvement","{taxon=Bacteria_Proteobacteria_Alphaproteobacteria_Defluviicoccales,PO4=very high,Temperature=very low}","{Classification=Undetermined}",0.000550098231827112,1,0.000550098231827112,6.21337890625,7,Inf,0.000103923751116952,NA,1,"Bacteria_Proteobacteria_Alphaproteobacteria_Defluviicoccales",3
"equal_interval_4","Equal interval (4 bins)",5e-04,"improvement","{taxon=Bacteria_Proteobacteria_Alphaproteobacteria_Puniceispirillales_SAR116 clade_,Chl=very low,Temperature=high,Salinity=very low}","{Classification=Undetermined}",0.000707269155206287,0.818181818181818,0.000864440078585462,5.08367365056818,9,4.61481335952849,0.000202202709100732,0.130849101799297,0.818181818181818,"Bacteria_Proteobacteria_Alphaproteobacteria_Puniceispirillales_SAR116 clade_",4
"equal_interval_4","Equal interval (4 bins)",5e-04,"improvement","{taxon=Bacteria_Proteobacteria_Alphaproteobacteria_Rhodobacterales_Rhodobacteraceae_Ascidiaceihabitans,Chl=very low,Temperature=high,Salinity=very low}","{Classification=Undetermined}",0.000707269155206287,0.9,0.000785854616895874,5.592041015625,9,8.39056974459725,1.36219458735323e-05,0.164216296707775,0.9,"Bacteria_Proteobacteria_Alphaproteobacteria_Rhodobacterales_Rhodobacteraceae_Ascidiaceihabitans",4
"equal_interval_4","Equal interval (4 bins)",5e-04,"improvement","{taxon=Bacteria_Proteobacteria_Alphaproteobacteria_Rhodobacterales_Rhodobacteraceae_Planktomarina,NO2=high,WaterMass=TAW}","{Classification=Undetermined}",0.000550098231827112,1,0.000550098231827112,6.21337890625,7,Inf,0.000103923751116952,NA,1,"Bacteria_Proteobacteria_Alphaproteobacteria_Rhodobacterales_Rhodobacteraceae_Planktomarina",3
"equal_interval_4","Equal interval (4 bins)",5e-04,"improvement","{taxon=Bacteria_Proteobacteria_Alphaproteobacteria_Rhodobacterales_Rhodobacteraceae_Sulfitobacter,PelagicLayer=Epipelagic,NO2=very low,NH4=very low}","{Classification=Undetermined}",0.000550098231827112,0.875,0.000628683693516699,5.43670654296875,7,6.7124557956778,0.00263750078264809,0.148684177283119,0.875,"Bacteria_Proteobacteria_Alphaproteobacteria_Rhodobacterales_Rhodobacteraceae_Sulfitobacter",4
"equal_interval_4","Equal interval (4 bins)",5e-04,"improvement","{taxon=Bacteria_Proteobacteria_Alphaproteobacteria_SAR11 clade_Clade I_Clade Ia,NH4=high}","{Classification=Abundant}",0.000943025540275049,0.923076923076923,0.00102161100196464,20.1132771338251,12,12.4033791748527,7.95522504673243e-47,0.327910357799721,0.923076923076923,"Bacteria_Proteobacteria_Alphaproteobacteria_SAR11 clade_Clade I_Clade Ia",2
"equal_interval_4","Equal interval (4 bins)",5e-04,"improvement","{taxon=Bacteria_Proteobacteria_Alphaproteobacteria_SAR11 clade_Clade I_Clade Ib,WaterMass=WCW}","{Classification=Undetermined}",0.000550098231827112,1,0.000550098231827112,6.21337890625,7,Inf,0.000103923751116952,NA,1,"Bacteria_Proteobacteria_Alphaproteobacteria_SAR11 clade_Clade I_Clade Ib",2
"equal_interval_4","Equal interval (4 bins)",5e-04,"improvement","{taxon=Bacteria_Proteobacteria_Alphaproteobacteria_SAR11 clade_Clade II_,PelagicLayer=Bathypelagic}","{Classification=Undetermined}",0.000550098231827112,0.875,0.000628683693516699,5.43670654296875,7,6.7124557956778,0.00263750078264809,0.148684177283119,0.875,"Bacteria_Proteobacteria_Alphaproteobacteria_SAR11 clade_Clade II_",2
"equal_interval_4","Equal interval (4 bins)",5e-04,"improvement","{taxon=Bacteria_Proteobacteria_Gammaproteobacteria_Burkholderiales_Methylophilaceae_OM43 clade,Chl=very low,Temperature=high,Salinity=very low}","{Classification=Undetermined}",0.000785854616895874,0.909090909090909,0.000864440078585462,5.64852627840909,10,9.22962671905697,9.77678505376637e-07,0.170588941116608,0.909090909090909,"Bacteria_Proteobacteria_Gammaproteobacteria_Burkholderiales_Methylophilaceae_OM43 clade",4
"equal_interval_4","Equal interval (4 bins)",5e-04,"improvement","{taxon=Bacteria_Proteobacteria_Gammaproteobacteria_Burkholderiales_Nitrosomonadaceae_Nitrosomonas,Si=low,WaterMass=TAW}","{Classification=Undetermined}",0.000707269155206287,0.9,0.000785854616895874,5.592041015625,9,8.39056974459725,1.36219458735323e-05,0.164216296707775,0.9,"Bacteria_Proteobacteria_Gammaproteobacteria_Burkholderiales_Nitrosomonadaceae_Nitrosomonas",3
"equal_interval_4","Equal interval (4 bins)",5e-04,"improvement","{taxon=Bacteria_Proteobacteria_Gammaproteobacteria_HOC36,WaterMass=WCW}","{Classification=Undetermined}",0.000550098231827112,1,0.000550098231827112,6.21337890625,7,Inf,0.000103923751116952,NA,1,"Bacteria_Proteobacteria_Gammaproteobacteria_HOC36",2
"equal_interval_4","Equal interval (4 bins)",5e-04,"improvement","{taxon=Bacteria_Proteobacteria_Gammaproteobacteria_Pseudomonadales_Halieaceae_OM60(NOR5) clade,NO2=very low,Temperature=very high,WaterMass=AW}","{Classification=Undetermined}",0.000785854616895874,0.833333333333333,0.000943025540275049,5.17781575520833,10,5.03434184675835,1.56088445084363e-05,0.138404250774799,0.833333333333333,"Bacteria_Proteobacteria_Gammaproteobacteria_Pseudomonadales_Halieaceae_OM60(NOR5) clade",4
"equal_interval_4","Equal interval (4 bins)",5e-04,"improvement","{taxon=Bacteria_Proteobacteria_Gammaproteobacteria_Pseudomonadales_KI89A clade_}","{Classification=Rare}",0.00738703339882122,1,0.00738703339882122,1.26077479441197,94,Inf,0.0460335182119949,NA,1,"Bacteria_Proteobacteria_Gammaproteobacteria_Pseudomonadales_KI89A clade_",1
"equal_interval_4","Equal interval (4 bins)",5e-04,"improvement","{taxon=Bacteria_Proteobacteria_Gammaproteobacteria_Pseudomonadales_Nitrincolaceae_,Chl=Unknown,WaterMass=AW}","{Classification=Undetermined}",0.000550098231827112,0.875,0.000628683693516699,5.43670654296875,7,6.7124557956778,0.00263750078264809,0.148684177283119,0.875,"Bacteria_Proteobacteria_Gammaproteobacteria_Pseudomonadales_Nitrincolaceae_",3
"equal_interval_4","Equal interval (4 bins)",5e-04,"improvement","{taxon=Bacteria_Proteobacteria_Gammaproteobacteria_Pseudomonadales_Porticoccaceae_SAR92 clade,NO2=high,NH4=Unknown}","{Classification=Undetermined}",0.000628683693516699,1,0.000628683693516699,6.21337890625,8,Inf,7.17168620990914e-06,NA,1,"Bacteria_Proteobacteria_Gammaproteobacteria_Pseudomonadales_Porticoccaceae_SAR92 clade",3
"equal_interval_4","Equal interval (4 bins)",5e-04,"improvement","{taxon=Bacteria_Proteobacteria_Gammaproteobacteria_Pseudomonadales_Pseudohongiellaceae_Pseudohongiella,WaterMass=WCW}","{Classification=Undetermined}",0.000550098231827112,1,0.000550098231827112,6.21337890625,7,Inf,0.000103923751116952,NA,1,"Bacteria_Proteobacteria_Gammaproteobacteria_Pseudomonadales_Pseudohongiellaceae_Pseudohongiella",2
"equal_interval_4","Equal interval (4 bins)",5e-04,"improvement","{taxon=Bacteria_Proteobacteria_Gammaproteobacteria_Pseudomonadales_SAR86 clade_,Chl=very low,Temperature=high,Salinity=very low}","{Classification=Undetermined}",0.000785854616895874,0.909090909090909,0.000864440078585462,5.64852627840909,10,9.22962671905697,9.77678505376637e-07,0.170588941116608,0.909090909090909,"Bacteria_Proteobacteria_Gammaproteobacteria_Pseudomonadales_SAR86 clade_",4
"equal_interval_4","Equal interval (4 bins)",5e-04,"improvement","{taxon=Bacteria_Proteobacteria_Gammaproteobacteria_Pseudomonadales_Thioglobaceae_Candidatus Thioglobus,Chl=very low,Temperature=high}","{Classification=Abundant}",0.000707269155206287,0.818181818181818,0.000864440078585462,17.8276774595268,9,5.24758349705305,1.2127380587296e-29,0.25598999823493,0.818181818181818,"Bacteria_Proteobacteria_Gammaproteobacteria_Pseudomonadales_Thioglobaceae_Candidatus Thioglobus",3
"equal_interval_4","Equal interval (4 bins)",5e-04,"improvement","{taxon=Bacteria_Proteobacteria_Gammaproteobacteria_Pseudomonadales_Thioglobaceae_SUP05 cluster,NH4=very low,Chl=Unknown}","{Classification=Abundant}",0.000550098231827112,0.875,0.000628683693516699,19.0657106164384,7,7.63284872298625,2.4892873259594e-24,0.278359232907748,0.875,"Bacteria_Proteobacteria_Gammaproteobacteria_Pseudomonadales_Thioglobaceae_SUP05 cluster",3
"equal_interval_4","Equal interval (4 bins)",5e-04,"improvement","{taxon=Bacteria_SAR324 clade(Marine group B)__,WaterMass=WCW}","{Classification=Abundant}",0.000550098231827112,1,0.000550098231827112,21.7893835616438,7,Inf,1.0853167750875e-28,NA,1,"Bacteria_SAR324 clade(Marine group B)__",2
"equal_interval_4","Equal interval (4 bins)",5e-04,"improvement","{taxon=Bacteria_Verrucomicrobiota_Verrucomicrobiae_Arctic97B-4 marine group,WaterMass=WCW}","{Classification=Undetermined}",0.000550098231827112,1,0.000550098231827112,6.21337890625,7,Inf,0.000103923751116952,NA,1,"Bacteria_Verrucomicrobiota_Verrucomicrobiae_Arctic97B-4 marine group",2
"equal_interval_4","Equal interval (4 bins)",5e-04,"improvement","{taxon=Bacteria_Verrucomicrobiota_Verrucomicrobiae_Verrucomicrobiales_Rubritaleaceae_Roseibacillus,NO2=high,NH4=Unknown}","{Classification=Undetermined}",0.000550098231827112,0.875,0.000628683693516699,5.43670654296875,7,6.7124557956778,0.00263750078264809,0.148684177283119,0.875,"Bacteria_Verrucomicrobiota_Verrucomicrobiae_Verrucomicrobiales_Rubritaleaceae_Roseibacillus",3
"equal_interval_4","Equal interval (4 bins)",5e-04,"mutual_information","{taxon=Archaea_Crenarchaeota_Nitrososphaeria_Nitrosopumilales_Nitrosopumilaceae_,PelagicLayer=Bathypelagic}","{Classification=Abundant}",0.000550098231827112,0.875,0.000628683693516699,19.0657106164384,7,7.63284872298625,2.4892873259594e-24,0.278359232907748,0.875,"Archaea_Crenarchaeota_Nitrososphaeria_Nitrosopumilales_Nitrosopumilaceae_",2
"equal_interval_4","Equal interval (4 bins)",5e-04,"mutual_information","{taxon=Archaea_Crenarchaeota_Nitrososphaeria_Nitrosopumilales_Nitrosopumilaceae_Candidatus Nitrosopumilus,PelagicLayer=Mesopelagic,NO2=high}","{Classification=Abundant}",0.000707269155206287,0.9,0.000785854616895874,19.6104452054795,9,9.54106090373281,2.62708482740111e-33,0.301837654726351,0.9,"Archaea_Crenarchaeota_Nitrososphaeria_Nitrosopumilales_Nitrosopumilaceae_Candidatus Nitrosopumilus",3
"equal_interval_4","Equal interval (4 bins)",5e-04,"mutual_information","{taxon=Bacteria_Actinobacteriota_Acidimicrobiia_Microtrichales_Microtrichaceae_Sva0996 marine group,PelagicLayer=Bathypelagic}","{Classification=Undetermined}",0.000550098231827112,0.875,0.000628683693516699,5.43670654296875,7,6.7124557956778,0.00263750078264809,0.148684177283119,0.875,"Bacteria_Actinobacteriota_Acidimicrobiia_Microtrichales_Microtrichaceae_Sva0996 marine group",2
"equal_interval_4","Equal interval (4 bins)",5e-04,"mutual_information","{taxon=Bacteria_Bacteroidota_Bacteroidia_Chitinophagales_Saprospiraceae_,Chl=low,Temperature=very high}","{Classification=Undetermined}",0.000550098231827112,0.875,0.000628683693516699,5.43670654296875,7,6.7124557956778,0.00263750078264809,0.148684177283119,0.875,"Bacteria_Bacteroidota_Bacteroidia_Chitinophagales_Saprospiraceae_",3
"equal_interval_4","Equal interval (4 bins)",5e-04,"mutual_information","{taxon=Bacteria_Bacteroidota_Bacteroidia_Flavobacteriales_Crocinitomicaceae_Fluviicola,NH4=Unknown,Chl=low}","{Classification=Undetermined}",0.000707269155206287,0.9,0.000785854616895874,5.592041015625,9,8.39056974459725,1.36219458735323e-05,0.164216296707775,0.9,"Bacteria_Bacteroidota_Bacteroidia_Flavobacteriales_Crocinitomicaceae_Fluviicola",3
"equal_interval_4","Equal interval (4 bins)",5e-04,"mutual_information","{taxon=Bacteria_Bacteroidota_Bacteroidia_Flavobacteriales_Cryomorphaceae_,Temperature=low,WaterMass=TAW}","{Classification=Undetermined}",0.000943025540275049,0.923076923076923,0.00102161100196464,5.73542668269231,12,10.9077406679764,5.03436310481035e-09,0.181425937145076,0.0995475113122173,"Bacteria_Bacteroidota_Bacteroidia_Flavobacteriales_Cryomorphaceae_",3
"equal_interval_4","Equal interval (4 bins)",5e-04,"mutual_information","{taxon=Bacteria_Bacteroidota_Bacteroidia_Flavobacteriales_Flavobacteriaceae_,NH4=Unknown,Chl=very low,WaterMass=SW}","{Classification=Abundant}",0.00117878192534381,0.9375,0.0012573673870334,20.4275470890411,15,15.2656974459725,2.23151863926451e-60,0.347676412699022,0.131048387096774,"Bacteria_Bacteroidota_Bacteroidia_Flavobacteriales_Flavobacteriaceae_",4
"equal_interval_4","Equal interval (4 bins)",5e-04,"mutual_information","{taxon=Bacteria_Bacteroidota_Bacteroidia_Flavobacteriales_Flavobacteriaceae_Aurantivirga,PelagicLayer=Mesopelagic,PO4=high,Si=low}","{Classification=Abundant}",0.00117878192534381,0.9375,0.0012573673870334,20.4275470890411,15,15.2656974459725,2.23151863926451e-60,0.347676412699022,0.0551470588235294,"Bacteria_Bacteroidota_Bacteroidia_Flavobacteriales_Flavobacteriaceae_Aurantivirga",4
"equal_interval_4","Equal interval (4 bins)",5e-04,"mutual_information","{taxon=Bacteria_Bacteroidota_Bacteroidia_Flavobacteriales_Flavobacteriaceae_Formosa,NH4=Unknown,Chl=low}","{Classification=Abundant}",0.000628683693516699,0.8,0.000785854616895874,17.4315068493151,8,4.7705304518664,2.84703738639812e-25,0.24290329623764,0.8,"Bacteria_Bacteroidota_Bacteroidia_Flavobacteriales_Flavobacteriaceae_Formosa",3
"equal_interval_4","Equal interval (4 bins)",5e-04,"mutual_information","{taxon=Bacteria_Bacteroidota_Bacteroidia_Flavobacteriales_Flavobacteriaceae_NS2b marine group,NH4=Unknown,Si=very low,Temperature=very high,WaterMass=AW}","{Classification=Undetermined}",0.000628683693516699,0.888888888888889,0.000707269155206287,5.52300347222222,8,7.55151277013752,0.000189675800172928,0.156994520255533,0.0763888888888888,"Bacteria_Bacteroidota_Bacteroidia_Flavobacteriales_Flavobacteriaceae_NS2b marine group",5
"equal_interval_4","Equal interval (4 bins)",5e-04,"mutual_information","{taxon=Bacteria_Bacteroidota_Bacteroidia_Flavobacteriales_Flavobacteriaceae_NS4 marine group,PO4=very low,NO2=Undetected,NH4=Unknown}","{Classification=Undetermined}",0.000943025540275049,0.923076923076923,0.00102161100196464,5.73542668269231,12,10.9077406679764,5.03436310481035e-09,0.181425937145076,0.0480769230769231,"Bacteria_Bacteroidota_Bacteroidia_Flavobacteriales_Flavobacteriaceae_NS4 marine group",4
"equal_interval_4","Equal interval (4 bins)",5e-04,"mutual_information","{taxon=Bacteria_Bacteroidota_Bacteroidia_Flavobacteriales_Flavobacteriaceae_NS5 marine group,NH4=Unknown,Temperature=high,Salinity=very low}","{Classification=Abundant}",0.000864440078585462,0.916666666666667,0.000943025540275049,19.9736015981735,11,11.4492730844794,2.58081348251092e-42,0.32010464322209,0.0931372549019608,"Bacteria_Bacteroidota_Bacteroidia_Flavobacteriales_Flavobacteriaceae_NS5 marine group",4
"equal_interval_4","Equal interval (4 bins)",5e-04,"mutual_information","{taxon=Bacteria_Bacteroidota_Bacteroidia_Flavobacteriales_Flavobacteriaceae_Polaribacter,PO4=very low,NH4=Unknown,Temperature=high,Salinity=very low}","{Classification=Abundant}",0.000707269155206287,0.9,0.000785854616895874,19.6104452054795,9,9.54106090373281,2.62708482740111e-33,0.301837654726351,0.0666666666666667,"Bacteria_Bacteroidota_Bacteroidia_Flavobacteriales_Flavobacteriaceae_Polaribacter",5
"equal_interval_4","Equal interval (4 bins)",5e-04,"mutual_information","{taxon=Bacteria_Bacteroidota_Bacteroidia_Flavobacteriales_Flavobacteriaceae_Ulvibacter,NO2=Undetected,Temperature=very high}","{Classification=Undetermined}",0.000864440078585462,0.916666666666667,0.000943025540275049,5.69559733072917,11,10.0686836935167,7.0155848297355e-08,0.176283522145113,0.916666666666667,"Bacteria_Bacteroidota_Bacteroidia_Flavobacteriales_Flavobacteriaceae_Ulvibacter",3
"equal_interval_4","Equal interval (4 bins)",5e-04,"mutual_information","{taxon=Bacteria_Bacteroidota_Bacteroidia_Flavobacteriales_NS9 marine group_,NH4=Unknown,Si=very low,Salinity=low}","{Classification=Undetermined}",0.000943025540275049,0.923076923076923,0.00102161100196464,5.73542668269231,12,10.9077406679764,5.03436310481035e-09,0.181425937145076,0.0480769230769231,"Bacteria_Bacteroidota_Bacteroidia_Flavobacteriales_NS9 marine group_",4
"equal_interval_4","Equal interval (4 bins)",5e-04,"mutual_information","{taxon=Bacteria_Chloroflexi_Dehalococcoidia_SAR202 clade,WaterMass=WCW}","{Classification=Undetermined}",0.000550098231827112,1,0.000550098231827112,6.21337890625,7,Inf,0.000103923751116952,NA,1,"Bacteria_Chloroflexi_Dehalococcoidia_SAR202 clade",2
"equal_interval_4","Equal interval (4 bins)",5e-04,"mutual_information","{taxon=Bacteria_Marinimicrobia (SAR406 clade)__,WaterMass=WCW}","{Classification=Abundant}",0.000550098231827112,1,0.000550098231827112,21.7893835616438,7,Inf,1.0853167750875e-28,NA,1,"Bacteria_Marinimicrobia (SAR406 clade)__",2
"equal_interval_4","Equal interval (4 bins)",5e-04,"mutual_information","{taxon=Bacteria_Nitrospinota_Nitrospinia_Nitrospinales_Nitrospinaceae_LS-NOB,Chl=Unknown,Temperature=very low}","{Classification=Undetermined}",0.00102161100196464,0.928571428571429,0.00110019646365422,5.76956612723214,13,11.7467976424361,3.61321526053835e-10,0.186111186261745,0.116071428571429,"Bacteria_Nitrospinota_Nitrospinia_Nitrospinales_Nitrospinaceae_LS-NOB",3
"equal_interval_4","Equal interval (4 bins)",5e-04,"mutual_information","{taxon=Bacteria_Planctomycetota_OM190_,PO4=very high,Chl=Unknown}","{Classification=Undetermined}",0.000707269155206287,0.9,0.000785854616895874,5.592041015625,9,8.39056974459725,1.36219458735323e-05,0.164216296707775,0.9,"Bacteria_Planctomycetota_OM190_",3
"equal_interval_4","Equal interval (4 bins)",5e-04,"mutual_information","{taxon=Bacteria_Planctomycetota_Phycisphaerae_Phycisphaerales_Phycisphaeraceae_JL-ETNP-F27,WaterMass=WCW}","{Classification=Undetermined}",0.000550098231827112,1,0.000550098231827112,6.21337890625,7,Inf,0.000103923751116952,NA,1,"Bacteria_Planctomycetota_Phycisphaerae_Phycisphaerales_Phycisphaeraceae_JL-ETNP-F27",2
"equal_interval_4","Equal interval (4 bins)",5e-04,"mutual_information","{taxon=Bacteria_Planctomycetota_Planctomycetes_Pirellulales_Pirellulaceae_Rhodopirellula,PelagicLayer=Bathypelagic}","{Classification=Undetermined}",0.000550098231827112,0.875,0.000628683693516699,5.43670654296875,7,6.7124557956778,0.00263750078264809,0.148684177283119,0.875,"Bacteria_Planctomycetota_Planctomycetes_Pirellulales_Pirellulaceae_Rhodopirellula",2
"equal_interval_4","Equal interval (4 bins)",5e-04,"mutual_information","{taxon=Bacteria_Proteobacteria_Alphaproteobacteria_Defluviicoccales,PelagicLayer=Bathypelagic}","{Classification=Undetermined}",0.000550098231827112,0.875,0.000628683693516699,5.43670654296875,7,6.7124557956778,0.00263750078264809,0.148684177283119,0.875,"Bacteria_Proteobacteria_Alphaproteobacteria_Defluviicoccales",2
"equal_interval_4","Equal interval (4 bins)",5e-04,"mutual_information","{taxon=Bacteria_Proteobacteria_Alphaproteobacteria_Puniceispirillales_SAR116 clade_,Chl=very low,Temperature=high,Salinity=very low}","{Classification=Undetermined}",0.000707269155206287,0.818181818181818,0.000864440078585462,5.08367365056818,9,4.61481335952849,0.000202202709100732,0.130849101799297,0.818181818181818,"Bacteria_Proteobacteria_Alphaproteobacteria_Puniceispirillales_SAR116 clade_",4
"equal_interval_4","Equal interval (4 bins)",5e-04,"mutual_information","{taxon=Bacteria_Proteobacteria_Alphaproteobacteria_Rhodobacterales_Rhodobacteraceae_Ascidiaceihabitans,Chl=very low,Temperature=high,Salinity=very low}","{Classification=Undetermined}",0.000707269155206287,0.9,0.000785854616895874,5.592041015625,9,8.39056974459725,1.36219458735323e-05,0.164216296707775,0.9,"Bacteria_Proteobacteria_Alphaproteobacteria_Rhodobacterales_Rhodobacteraceae_Ascidiaceihabitans",4
"equal_interval_4","Equal interval (4 bins)",5e-04,"mutual_information","{taxon=Bacteria_Proteobacteria_Alphaproteobacteria_Rhodobacterales_Rhodobacteraceae_Planktomarina,Si=very low,Chl=very low,Temperature=very high}","{Classification=Undetermined}",0.000943025540275049,0.923076923076923,0.00102161100196464,5.73542668269231,12,10.9077406679764,5.03436310481035e-09,0.181425937145076,0.108262108262108,"Bacteria_Proteobacteria_Alphaproteobacteria_Rhodobacterales_Rhodobacteraceae_Planktomarina",4
"equal_interval_4","Equal interval (4 bins)",5e-04,"mutual_information","{taxon=Bacteria_Proteobacteria_Alphaproteobacteria_Rhodobacterales_Rhodobacteraceae_Sulfitobacter,NH4=very low,Si=very low,Temperature=very high}","{Classification=Undetermined}",0.000550098231827112,0.875,0.000628683693516699,5.43670654296875,7,6.7124557956778,0.00263750078264809,0.148684177283119,0.075,"Bacteria_Proteobacteria_Alphaproteobacteria_Rhodobacterales_Rhodobacteraceae_Sulfitobacter",4
"equal_interval_4","Equal interval (4 bins)",5e-04,"mutual_information","{taxon=Bacteria_Proteobacteria_Alphaproteobacteria_SAR11 clade_Clade I_Clade Ia,NH4=high}","{Classification=Abundant}",0.000943025540275049,0.923076923076923,0.00102161100196464,20.1132771338251,12,12.4033791748527,7.95522504673243e-47,0.327910357799721,0.923076923076923,"Bacteria_Proteobacteria_Alphaproteobacteria_SAR11 clade_Clade I_Clade Ia",2
"equal_interval_4","Equal interval (4 bins)",5e-04,"mutual_information","{taxon=Bacteria_Proteobacteria_Alphaproteobacteria_SAR11 clade_Clade I_Clade Ib,PelagicLayer=Bathypelagic}","{Classification=Undetermined}",0.000550098231827112,0.875,0.000628683693516699,5.43670654296875,7,6.7124557956778,0.00263750078264809,0.148684177283119,0.875,"Bacteria_Proteobacteria_Alphaproteobacteria_SAR11 clade_Clade I_Clade Ib",2
"equal_interval_4","Equal interval (4 bins)",5e-04,"mutual_information","{taxon=Bacteria_Proteobacteria_Alphaproteobacteria_SAR11 clade_Clade II_,PO4=very high,Chl=Unknown}","{Classification=Undetermined}",0.000707269155206287,0.9,0.000785854616895874,5.592041015625,9,8.39056974459725,1.36219458735323e-05,0.164216296707775,0.0666666666666667,"Bacteria_Proteobacteria_Alphaproteobacteria_SAR11 clade_Clade II_",3
"equal_interval_4","Equal interval (4 bins)",5e-04,"mutual_information","{taxon=Bacteria_Proteobacteria_Gammaproteobacteria_Burkholderiales_Methylophilaceae_OM43 clade,Chl=very low,Temperature=high,Salinity=very low}","{Classification=Undetermined}",0.000785854616895874,0.909090909090909,0.000864440078585462,5.64852627840909,10,9.22962671905697,9.77678505376637e-07,0.170588941116608,0.909090909090909,"Bacteria_Proteobacteria_Gammaproteobacteria_Burkholderiales_Methylophilaceae_OM43 clade",4
"equal_interval_4","Equal interval (4 bins)",5e-04,"mutual_information","{taxon=Bacteria_Proteobacteria_Gammaproteobacteria_Burkholderiales_Nitrosomonadaceae_Nitrosomonas,Si=low,WaterMass=TAW}","{Classification=Undetermined}",0.000707269155206287,0.9,0.000785854616895874,5.592041015625,9,8.39056974459725,1.36219458735323e-05,0.164216296707775,0.9,"Bacteria_Proteobacteria_Gammaproteobacteria_Burkholderiales_Nitrosomonadaceae_Nitrosomonas",3
"equal_interval_4","Equal interval (4 bins)",5e-04,"mutual_information","{taxon=Bacteria_Proteobacteria_Gammaproteobacteria_HOC36,WaterMass=WCW}","{Classification=Undetermined}",0.000550098231827112,1,0.000550098231827112,6.21337890625,7,Inf,0.000103923751116952,NA,1,"Bacteria_Proteobacteria_Gammaproteobacteria_HOC36",2
"equal_interval_4","Equal interval (4 bins)",5e-04,"mutual_information","{taxon=Bacteria_Proteobacteria_Gammaproteobacteria_Pseudomonadales_Halieaceae_OM60(NOR5) clade,NH4=Unknown,Temperature=very high,Salinity=very high}","{Classification=Undetermined}",0.000628683693516699,0.888888888888889,0.000707269155206287,5.52300347222222,8,7.55151277013752,0.000189675800172928,0.156994520255533,0.0707070707070706,"Bacteria_Proteobacteria_Gammaproteobacteria_Pseudomonadales_Halieaceae_OM60(NOR5) clade",4
"equal_interval_4","Equal interval (4 bins)",5e-04,"mutual_information","{taxon=Bacteria_Proteobacteria_Gammaproteobacteria_Pseudomonadales_KI89A clade_}","{Classification=Rare}",0.00738703339882122,1,0.00738703339882122,1.26077479441197,94,Inf,0.0460335182119949,NA,1,"Bacteria_Proteobacteria_Gammaproteobacteria_Pseudomonadales_KI89A clade_",1
"equal_interval_4","Equal interval (4 bins)",5e-04,"mutual_information","{taxon=Bacteria_Proteobacteria_Gammaproteobacteria_Pseudomonadales_Nitrincolaceae_,Chl=very low,Temperature=high,Salinity=very low}","{Classification=Abundant}",0.000707269155206287,0.818181818181818,0.000864440078585462,17.8276774595268,9,5.24758349705305,1.2127380587296e-29,0.25598999823493,0.818181818181818,"Bacteria_Proteobacteria_Gammaproteobacteria_Pseudomonadales_Nitrincolaceae_",4
"equal_interval_4","Equal interval (4 bins)",5e-04,"mutual_information","{taxon=Bacteria_Proteobacteria_Gammaproteobacteria_Pseudomonadales_Porticoccaceae_SAR92 clade,PelagicLayer=Mesopelagic,Salinity=very high}","{Classification=Undetermined}",0.000943025540275049,0.923076923076923,0.00102161100196464,5.73542668269231,12,10.9077406679764,5.03436310481035e-09,0.181425937145076,0.923076923076923,"Bacteria_Proteobacteria_Gammaproteobacteria_Pseudomonadales_Porticoccaceae_SAR92 clade",3
"equal_interval_4","Equal interval (4 bins)",5e-04,"mutual_information","{taxon=Bacteria_Proteobacteria_Gammaproteobacteria_Pseudomonadales_Pseudohongiellaceae_Pseudohongiella,Chl=Unknown,Temperature=very low}","{Classification=Undetermined}",0.00102161100196464,0.928571428571429,0.00110019646365422,5.76956612723214,13,11.7467976424361,3.61321526053835e-10,0.186111186261745,0.0952380952380952,"Bacteria_Proteobacteria_Gammaproteobacteria_Pseudomonadales_Pseudohongiellaceae_Pseudohongiella",3
"equal_interval_4","Equal interval (4 bins)",5e-04,"mutual_information","{taxon=Bacteria_Proteobacteria_Gammaproteobacteria_Pseudomonadales_SAR86 clade_,Chl=very low,Temperature=high,Salinity=very low}","{Classification=Undetermined}",0.000785854616895874,0.909090909090909,0.000864440078585462,5.64852627840909,10,9.22962671905697,9.77678505376637e-07,0.170588941116608,0.909090909090909,"Bacteria_Proteobacteria_Gammaproteobacteria_Pseudomonadales_SAR86 clade_",4
"equal_interval_4","Equal interval (4 bins)",5e-04,"mutual_information","{taxon=Bacteria_Proteobacteria_Gammaproteobacteria_Pseudomonadales_Thioglobaceae_Candidatus Thioglobus,Chl=very low,Temperature=high,Salinity=very low}","{Classification=Abundant}",0.000628683693516699,0.888888888888889,0.000707269155206287,19.3683409436834,8,8.58695481335953,8.18391405853496e-29,0.290922176781766,0.0707070707070706,"Bacteria_Proteobacteria_Gammaproteobacteria_Pseudomonadales_Thioglobaceae_Candidatus Thioglobus",4
"equal_interval_4","Equal interval (4 bins)",5e-04,"mutual_information","{taxon=Bacteria_Proteobacteria_Gammaproteobacteria_Pseudomonadales_Thioglobaceae_SUP05 cluster,NH4=very low,Chl=Unknown}","{Classification=Abundant}",0.000550098231827112,0.875,0.000628683693516699,19.0657106164384,7,7.63284872298625,2.4892873259594e-24,0.278359232907748,0.875,"Bacteria_Proteobacteria_Gammaproteobacteria_Pseudomonadales_Thioglobaceae_SUP05 cluster",3
"equal_interval_4","Equal interval (4 bins)",5e-04,"mutual_information","{taxon=Bacteria_SAR324 clade(Marine group B)__,WaterMass=WCW}","{Classification=Abundant}",0.000550098231827112,1,0.000550098231827112,21.7893835616438,7,Inf,1.0853167750875e-28,NA,1,"Bacteria_SAR324 clade(Marine group B)__",2
"equal_interval_4","Equal interval (4 bins)",5e-04,"mutual_information","{taxon=Bacteria_Verrucomicrobiota_Verrucomicrobiae_Arctic97B-4 marine group,WaterMass=WCW}","{Classification=Undetermined}",0.000550098231827112,1,0.000550098231827112,6.21337890625,7,Inf,0.000103923751116952,NA,1,"Bacteria_Verrucomicrobiota_Verrucomicrobiae_Arctic97B-4 marine group",2
"equal_interval_4","Equal interval (4 bins)",5e-04,"mutual_information","{taxon=Bacteria_Verrucomicrobiota_Verrucomicrobiae_Verrucomicrobiales_Rubritaleaceae_Roseibacillus,NO2=high,NH4=Unknown}","{Classification=Undetermined}",0.000550098231827112,0.875,0.000628683693516699,5.43670654296875,7,6.7124557956778,0.00263750078264809,0.148684177283119,0.875,"Bacteria_Verrucomicrobiota_Verrucomicrobiae_Verrucomicrobiales_Rubritaleaceae_Roseibacillus",3
"equal_interval_4","Equal interval (4 bins)",5e-04,"complexity","{taxon=Archaea_Crenarchaeota_Nitrososphaeria_Nitrosopumilales_Nitrosopumilaceae_,PelagicLayer=Bathypelagic,Chl=Unknown,Temperature=very low,Salinity=high,WaterMass=WCW}","{Classification=Abundant}",0.000550098231827112,1,0.000550098231827112,21.7893835616438,7,Inf,1.0853167750875e-28,NA,0,"Archaea_Crenarchaeota_Nitrososphaeria_Nitrosopumilales_Nitrosopumilaceae_",6
"equal_interval_4","Equal interval (4 bins)",5e-04,"complexity","{taxon=Archaea_Crenarchaeota_Nitrososphaeria_Nitrosopumilales_Nitrosopumilaceae_Candidatus Nitrosopumilus,PelagicLayer=Mesopelagic,PO4=high,NO2=high,Si=low,Chl=Unknown}","{Classification=Abundant}",0.000628683693516699,1,0.000628683693516699,21.7893835616438,8,Inf,3.07058835535986e-33,NA,0,"Archaea_Crenarchaeota_Nitrososphaeria_Nitrosopumilales_Nitrosopumilaceae_Candidatus Nitrosopumilus",6
"equal_interval_4","Equal interval (4 bins)",5e-04,"complexity","{taxon=Bacteria_Actinobacteriota_Acidimicrobiia_Microtrichales_Microtrichaceae_Sva0996 marine group,PelagicLayer=Bathypelagic,Chl=Unknown,Temperature=very low,Salinity=high}","{Classification=Undetermined}",0.000550098231827112,0.875,0.000628683693516699,5.43670654296875,7,6.7124557956778,0.00263750078264809,0.148684177283119,0,"Bacteria_Actinobacteriota_Acidimicrobiia_Microtrichales_Microtrichaceae_Sva0996 marine group",5
"equal_interval_4","Equal interval (4 bins)",5e-04,"complexity","{taxon=Bacteria_Bacteroidota_Bacteroidia_Chitinophagales_Saprospiraceae_,PelagicLayer=Epipelagic,Si=very low,Chl=low,Temperature=very high}","{Classification=Undetermined}",0.000550098231827112,0.875,0.000628683693516699,5.43670654296875,7,6.7124557956778,0.00263750078264809,0.148684177283119,0,"Bacteria_Bacteroidota_Bacteroidia_Chitinophagales_Saprospiraceae_",5
"equal_interval_4","Equal interval (4 bins)",5e-04,"complexity","{taxon=Bacteria_Bacteroidota_Bacteroidia_Flavobacteriales_Crocinitomicaceae_Fluviicola,PelagicLayer=Epipelagic,NO2=very low,NH4=Unknown,Chl=very low,Temperature=high,Salinity=very low,WaterMass=SW}","{Classification=Undetermined}",0.000550098231827112,0.875,0.000628683693516699,5.43670654296875,7,6.7124557956778,0.00263750078264809,0.148684177283119,-0.025,"Bacteria_Bacteroidota_Bacteroidia_Flavobacteriales_Crocinitomicaceae_Fluviicola",8
"equal_interval_4","Equal interval (4 bins)",5e-04,"complexity","{taxon=Bacteria_Bacteroidota_Bacteroidia_Flavobacteriales_Cryomorphaceae_,PelagicLayer=Epipelagic,NO2=very low,NH4=Unknown,Chl=very low,Temperature=high,Salinity=very low,WaterMass=SW}","{Classification=Undetermined}",0.000550098231827112,0.875,0.000628683693516699,5.43670654296875,7,6.7124557956778,0.00263750078264809,0.148684177283119,-0.025,"Bacteria_Bacteroidota_Bacteroidia_Flavobacteriales_Cryomorphaceae_",8
"equal_interval_4","Equal interval (4 bins)",5e-04,"complexity","{taxon=Bacteria_Bacteroidota_Bacteroidia_Flavobacteriales_Flavobacteriaceae_,PelagicLayer=Epipelagic,PO4=very low,NO2=very low,NH4=Unknown,Chl=very low,Temperature=high,Salinity=very low,WaterMass=SW}","{Classification=Abundant}",0.000550098231827112,1,0.000550098231827112,21.7893835616438,7,Inf,1.0853167750875e-28,NA,0,"Bacteria_Bacteroidota_Bacteroidia_Flavobacteriales_Flavobacteriaceae_",9
"equal_interval_4","Equal interval (4 bins)",5e-04,"complexity","{taxon=Bacteria_Bacteroidota_Bacteroidia_Flavobacteriales_Flavobacteriaceae_Aurantivirga,PelagicLayer=Mesopelagic,PO4=high,Si=low,Chl=Unknown,Temperature=low,Salinity=very high}","{Classification=Abundant}",0.000628683693516699,0.888888888888889,0.000707269155206287,19.3683409436834,8,8.58695481335953,8.18391405853496e-29,0.290922176781766,-0.0486111111111112,"Bacteria_Bacteroidota_Bacteroidia_Flavobacteriales_Flavobacteriaceae_Aurantivirga",7
"equal_interval_4","Equal interval (4 bins)",5e-04,"complexity","{taxon=Bacteria_Bacteroidota_Bacteroidia_Flavobacteriales_Flavobacteriaceae_Formosa,PelagicLayer=Epipelagic,PO4=very low,NH4=Unknown,Si=very low,Chl=low}","{Classification=Abundant}",0.000628683693516699,0.8,0.000785854616895874,17.4315068493151,8,4.7705304518664,2.84703738639812e-25,0.24290329623764,0,"Bacteria_Bacteroidota_Bacteroidia_Flavobacteriales_Flavobacteriaceae_Formosa",6
"equal_interval_4","Equal interval (4 bins)",5e-04,"complexity","{taxon=Bacteria_Bacteroidota_Bacteroidia_Flavobacteriales_Flavobacteriaceae_NS2b marine group,PelagicLayer=Epipelagic,PO4=very low,Si=very low,Temperature=very high,WaterMass=AW}","{Classification=Undetermined}",0.000785854616895874,0.833333333333333,0.000943025540275049,5.17781575520833,10,5.03434184675835,1.56088445084363e-05,0.138404250774799,0,"Bacteria_Bacteroidota_Bacteroidia_Flavobacteriales_Flavobacteriaceae_NS2b marine group",6
"equal_interval_4","Equal interval (4 bins)",5e-04,"complexity","{taxon=Bacteria_Bacteroidota_Bacteroidia_Flavobacteriales_Flavobacteriaceae_NS4 marine group,PelagicLayer=Epipelagic,PO4=very low,NO2=very low,Chl=very low,Temperature=high,Salinity=very low,WaterMass=SW}","{Classification=Undetermined}",0.000628683693516699,0.888888888888889,0.000707269155206287,5.52300347222222,8,7.55151277013752,0.000189675800172928,0.156994520255533,-0.0202020202020202,"Bacteria_Bacteroidota_Bacteroidia_Flavobacteriales_Flavobacteriaceae_NS4 marine group",8
"equal_interval_4","Equal interval (4 bins)",5e-04,"complexity","{taxon=Bacteria_Bacteroidota_Bacteroidia_Flavobacteriales_Flavobacteriaceae_NS5 marine group,PelagicLayer=Epipelagic,PO4=very low,NO2=very low,NH4=Unknown,Si=very low,Temperature=high,Salinity=very low,WaterMass=SW}","{Classification=Abundant}",0.000550098231827112,0.875,0.000628683693516699,19.0657106164384,7,7.63284872298625,2.4892873259594e-24,0.278359232907748,-0.0416666666666666,"Bacteria_Bacteroidota_Bacteroidia_Flavobacteriales_Flavobacteriaceae_NS5 marine group",9
"equal_interval_4","Equal interval (4 bins)",5e-04,"complexity","{taxon=Bacteria_Bacteroidota_Bacteroidia_Flavobacteriales_Flavobacteriaceae_Polaribacter,PelagicLayer=Epipelagic,PO4=very low,NO2=very low,NH4=Unknown,Si=very low,Temperature=high,Salinity=very low,WaterMass=SW}","{Classification=Abundant}",0.000550098231827112,0.875,0.000628683693516699,19.0657106164384,7,7.63284872298625,2.4892873259594e-24,0.278359232907748,-0.025,"Bacteria_Bacteroidota_Bacteroidia_Flavobacteriales_Flavobacteriaceae_Polaribacter",9
"equal_interval_4","Equal interval (4 bins)",5e-04,"complexity","{taxon=Bacteria_Bacteroidota_Bacteroidia_Flavobacteriales_Flavobacteriaceae_Ulvibacter,PelagicLayer=Epipelagic,PO4=very low,NO2=Undetected,NH4=Unknown,Si=very low,Temperature=very high}","{Classification=Undetermined}",0.000628683693516699,0.888888888888889,0.000707269155206287,5.52300347222222,8,7.55151277013752,0.000189675800172928,0.156994520255533,-0.0277777777777778,"Bacteria_Bacteroidota_Bacteroidia_Flavobacteriales_Flavobacteriaceae_Ulvibacter",7
"equal_interval_4","Equal interval (4 bins)",5e-04,"complexity","{taxon=Bacteria_Bacteroidota_Bacteroidia_Flavobacteriales_NS9 marine group_,PelagicLayer=Epipelagic,PO4=very low,NO2=very low,Si=very low,Salinity=low,WaterMass=IW}","{Classification=Undetermined}",0.000550098231827112,0.875,0.000628683693516699,5.43670654296875,7,6.7124557956778,0.00263750078264809,0.148684177283119,-0.0416666666666666,"Bacteria_Bacteroidota_Bacteroidia_Flavobacteriales_NS9 marine group_",7
"equal_interval_4","Equal interval (4 bins)",5e-04,"complexity","{taxon=Bacteria_Chloroflexi_Dehalococcoidia_SAR202 clade,PelagicLayer=Bathypelagic,Chl=Unknown,Temperature=very low,Salinity=high,WaterMass=WCW}","{Classification=Undetermined}",0.000550098231827112,1,0.000550098231827112,6.21337890625,7,Inf,0.000103923751116952,NA,0,"Bacteria_Chloroflexi_Dehalococcoidia_SAR202 clade",6
"equal_interval_4","Equal interval (4 bins)",5e-04,"complexity","{taxon=Bacteria_Marinimicrobia (SAR406 clade)__,PelagicLayer=Bathypelagic,Chl=Unknown,Temperature=very low,Salinity=high,WaterMass=WCW}","{Classification=Abundant}",0.000550098231827112,1,0.000550098231827112,21.7893835616438,7,Inf,1.0853167750875e-28,NA,0,"Bacteria_Marinimicrobia (SAR406 clade)__",6
"equal_interval_4","Equal interval (4 bins)",5e-04,"complexity","{taxon=Bacteria_Nitrospinota_Nitrospinia_Nitrospinales_Nitrospinaceae_LS-NOB,PelagicLayer=Bathypelagic,Chl=Unknown,Temperature=very low,Salinity=high,WaterMass=WCW}","{Classification=Undetermined}",0.000550098231827112,1,0.000550098231827112,6.21337890625,7,Inf,0.000103923751116952,NA,0,"Bacteria_Nitrospinota_Nitrospinia_Nitrospinales_Nitrospinaceae_LS-NOB",6
"equal_interval_4","Equal interval (4 bins)",5e-04,"complexity","{taxon=Bacteria_Planctomycetota_OM190_,PelagicLayer=Bathypelagic,Chl=Unknown,Temperature=very low,Salinity=high,WaterMass=WCW}","{Classification=Undetermined}",0.000550098231827112,1,0.000550098231827112,6.21337890625,7,Inf,0.000103923751116952,NA,0,"Bacteria_Planctomycetota_OM190_",6
"equal_interval_4","Equal interval (4 bins)",5e-04,"complexity","{taxon=Bacteria_Planctomycetota_Phycisphaerae_Phycisphaerales_Phycisphaeraceae_JL-ETNP-F27,PelagicLayer=Bathypelagic,Chl=Unknown,Temperature=very low,Salinity=high,WaterMass=WCW}","{Classification=Undetermined}",0.000550098231827112,1,0.000550098231827112,6.21337890625,7,Inf,0.000103923751116952,NA,0,"Bacteria_Planctomycetota_Phycisphaerae_Phycisphaerales_Phycisphaeraceae_JL-ETNP-F27",6
"equal_interval_4","Equal interval (4 bins)",5e-04,"complexity","{taxon=Bacteria_Planctomycetota_Planctomycetes_Pirellulales_Pirellulaceae_Rhodopirellula,PelagicLayer=Bathypelagic,PO4=very high,Chl=Unknown,Temperature=very low,Salinity=high}","{Classification=Undetermined}",0.000550098231827112,1,0.000550098231827112,6.21337890625,7,Inf,0.000103923751116952,NA,0,"Bacteria_Planctomycetota_Planctomycetes_Pirellulales_Pirellulaceae_Rhodopirellula",6
"equal_interval_4","Equal interval (4 bins)",5e-04,"complexity","{taxon=Bacteria_Proteobacteria_Alphaproteobacteria_Defluviicoccales,PelagicLayer=Bathypelagic,PO4=very high,Chl=Unknown,Temperature=very low,Salinity=high}","{Classification=Undetermined}",0.000550098231827112,1,0.000550098231827112,6.21337890625,7,Inf,0.000103923751116952,NA,0,"Bacteria_Proteobacteria_Alphaproteobacteria_Defluviicoccales",6
"equal_interval_4","Equal interval (4 bins)",5e-04,"complexity","{taxon=Bacteria_Proteobacteria_Alphaproteobacteria_Puniceispirillales_SAR116 clade_,PelagicLayer=Epipelagic,NO2=very low,Chl=very low,Temperature=high,Salinity=very low,WaterMass=SW}","{Classification=Undetermined}",0.000628683693516699,0.8,0.000785854616895874,4.970703125,8,4.19528487229862,0.0025820509971807,0.122386441352253,-0.0181818181818182,"Bacteria_Proteobacteria_Alphaproteobacteria_Puniceispirillales_SAR116 clade_",7
"equal_interval_4","Equal interval (4 bins)",5e-04,"complexity","{taxon=Bacteria_Proteobacteria_Alphaproteobacteria_Rhodobacterales_Rhodobacteraceae_Ascidiaceihabitans,PelagicLayer=Epipelagic,PO4=very low,NO2=very low,Chl=very low,Temperature=high,Salinity=very low,WaterMass=SW}","{Classification=Undetermined}",0.000550098231827112,0.875,0.000628683693516699,5.43670654296875,7,6.7124557956778,0.00263750078264809,0.148684177283119,-0.025,"Bacteria_Proteobacteria_Alphaproteobacteria_Rhodobacterales_Rhodobacteraceae_Ascidiaceihabitans",8
"equal_interval_4","Equal interval (4 bins)",5e-04,"complexity","{taxon=Bacteria_Proteobacteria_Alphaproteobacteria_Rhodobacterales_Rhodobacteraceae_Planktomarina,PelagicLayer=Epipelagic,PO4=very low,Si=very low,Chl=low,Salinity=very low,WaterMass=SW}","{Classification=Undetermined}",0.000550098231827112,0.875,0.000628683693516699,5.43670654296875,7,6.7124557956778,0.00263750078264809,0.148684177283119,0,"Bacteria_Proteobacteria_Alphaproteobacteria_Rhodobacterales_Rhodobacteraceae_Planktomarina",7
"equal_interval_4","Equal interval (4 bins)",5e-04,"complexity","{taxon=Bacteria_Proteobacteria_Alphaproteobacteria_Rhodobacterales_Rhodobacteraceae_Sulfitobacter,PelagicLayer=Epipelagic,PO4=very low,NO2=very low,NH4=Unknown,Chl=very low,Salinity=very low,WaterMass=SW}","{Classification=Undetermined}",0.000707269155206287,0.818181818181818,0.000864440078585462,5.08367365056818,9,4.61481335952849,0.000202202709100732,0.130849101799297,-0.0151515151515151,"Bacteria_Proteobacteria_Alphaproteobacteria_Rhodobacterales_Rhodobacteraceae_Sulfitobacter",8
"equal_interval_4","Equal interval (4 bins)",5e-04,"complexity","{taxon=Bacteria_Proteobacteria_Alphaproteobacteria_SAR11 clade_Clade I_Clade Ia,PelagicLayer=Epipelagic,PO4=very low,NO2=very low,Chl=very low,Temperature=high,Salinity=very low,WaterMass=SW}","{Classification=Abundant}",0.000628683693516699,0.888888888888889,0.000707269155206287,19.3683409436834,8,8.58695481335953,8.18391405853496e-29,0.290922176781766,-0.0202020202020202,"Bacteria_Proteobacteria_Alphaproteobacteria_SAR11 clade_Clade I_Clade Ia",8
"equal_interval_4","Equal interval (4 bins)",5e-04,"complexity","{taxon=Bacteria_Proteobacteria_Alphaproteobacteria_SAR11 clade_Clade I_Clade Ib,PelagicLayer=Bathypelagic,Chl=Unknown,Temperature=very low,Salinity=high,WaterMass=WCW}","{Classification=Undetermined}",0.000550098231827112,1,0.000550098231827112,6.21337890625,7,Inf,0.000103923751116952,NA,0,"Bacteria_Proteobacteria_Alphaproteobacteria_SAR11 clade_Clade I_Clade Ib",6
"equal_interval_4","Equal interval (4 bins)",5e-04,"complexity","{taxon=Bacteria_Proteobacteria_Alphaproteobacteria_SAR11 clade_Clade II_,PelagicLayer=Bathypelagic,Chl=Unknown,Temperature=very low,Salinity=high}","{Classification=Undetermined}",0.000550098231827112,0.875,0.000628683693516699,5.43670654296875,7,6.7124557956778,0.00263750078264809,0.148684177283119,0,"Bacteria_Proteobacteria_Alphaproteobacteria_SAR11 clade_Clade II_",5
"equal_interval_4","Equal interval (4 bins)",5e-04,"complexity","{taxon=Bacteria_Proteobacteria_Gammaproteobacteria_Burkholderiales_Methylophilaceae_OM43 clade,PelagicLayer=Epipelagic,PO4=very low,NO2=very low,Chl=very low,Temperature=high,Salinity=very low,WaterMass=SW}","{Classification=Undetermined}",0.000628683693516699,0.888888888888889,0.000707269155206287,5.52300347222222,8,7.55151277013752,0.000189675800172928,0.156994520255533,-0.0202020202020202,"Bacteria_Proteobacteria_Gammaproteobacteria_Burkholderiales_Methylophilaceae_OM43 clade",8
"equal_interval_4","Equal interval (4 bins)",5e-04,"complexity","{taxon=Bacteria_Proteobacteria_Gammaproteobacteria_Burkholderiales_Nitrosomonadaceae_Nitrosomonas,PelagicLayer=Mesopelagic,PO4=high,NO2=high,Si=low,Chl=Unknown}","{Classification=Undetermined}",0.000628683693516699,1,0.000628683693516699,6.21337890625,8,Inf,7.17168620990914e-06,NA,0,"Bacteria_Proteobacteria_Gammaproteobacteria_Burkholderiales_Nitrosomonadaceae_Nitrosomonas",6
"equal_interval_4","Equal interval (4 bins)",5e-04,"complexity","{taxon=Bacteria_Proteobacteria_Gammaproteobacteria_HOC36,PelagicLayer=Bathypelagic,Chl=Unknown,Temperature=very low,Salinity=high,WaterMass=WCW}","{Classification=Undetermined}",0.000550098231827112,1,0.000550098231827112,6.21337890625,7,Inf,0.000103923751116952,NA,0,"Bacteria_Proteobacteria_Gammaproteobacteria_HOC36",6
"equal_interval_4","Equal interval (4 bins)",5e-04,"complexity","{taxon=Bacteria_Proteobacteria_Gammaproteobacteria_Pseudomonadales_Halieaceae_OM60(NOR5) clade,PelagicLayer=Epipelagic,NH4=Unknown,Temperature=very high,Salinity=very high,WaterMass=AW}","{Classification=Undetermined}",0.000628683693516699,0.888888888888889,0.000707269155206287,5.52300347222222,8,7.55151277013752,0.000189675800172928,0.156994520255533,0,"Bacteria_Proteobacteria_Gammaproteobacteria_Pseudomonadales_Halieaceae_OM60(NOR5) clade",6
"equal_interval_4","Equal interval (4 bins)",5e-04,"complexity","{taxon=Bacteria_Proteobacteria_Gammaproteobacteria_Pseudomonadales_KI89A clade_}","{Classification=Rare}",0.00738703339882122,1,0.00738703339882122,1.26077479441197,94,Inf,0.0460335182119949,NA,1,"Bacteria_Proteobacteria_Gammaproteobacteria_Pseudomonadales_KI89A clade_",1
"equal_interval_4","Equal interval (4 bins)",5e-04,"complexity","{taxon=Bacteria_Proteobacteria_Gammaproteobacteria_Pseudomonadales_Nitrincolaceae_,PelagicLayer=Epipelagic,NO2=very low,Chl=very low,Temperature=high,Salinity=very low,WaterMass=SW}","{Classification=Abundant}",0.000628683693516699,0.8,0.000785854616895874,17.4315068493151,8,4.7705304518664,2.84703738639812e-25,0.24290329623764,-0.0181818181818182,"Bacteria_Proteobacteria_Gammaproteobacteria_Pseudomonadales_Nitrincolaceae_",7
"equal_interval_4","Equal interval (4 bins)",5e-04,"complexity","{taxon=Bacteria_Proteobacteria_Gammaproteobacteria_Pseudomonadales_Porticoccaceae_SAR92 clade,PelagicLayer=Epipelagic,PO4=very low,NO2=very low,Chl=very low,Temperature=high,Salinity=very low,WaterMass=SW}","{Classification=Undetermined}",0.000628683693516699,0.888888888888889,0.000707269155206287,5.52300347222222,8,7.55151277013752,0.000189675800172928,0.156994520255533,-0.0202020202020202,"Bacteria_Proteobacteria_Gammaproteobacteria_Pseudomonadales_Porticoccaceae_SAR92 clade",8
"equal_interval_4","Equal interval (4 bins)",5e-04,"complexity","{taxon=Bacteria_Proteobacteria_Gammaproteobacteria_Pseudomonadales_Pseudohongiellaceae_Pseudohongiella,PelagicLayer=Epipelagic,NO2=very low,Chl=very low,Temperature=high,Salinity=very low,WaterMass=SW}","{Classification=Undetermined}",0.000628683693516699,0.8,0.000785854616895874,4.970703125,8,4.19528487229862,0.0025820509971807,0.122386441352253,-0.0181818181818182,"Bacteria_Proteobacteria_Gammaproteobacteria_Pseudomonadales_Pseudohongiellaceae_Pseudohongiella",7
"equal_interval_4","Equal interval (4 bins)",5e-04,"complexity","{taxon=Bacteria_Proteobacteria_Gammaproteobacteria_Pseudomonadales_SAR86 clade_,PelagicLayer=Epipelagic,PO4=very low,NO2=very low,Chl=very low,Temperature=high,Salinity=very low,WaterMass=SW}","{Classification=Undetermined}",0.000628683693516699,0.888888888888889,0.000707269155206287,5.52300347222222,8,7.55151277013752,0.000189675800172928,0.156994520255533,-0.0202020202020202,"Bacteria_Proteobacteria_Gammaproteobacteria_Pseudomonadales_SAR86 clade_",8
"equal_interval_4","Equal interval (4 bins)",5e-04,"complexity","{taxon=Bacteria_Proteobacteria_Gammaproteobacteria_Pseudomonadales_Thioglobaceae_Candidatus Thioglobus,PelagicLayer=Epipelagic,NO2=very low,Chl=very low,Temperature=high,Salinity=very low,WaterMass=SW}","{Classification=Abundant}",0.000550098231827112,0.875,0.000628683693516699,19.0657106164384,7,7.63284872298625,2.4892873259594e-24,0.278359232907748,-0.0138888888888888,"Bacteria_Proteobacteria_Gammaproteobacteria_Pseudomonadales_Thioglobaceae_Candidatus Thioglobus",7
"equal_interval_4","Equal interval (4 bins)",5e-04,"complexity","{taxon=Bacteria_Proteobacteria_Gammaproteobacteria_Pseudomonadales_Thioglobaceae_SUP05 cluster,PelagicLayer=Epipelagic,NO2=very low,NH4=high,Si=very low}","{Classification=Undetermined}",0.000550098231827112,0.875,0.000628683693516699,5.43670654296875,7,6.7124557956778,0.00263750078264809,0.148684177283119,0,"Bacteria_Proteobacteria_Gammaproteobacteria_Pseudomonadales_Thioglobaceae_SUP05 cluster",5
"equal_interval_4","Equal interval (4 bins)",5e-04,"complexity","{taxon=Bacteria_SAR324 clade(Marine group B)__,PelagicLayer=Bathypelagic,Chl=Unknown,Temperature=very low,Salinity=high,WaterMass=WCW}","{Classification=Abundant}",0.000550098231827112,1,0.000550098231827112,21.7893835616438,7,Inf,1.0853167750875e-28,NA,0,"Bacteria_SAR324 clade(Marine group B)__",6
"equal_interval_4","Equal interval (4 bins)",5e-04,"complexity","{taxon=Bacteria_Verrucomicrobiota_Verrucomicrobiae_Arctic97B-4 marine group,PelagicLayer=Bathypelagic,Chl=Unknown,Temperature=very low,Salinity=high,WaterMass=WCW}","{Classification=Undetermined}",0.000550098231827112,1,0.000550098231827112,6.21337890625,7,Inf,0.000103923751116952,NA,0,"Bacteria_Verrucomicrobiota_Verrucomicrobiae_Arctic97B-4 marine group",6
"equal_interval_4","Equal interval (4 bins)",5e-04,"complexity","{taxon=Bacteria_Verrucomicrobiota_Verrucomicrobiae_Verrucomicrobiales_Rubritaleaceae_Roseibacillus,PelagicLayer=Mesopelagic,PO4=high,NH4=Unknown,Chl=Unknown}","{Classification=Undetermined}",0.000628683693516699,0.8,0.000785854616895874,4.970703125,8,4.19528487229862,0.0025820509971807,0.122386441352253,-0.0181818181818182,"Bacteria_Verrucomicrobiota_Verrucomicrobiae_Verrucomicrobiales_Rubritaleaceae_Roseibacillus",5
"equal_interval_4","Equal interval (4 bins)",0.001,"improvement","{taxon=Bacteria_Bacteroidota_Bacteroidia_Flavobacteriales_Crocinitomicaceae_Fluviicola,NH4=Unknown,Temperature=high}","{Classification=Undetermined}",0.0012573673870334,0.8,0.00157170923379175,4.970703125,16,4.19528487229862,1.54394064440993e-10,0.133932561008501,0.8,"Bacteria_Bacteroidota_Bacteroidia_Flavobacteriales_Crocinitomicaceae_Fluviicola",3
"equal_interval_4","Equal interval (4 bins)",0.001,"improvement","{taxon=Bacteria_Bacteroidota_Bacteroidia_Flavobacteriales_Cryomorphaceae_,Chl=Unknown,Temperature=low}","{Classification=Undetermined}",0.00117878192534381,0.882352941176471,0.00133595284872299,5.48239315257353,15,7.13198428290766,1.20470471632871e-11,0.167092057574576,0.882352941176471,"Bacteria_Bacteroidota_Bacteroidia_Flavobacteriales_Cryomorphaceae_",3
"equal_interval_4","Equal interval (4 bins)",0.001,"improvement","{taxon=Bacteria_Bacteroidota_Bacteroidia_Flavobacteriales_Flavobacteriaceae_,NH4=Unknown,Chl=very low}","{Classification=Abundant}",0.00196463654223969,0.806451612903226,0.00243614931237721,17.5720835174547,25,4.92954813359528,6.17439094202497e-87,0.287783922541395,0.806451612903226,"Bacteria_Bacteroidota_Bacteroidia_Flavobacteriales_Flavobacteriaceae_",3
"equal_interval_4","Equal interval (4 bins)",0.001,"improvement","{taxon=Bacteria_Bacteroidota_Bacteroidia_Flavobacteriales_Flavobacteriaceae_Aurantivirga,PelagicLayer=Mesopelagic,Si=low}","{Classification=Abundant}",0.00117878192534381,0.882352941176471,0.00133595284872299,19.2259266720387,15,8.10990176817289,9.09445796252407e-57,0.311520624486935,0.882352941176471,"Bacteria_Bacteroidota_Bacteroidia_Flavobacteriales_Flavobacteriaceae_Aurantivirga",3
"equal_interval_4","Equal interval (4 bins)",0.001,"improvement","{taxon=Bacteria_Bacteroidota_Bacteroidia_Flavobacteriales_Flavobacteriaceae_NS2b marine group,Si=very low,Temperature=very high,WaterMass=AW}","{Classification=Undetermined}",0.00102161100196464,0.8125,0.0012573673870334,5.04837036132812,13,4.47497053045187,2.79305686309568e-08,0.134994696277812,0.8125,"Bacteria_Bacteroidota_Bacteroidia_Flavobacteriales_Flavobacteriaceae_NS2b marine group",4
"equal_interval_4","Equal interval (4 bins)",0.001,"improvement","{taxon=Bacteria_Bacteroidota_Bacteroidia_Flavobacteriales_Flavobacteriaceae_NS4 marine group,NO2=Undetected,Si=very low}","{Classification=Undetermined}",0.00117878192534381,0.882352941176471,0.00133595284872299,5.48239315257353,15,7.13198428290766,1.20470471632871e-11,0.167092057574576,0.882352941176471,"Bacteria_Bacteroidota_Bacteroidia_Flavobacteriales_Flavobacteriaceae_NS4 marine group",3
"equal_interval_4","Equal interval (4 bins)",0.001,"improvement","{taxon=Bacteria_Bacteroidota_Bacteroidia_Flavobacteriales_Flavobacteriaceae_NS5 marine group,Temperature=high,Salinity=very low}","{Classification=Abundant}",0.00110019646365422,0.823529411764706,0.00133595284872299,17.9441982272361,14,5.40660117878193,1.01241499143818e-48,0.274270304378391,0.823529411764706,"Bacteria_Bacteroidota_Bacteroidia_Flavobacteriales_Flavobacteriaceae_NS5 marine group",3
"equal_interval_4","Equal interval (4 bins)",0.001,"improvement","{taxon=Bacteria_Bacteroidota_Bacteroidia_Flavobacteriales_Flavobacteriaceae_Polaribacter,Si=low,Chl=Unknown}","{Classification=Undetermined}",0.0012573673870334,0.842105263157895,0.00149312377210216,5.23231907894737,16,5.31402750491159,1.35019778785571e-11,0.150862617352447,0.842105263157895,"Bacteria_Bacteroidota_Bacteroidia_Flavobacteriales_Flavobacteriaceae_Polaribacter",3
"equal_interval_4","Equal interval (4 bins)",0.001,"improvement","{taxon=Bacteria_Bacteroidota_Bacteroidia_Flavobacteriales_Flavobacteriaceae_Ulvibacter,NH4=Unknown,Temperature=very high}","{Classification=Undetermined}",0.0012573673870334,0.842105263157895,0.00149312377210216,5.23231907894737,16,5.31402750491159,1.35019778785571e-11,0.150862617352447,0.842105263157895,"Bacteria_Bacteroidota_Bacteroidia_Flavobacteriales_Flavobacteriaceae_Ulvibacter",3
"equal_interval_4","Equal interval (4 bins)",0.001,"improvement","{taxon=Bacteria_Bacteroidota_Bacteroidia_Flavobacteriales_NS9 marine group_,PO4=very low,Salinity=low}","{Classification=Undetermined}",0.0012573673870334,0.888888888888889,0.00141453831041257,5.52300347222222,16,7.55151277013752,8.93792982392514e-13,0.171580041939276,0.888888888888889,"Bacteria_Bacteroidota_Bacteroidia_Flavobacteriales_NS9 marine group_",3
"equal_interval_4","Equal interval (4 bins)",0.001,"improvement","{taxon=Bacteria_Nitrospinota_Nitrospinia_Nitrospinales_Nitrospinaceae_LS-NOB,Temperature=very low}","{Classification=Undetermined}",0.00102161100196464,0.8125,0.0012573673870334,5.04837036132812,13,4.47497053045187,2.79305686309568e-08,0.134994696277812,0.8125,"Bacteria_Nitrospinota_Nitrospinia_Nitrospinales_Nitrospinaceae_LS-NOB",2
"equal_interval_4","Equal interval (4 bins)",0.001,"improvement","{taxon=Bacteria_Proteobacteria_Alphaproteobacteria_Rhodobacterales_Rhodobacteraceae_Planktomarina,NO2=Undetected,Si=very low}","{Classification=Undetermined}",0.00117878192534381,0.882352941176471,0.00133595284872299,5.48239315257353,15,7.13198428290766,1.20470471632871e-11,0.167092057574576,0.882352941176471,"Bacteria_Proteobacteria_Alphaproteobacteria_Rhodobacterales_Rhodobacteraceae_Planktomarina",3
"equal_interval_4","Equal interval (4 bins)",0.001,"improvement","{taxon=Bacteria_Proteobacteria_Alphaproteobacteria_SAR11 clade_Clade I_Clade Ia,Si=low,Chl=Unknown}","{Classification=Abundant}",0.0012573673870334,0.842105263157895,0.00149312377210216,18.3489545782264,16,6.04267190569745,1.57654376328331e-57,0.290036386462442,0.842105263157895,"Bacteria_Proteobacteria_Alphaproteobacteria_SAR11 clade_Clade I_Clade Ia",3
"equal_interval_4","Equal interval (4 bins)",0.001,"improvement","{taxon=Bacteria_Proteobacteria_Alphaproteobacteria_SAR11 clade_Clade III_}","{Classification=Rare}",0.00675834970530452,1,0.00675834970530452,1.26077479441197,86,Inf,0.0440671971153512,NA,1,"Bacteria_Proteobacteria_Alphaproteobacteria_SAR11 clade_Clade III_",1
"equal_interval_4","Equal interval (4 bins)",0.001,"improvement","{taxon=Bacteria_Proteobacteria_Alphaproteobacteria_SAR11 clade_Clade IV_}","{Classification=Rare}",0.00762278978388998,0.989795918367347,0.00770137524557957,1.2479097454894,97,20.2700196463654,0.0306712028036292,0.0323100320333551,0.989795918367347,"Bacteria_Proteobacteria_Alphaproteobacteria_SAR11 clade_Clade IV_",1
"equal_interval_4","Equal interval (4 bins)",0.001,"improvement","{taxon=Bacteria_Proteobacteria_Gammaproteobacteria_Burkholderiales_Nitrosomonadaceae_Nitrosomonas,PelagicLayer=Mesopelagic,Si=low}","{Classification=Undetermined}",0.00110019646365422,0.875,0.0012573673870334,5.43670654296875,14,6.7124557956778,1.6178241447388e-10,0.162268072913611,0.875,"Bacteria_Proteobacteria_Gammaproteobacteria_Burkholderiales_Nitrosomonadaceae_Nitrosomonas",3
"equal_interval_4","Equal interval (4 bins)",0.001,"improvement","{taxon=Bacteria_Proteobacteria_Gammaproteobacteria_Pseudomonadales_KI89A clade_}","{Classification=Rare}",0.00738703339882122,1,0.00738703339882122,1.26077479441197,94,Inf,0.0146741324136699,NA,1,"Bacteria_Proteobacteria_Gammaproteobacteria_Pseudomonadales_KI89A clade_",1
"equal_interval_4","Equal interval (4 bins)",0.001,"improvement","{taxon=Bacteria_Proteobacteria_Gammaproteobacteria_Pseudomonadales_Porticoccaceae_SAR92 clade,PelagicLayer=Mesopelagic,Temperature=low}","{Classification=Undetermined}",0.00117878192534381,0.882352941176471,0.00133595284872299,5.48239315257353,15,7.13198428290766,1.20470471632871e-11,0.167092057574576,0.882352941176471,"Bacteria_Proteobacteria_Gammaproteobacteria_Pseudomonadales_Porticoccaceae_SAR92 clade",3
"equal_interval_4","Equal interval (4 bins)",0.001,"improvement","{taxon=Bacteria_Proteobacteria_Gammaproteobacteria_Pseudomonadales_Pseudohongiellaceae_Pseudohongiella,Temperature=very low}","{Classification=Undetermined}",0.00117878192534381,0.833333333333333,0.00141453831041257,5.17781575520833,15,5.03434184675835,1.73654291555431e-10,0.145936285677719,0.833333333333333,"Bacteria_Proteobacteria_Gammaproteobacteria_Pseudomonadales_Pseudohongiellaceae_Pseudohongiella",2
"equal_interval_4","Equal interval (4 bins)",0.001,"improvement","{taxon=Bacteria_Verrucomicrobiota_Verrucomicrobiae_Verrucomicrobiales_Rubritaleaceae_Roseibacillus,NH4=Unknown,Si=low}","{Classification=Undetermined}",0.00102161100196464,0.8125,0.0012573673870334,5.04837036132812,13,4.47497053045187,2.79305686309568e-08,0.134994696277812,0.8125,"Bacteria_Verrucomicrobiota_Verrucomicrobiae_Verrucomicrobiales_Rubritaleaceae_Roseibacillus",3
"equal_interval_4","Equal interval (4 bins)",0.001,"mutual_information","{taxon=Bacteria_Bacteroidota_Bacteroidia_Flavobacteriales_Crocinitomicaceae_Fluviicola,NO2=very low,NH4=Unknown,Temperature=high}","{Classification=Undetermined}",0.00102161100196464,0.8125,0.0012573673870334,5.04837036132812,13,4.47497053045187,2.79305686309568e-08,0.134994696277812,0.0125,"Bacteria_Bacteroidota_Bacteroidia_Flavobacteriales_Crocinitomicaceae_Fluviicola",4
"equal_interval_4","Equal interval (4 bins)",0.001,"mutual_information","{taxon=Bacteria_Bacteroidota_Bacteroidia_Flavobacteriales_Cryomorphaceae_,PelagicLayer=Mesopelagic,Temperature=low}","{Classification=Undetermined}",0.00117878192534381,0.882352941176471,0.00133595284872299,5.48239315257353,15,7.13198428290766,1.20470471632871e-11,0.167092057574576,0.0490196078431372,"Bacteria_Bacteroidota_Bacteroidia_Flavobacteriales_Cryomorphaceae_",3
"equal_interval_4","Equal interval (4 bins)",0.001,"mutual_information","{taxon=Bacteria_Bacteroidota_Bacteroidia_Flavobacteriales_Flavobacteriaceae_,NH4=Unknown,Chl=very low,WaterMass=SW}","{Classification=Abundant}",0.00117878192534381,0.9375,0.0012573673870334,20.4275470890411,15,15.2656974459725,7.11342544911273e-61,0.347676412699022,0.131048387096774,"Bacteria_Bacteroidota_Bacteroidia_Flavobacteriales_Flavobacteriaceae_",4
"equal_interval_4","Equal interval (4 bins)",0.001,"mutual_information","{taxon=Bacteria_Bacteroidota_Bacteroidia_Flavobacteriales_Flavobacteriaceae_Aurantivirga,PelagicLayer=Mesopelagic,PO4=high,Si=low}","{Classification=Abundant}",0.00117878192534381,0.9375,0.0012573673870334,20.4275470890411,15,15.2656974459725,7.11342544911273e-61,0.347676412699022,0.0551470588235294,"Bacteria_Bacteroidota_Bacteroidia_Flavobacteriales_Flavobacteriaceae_Aurantivirga",4
"equal_interval_4","Equal interval (4 bins)",0.001,"mutual_information","{taxon=Bacteria_Bacteroidota_Bacteroidia_Flavobacteriales_Flavobacteriaceae_NS2b marine group,Si=very low,Temperature=very high,WaterMass=AW}","{Classification=Undetermined}",0.00102161100196464,0.8125,0.0012573673870334,5.04837036132812,13,4.47497053045187,2.79305686309568e-08,0.134994696277812,0.8125,"Bacteria_Bacteroidota_Bacteroidia_Flavobacteriales_Flavobacteriaceae_NS2b marine group",4
"equal_interval_4","Equal interval (4 bins)",0.001,"mutual_information","{taxon=Bacteria_Bacteroidota_Bacteroidia_Flavobacteriales_Flavobacteriaceae_NS4 marine group,NO2=Undetected,Si=very low}","{Classification=Undetermined}",0.00117878192534381,0.882352941176471,0.00133595284872299,5.48239315257353,15,7.13198428290766,1.20470471632871e-11,0.167092057574576,0.882352941176471,"Bacteria_Bacteroidota_Bacteroidia_Flavobacteriales_Flavobacteriaceae_NS4 marine group",3
"equal_interval_4","Equal interval (4 bins)",0.001,"mutual_information","{taxon=Bacteria_Bacteroidota_Bacteroidia_Flavobacteriales_Flavobacteriaceae_NS5 marine group,Temperature=high,Salinity=very low}","{Classification=Abundant}",0.00110019646365422,0.823529411764706,0.00133595284872299,17.9441982272361,14,5.40660117878193,1.01241499143818e-48,0.274270304378391,0.823529411764706,"Bacteria_Bacteroidota_Bacteroidia_Flavobacteriales_Flavobacteriaceae_NS5 marine group",3
"equal_interval_4","Equal interval (4 bins)",0.001,"mutual_information","{taxon=Bacteria_Bacteroidota_Bacteroidia_Flavobacteriales_Flavobacteriaceae_Polaribacter,PO4=very low,NO2=very low,NH4=Unknown,Temperature=high}","{Classification=Abundant}",0.00102161100196464,0.866666666666667,0.00117878192534381,18.8841324200913,13,7.15579567779961,7.7061065544521e-48,0.296188753229654,0.0541666666666667,"Bacteria_Bacteroidota_Bacteroidia_Flavobacteriales_Flavobacteriaceae_Polaribacter",5
"equal_interval_4","Equal interval (4 bins)",0.001,"mutual_information","{taxon=Bacteria_Bacteroidota_Bacteroidia_Flavobacteriales_Flavobacteriaceae_Ulvibacter,NH4=Unknown,Si=very low,Temperature=very high}","{Classification=Undetermined}",0.00110019646365422,0.875,0.0012573673870334,5.43670654296875,14,6.7124557956778,1.6178241447388e-10,0.162268072913611,0.0328947368421053,"Bacteria_Bacteroidota_Bacteroidia_Flavobacteriales_Flavobacteriaceae_Ulvibacter",4
"equal_interval_4","Equal interval (4 bins)",0.001,"mutual_information","{taxon=Bacteria_Bacteroidota_Bacteroidia_Flavobacteriales_NS9 marine group_,PO4=very low,Salinity=low}","{Classification=Undetermined}",0.0012573673870334,0.888888888888889,0.00141453831041257,5.52300347222222,16,7.55151277013752,8.93792982392514e-13,0.171580041939276,0.888888888888889,"Bacteria_Bacteroidota_Bacteroidia_Flavobacteriales_NS9 marine group_",3
"equal_interval_4","Equal interval (4 bins)",0.001,"mutual_information","{taxon=Bacteria_Nitrospinota_Nitrospinia_Nitrospinales_Nitrospinaceae_LS-NOB,Chl=Unknown,Temperature=very low}","{Classification=Undetermined}",0.00102161100196464,0.928571428571429,0.00110019646365422,5.76956612723214,13,11.7467976424361,1.15178681168925e-10,0.186111186261745,0.116071428571429,"Bacteria_Nitrospinota_Nitrospinia_Nitrospinales_Nitrospinaceae_LS-NOB",3
"equal_interval_4","Equal interval (4 bins)",0.001,"mutual_information","{taxon=Bacteria_Proteobacteria_Alphaproteobacteria_Rhodobacterales_Rhodobacteraceae_Planktomarina,NO2=Undetected,Si=very low}","{Classification=Undetermined}",0.00117878192534381,0.882352941176471,0.00133595284872299,5.48239315257353,15,7.13198428290766,1.20470471632871e-11,0.167092057574576,0.882352941176471,"Bacteria_Proteobacteria_Alphaproteobacteria_Rhodobacterales_Rhodobacteraceae_Planktomarina",3
"equal_interval_4","Equal interval (4 bins)",0.001,"mutual_information","{taxon=Bacteria_Proteobacteria_Alphaproteobacteria_SAR11 clade_Clade I_Clade Ia,NO2=very low,Temperature=high,Salinity=very low}","{Classification=Abundant}",0.00102161100196464,0.866666666666667,0.00117878192534381,18.8841324200913,13,7.15579567779961,7.7061065544521e-48,0.296188753229654,0.0431372549019609,"Bacteria_Proteobacteria_Alphaproteobacteria_SAR11 clade_Clade I_Clade Ia",4
"equal_interval_4","Equal interval (4 bins)",0.001,"mutual_information","{taxon=Bacteria_Proteobacteria_Alphaproteobacteria_SAR11 clade_Clade III_}","{Classification=Rare}",0.00675834970530452,1,0.00675834970530452,1.26077479441197,86,Inf,0.0440671971153512,NA,1,"Bacteria_Proteobacteria_Alphaproteobacteria_SAR11 clade_Clade III_",1
"equal_interval_4","Equal interval (4 bins)",0.001,"mutual_information","{taxon=Bacteria_Proteobacteria_Alphaproteobacteria_SAR11 clade_Clade IV_}","{Classification=Rare}",0.00762278978388998,0.989795918367347,0.00770137524557957,1.2479097454894,97,20.2700196463654,0.0306712028036292,0.0323100320333551,0.989795918367347,"Bacteria_Proteobacteria_Alphaproteobacteria_SAR11 clade_Clade IV_",1
"equal_interval_4","Equal interval (4 bins)",0.001,"mutual_information","{taxon=Bacteria_Proteobacteria_Gammaproteobacteria_Burkholderiales_Nitrosomonadaceae_Nitrosomonas,PelagicLayer=Mesopelagic,Si=low}","{Classification=Undetermined}",0.00110019646365422,0.875,0.0012573673870334,5.43670654296875,14,6.7124557956778,1.6178241447388e-10,0.162268072913611,0.875,"Bacteria_Proteobacteria_Gammaproteobacteria_Burkholderiales_Nitrosomonadaceae_Nitrosomonas",3
"equal_interval_4","Equal interval (4 bins)",0.001,"mutual_information","{taxon=Bacteria_Proteobacteria_Gammaproteobacteria_Pseudomonadales_KI89A clade_}","{Classification=Rare}",0.00738703339882122,1,0.00738703339882122,1.26077479441197,94,Inf,0.0146741324136699,NA,1,"Bacteria_Proteobacteria_Gammaproteobacteria_Pseudomonadales_KI89A clade_",1
"equal_interval_4","Equal interval (4 bins)",0.001,"mutual_information","{taxon=Bacteria_Proteobacteria_Gammaproteobacteria_Pseudomonadales_Porticoccaceae_SAR92 clade,PelagicLayer=Mesopelagic,Temperature=low}","{Classification=Undetermined}",0.00117878192534381,0.882352941176471,0.00133595284872299,5.48239315257353,15,7.13198428290766,1.20470471632871e-11,0.167092057574576,0.882352941176471,"Bacteria_Proteobacteria_Gammaproteobacteria_Pseudomonadales_Porticoccaceae_SAR92 clade",3
"equal_interval_4","Equal interval (4 bins)",0.001,"mutual_information","{taxon=Bacteria_Proteobacteria_Gammaproteobacteria_Pseudomonadales_Pseudohongiellaceae_Pseudohongiella,Chl=Unknown,Temperature=very low}","{Classification=Undetermined}",0.00102161100196464,0.928571428571429,0.00110019646365422,5.76956612723214,13,11.7467976424361,1.15178681168925e-10,0.186111186261745,0.0952380952380952,"Bacteria_Proteobacteria_Gammaproteobacteria_Pseudomonadales_Pseudohongiellaceae_Pseudohongiella",3
"equal_interval_4","Equal interval (4 bins)",0.001,"mutual_information","{taxon=Bacteria_Verrucomicrobiota_Verrucomicrobiae_Verrucomicrobiales_Rubritaleaceae_Roseibacillus,NH4=Unknown,Si=low}","{Classification=Undetermined}",0.00102161100196464,0.8125,0.0012573673870334,5.04837036132812,13,4.47497053045187,2.79305686309568e-08,0.134994696277812,0.8125,"Bacteria_Verrucomicrobiota_Verrucomicrobiae_Verrucomicrobiales_Rubritaleaceae_Roseibacillus",3
"equal_interval_4","Equal interval (4 bins)",0.001,"complexity","{taxon=Bacteria_Bacteroidota_Bacteroidia_Flavobacteriales_Crocinitomicaceae_Fluviicola,PelagicLayer=Epipelagic,NO2=very low,NH4=Unknown,Temperature=high}","{Classification=Undetermined}",0.00102161100196464,0.8125,0.0012573673870334,5.04837036132812,13,4.47497053045187,2.79305686309568e-08,0.134994696277812,0,"Bacteria_Bacteroidota_Bacteroidia_Flavobacteriales_Crocinitomicaceae_Fluviicola",5
"equal_interval_4","Equal interval (4 bins)",0.001,"complexity","{taxon=Bacteria_Bacteroidota_Bacteroidia_Flavobacteriales_Cryomorphaceae_,PelagicLayer=Mesopelagic,PO4=high,Si=low,Chl=Unknown}","{Classification=Undetermined}",0.00102161100196464,0.8125,0.0012573673870334,5.04837036132812,13,4.47497053045187,2.79305686309568e-08,0.134994696277812,-0.0296052631578947,"Bacteria_Bacteroidota_Bacteroidia_Flavobacteriales_Cryomorphaceae_",5
"equal_interval_4","Equal interval (4 bins)",0.001,"complexity","{taxon=Bacteria_Bacteroidota_Bacteroidia_Flavobacteriales_Flavobacteriaceae_,PelagicLayer=Epipelagic,NH4=Unknown,Chl=very low,Salinity=very low,WaterMass=SW}","{Classification=Abundant}",0.00110019646365422,0.933333333333333,0.00117878192534381,20.3367579908676,14,14.3115913555992,2.35504163332063e-56,0.34159827298212,-0.00416666666666665,"Bacteria_Bacteroidota_Bacteroidia_Flavobacteriales_Flavobacteriaceae_",6
"equal_interval_4","Equal interval (4 bins)",0.001,"complexity","{taxon=Bacteria_Bacteroidota_Bacteroidia_Flavobacteriales_Flavobacteriaceae_Aurantivirga,PelagicLayer=Mesopelagic,PO4=high,Si=low,Chl=Unknown}","{Classification=Abundant}",0.00117878192534381,0.9375,0.0012573673870334,20.4275470890411,15,15.2656974459725,7.11342544911273e-61,0.347676412699022,0,"Bacteria_Bacteroidota_Bacteroidia_Flavobacteriales_Flavobacteriaceae_Aurantivirga",5
"equal_interval_4","Equal interval (4 bins)",0.001,"complexity","{taxon=Bacteria_Bacteroidota_Bacteroidia_Flavobacteriales_Flavobacteriaceae_NS2b marine group,PelagicLayer=Epipelagic,Si=very low,Temperature=very high,WaterMass=AW}","{Classification=Undetermined}",0.00102161100196464,0.8125,0.0012573673870334,5.04837036132812,13,4.47497053045187,2.79305686309568e-08,0.134994696277812,0,"Bacteria_Bacteroidota_Bacteroidia_Flavobacteriales_Flavobacteriaceae_NS2b marine group",5
"equal_interval_4","Equal interval (4 bins)",0.001,"complexity","{taxon=Bacteria_Bacteroidota_Bacteroidia_Flavobacteriales_Flavobacteriaceae_NS4 marine group,PelagicLayer=Epipelagic,PO4=very low,NO2=Undetected,Si=very low}","{Classification=Undetermined}",0.00110019646365422,0.875,0.0012573673870334,5.43670654296875,14,6.7124557956778,1.6178241447388e-10,0.162268072913611,-0.00735294117647056,"Bacteria_Bacteroidota_Bacteroidia_Flavobacteriales_Flavobacteriaceae_NS4 marine group",5
"equal_interval_4","Equal interval (4 bins)",0.001,"complexity","{taxon=Bacteria_Bacteroidota_Bacteroidia_Flavobacteriales_Flavobacteriaceae_NS5 marine group,PelagicLayer=Epipelagic,Temperature=high,Salinity=very low,WaterMass=SW}","{Classification=Abundant}",0.00110019646365422,0.823529411764706,0.00133595284872299,17.9441982272361,14,5.40660117878193,1.01241499143818e-48,0.274270304378391,0,"Bacteria_Bacteroidota_Bacteroidia_Flavobacteriales_Flavobacteriaceae_NS5 marine group",5
"equal_interval_4","Equal interval (4 bins)",0.001,"complexity","{taxon=Bacteria_Bacteroidota_Bacteroidia_Flavobacteriales_Flavobacteriaceae_Polaribacter,PelagicLayer=Epipelagic,PO4=very low,NO2=very low,NH4=Unknown,Temperature=high}","{Classification=Abundant}",0.00102161100196464,0.866666666666667,0.00117878192534381,18.8841324200913,13,7.15579567779961,7.7061065544521e-48,0.296188753229654,0,"Bacteria_Bacteroidota_Bacteroidia_Flavobacteriales_Flavobacteriaceae_Polaribacter",6
"equal_interval_4","Equal interval (4 bins)",0.001,"complexity","{taxon=Bacteria_Bacteroidota_Bacteroidia_Flavobacteriales_Flavobacteriaceae_Ulvibacter,PelagicLayer=Epipelagic,Si=very low,Temperature=very high,WaterMass=AW}","{Classification=Undetermined}",0.00102161100196464,0.8125,0.0012573673870334,5.04837036132812,13,4.47497053045187,2.79305686309568e-08,0.134994696277812,0,"Bacteria_Bacteroidota_Bacteroidia_Flavobacteriales_Flavobacteriaceae_Ulvibacter",5
"equal_interval_4","Equal interval (4 bins)",0.001,"complexity","{taxon=Bacteria_Bacteroidota_Bacteroidia_Flavobacteriales_NS9 marine group_,PelagicLayer=Epipelagic,Si=very low,Chl=very low,Salinity=low}","{Classification=Undetermined}",0.00102161100196464,0.866666666666667,0.00117878192534381,5.38492838541667,13,6.29292730844794,2.16301237493104e-09,0.15705742123819,0,"Bacteria_Bacteroidota_Bacteroidia_Flavobacteriales_NS9 marine group_",5
"equal_interval_4","Equal interval (4 bins)",0.001,"complexity","{taxon=Bacteria_Nitrospinota_Nitrospinia_Nitrospinales_Nitrospinaceae_LS-NOB,Chl=Unknown,Temperature=very low}","{Classification=Undetermined}",0.00102161100196464,0.928571428571429,0.00110019646365422,5.76956612723214,13,11.7467976424361,1.15178681168925e-10,0.186111186261745,0.116071428571429,"Bacteria_Nitrospinota_Nitrospinia_Nitrospinales_Nitrospinaceae_LS-NOB",3
"equal_interval_4","Equal interval (4 bins)",0.001,"complexity","{taxon=Bacteria_Proteobacteria_Alphaproteobacteria_Rhodobacterales_Rhodobacteraceae_Planktomarina,PelagicLayer=Epipelagic,PO4=very low,NO2=Undetected,Si=very low}","{Classification=Undetermined}",0.00110019646365422,0.875,0.0012573673870334,5.43670654296875,14,6.7124557956778,1.6178241447388e-10,0.162268072913611,-0.00735294117647056,"Bacteria_Proteobacteria_Alphaproteobacteria_Rhodobacterales_Rhodobacteraceae_Planktomarina",5
"equal_interval_4","Equal interval (4 bins)",0.001,"complexity","{taxon=Bacteria_Proteobacteria_Alphaproteobacteria_SAR11 clade_Clade I_Clade Ia,PelagicLayer=Epipelagic,NO2=very low,Temperature=high,Salinity=very low,WaterMass=SW}","{Classification=Abundant}",0.00102161100196464,0.866666666666667,0.00117878192534381,18.8841324200913,13,7.15579567779961,7.7061065544521e-48,0.296188753229654,0,"Bacteria_Proteobacteria_Alphaproteobacteria_SAR11 clade_Clade I_Clade Ia",6
"equal_interval_4","Equal interval (4 bins)",0.001,"complexity","{taxon=Bacteria_Proteobacteria_Alphaproteobacteria_SAR11 clade_Clade III_}","{Classification=Rare}",0.00675834970530452,1,0.00675834970530452,1.26077479441197,86,Inf,0.0440671971153512,NA,1,"Bacteria_Proteobacteria_Alphaproteobacteria_SAR11 clade_Clade III_",1
"equal_interval_4","Equal interval (4 bins)",0.001,"complexity","{taxon=Bacteria_Proteobacteria_Alphaproteobacteria_SAR11 clade_Clade IV_}","{Classification=Rare}",0.00762278978388998,0.989795918367347,0.00770137524557957,1.2479097454894,97,20.2700196463654,0.0306712028036292,0.0323100320333551,0.989795918367347,"Bacteria_Proteobacteria_Alphaproteobacteria_SAR11 clade_Clade IV_",1
"equal_interval_4","Equal interval (4 bins)",0.001,"complexity","{taxon=Bacteria_Proteobacteria_Gammaproteobacteria_Burkholderiales_Nitrosomonadaceae_Nitrosomonas,PelagicLayer=Mesopelagic,PO4=high,Si=low,Chl=Unknown}","{Classification=Undetermined}",0.00102161100196464,0.866666666666667,0.00117878192534381,5.38492838541667,13,6.29292730844794,2.16301237493104e-09,0.15705742123819,-0.0083333333333333,"Bacteria_Proteobacteria_Gammaproteobacteria_Burkholderiales_Nitrosomonadaceae_Nitrosomonas",5
"equal_interval_4","Equal interval (4 bins)",0.001,"complexity","{taxon=Bacteria_Proteobacteria_Gammaproteobacteria_Pseudomonadales_KI89A clade_}","{Classification=Rare}",0.00738703339882122,1,0.00738703339882122,1.26077479441197,94,Inf,0.0146741324136699,NA,1,"Bacteria_Proteobacteria_Gammaproteobacteria_Pseudomonadales_KI89A clade_",1
"equal_interval_4","Equal interval (4 bins)",0.001,"complexity","{taxon=Bacteria_Proteobacteria_Gammaproteobacteria_Pseudomonadales_Porticoccaceae_SAR92 clade,PelagicLayer=Mesopelagic,Chl=Unknown,WaterMass=TAW}","{Classification=Undetermined}",0.00102161100196464,0.8125,0.0012573673870334,5.04837036132812,13,4.47497053045187,2.79305686309568e-08,0.134994696277812,-0.0110294117647058,"Bacteria_Proteobacteria_Gammaproteobacteria_Pseudomonadales_Porticoccaceae_SAR92 clade",4
"equal_interval_4","Equal interval (4 bins)",0.001,"complexity","{taxon=Bacteria_Proteobacteria_Gammaproteobacteria_Pseudomonadales_Pseudohongiellaceae_Pseudohongiella,Chl=Unknown,Temperature=very low}","{Classification=Undetermined}",0.00102161100196464,0.928571428571429,0.00110019646365422,5.76956612723214,13,11.7467976424361,1.15178681168925e-10,0.186111186261745,0.0952380952380952,"Bacteria_Proteobacteria_Gammaproteobacteria_Pseudomonadales_Pseudohongiellaceae_Pseudohongiella",3
"equal_interval_4","Equal interval (4 bins)",0.001,"complexity","{taxon=Bacteria_Verrucomicrobiota_Verrucomicrobiae_Verrucomicrobiales_Rubritaleaceae_Roseibacillus,NH4=Unknown,Si=low}","{Classification=Undetermined}",0.00102161100196464,0.8125,0.0012573673870334,5.04837036132812,13,4.47497053045187,2.79305686309568e-08,0.134994696277812,0.8125,"Bacteria_Verrucomicrobiota_Verrucomicrobiae_Verrucomicrobiales_Rubritaleaceae_Roseibacillus",3
"equal_interval_4","Equal interval (4 bins)",0.002,"improvement","{taxon=Bacteria_Proteobacteria_Alphaproteobacteria_Rhodobacterales_Rhodobacteraceae_Planktomarina,WaterMass=AW}","{Classification=Undetermined}",0.00267190569744597,0.80952380952381,0.00330058939096267,5.02987816220238,34,4.40504911591356,2.47251867379135e-26,0.153523332617092,0.80952380952381,"Bacteria_Proteobacteria_Alphaproteobacteria_Rhodobacterales_Rhodobacteraceae_Planktomarina",2
"equal_interval_4","Equal interval (4 bins)",0.002,"improvement","{taxon=Bacteria_Proteobacteria_Alphaproteobacteria_SAR11 clade_Clade III_}","{Classification=Rare}",0.00675834970530452,1,0.00675834970530452,1.26077479441197,86,Inf,0.0230146396685811,NA,1,"Bacteria_Proteobacteria_Alphaproteobacteria_SAR11 clade_Clade III_",1
"equal_interval_4","Equal interval (4 bins)",0.002,"improvement","{taxon=Bacteria_Proteobacteria_Alphaproteobacteria_SAR11 clade_Clade IV_}","{Classification=Rare}",0.00762278978388998,0.989795918367347,0.00770137524557957,1.2479097454894,97,20.2700196463654,0.0160184156682295,0.0323100320333551,0.989795918367347,"Bacteria_Proteobacteria_Alphaproteobacteria_SAR11 clade_Clade IV_",1
"equal_interval_4","Equal interval (4 bins)",0.002,"improvement","{taxon=Bacteria_Proteobacteria_Gammaproteobacteria_Pseudomonadales_KI89A clade_}","{Classification=Rare}",0.00738703339882122,1,0.00738703339882122,1.26077479441197,94,Inf,0.00766374745971786,NA,1,"Bacteria_Proteobacteria_Gammaproteobacteria_Pseudomonadales_KI89A clade_",1
"equal_interval_4","Equal interval (4 bins)",0.002,"mutual_information","{taxon=Bacteria_Proteobacteria_Alphaproteobacteria_Rhodobacterales_Rhodobacteraceae_Planktomarina,WaterMass=AW}","{Classification=Undetermined}",0.00267190569744597,0.80952380952381,0.00330058939096267,5.02987816220238,34,4.40504911591356,2.47251867379135e-26,0.153523332617092,0.80952380952381,"Bacteria_Proteobacteria_Alphaproteobacteria_Rhodobacterales_Rhodobacteraceae_Planktomarina",2
"equal_interval_4","Equal interval (4 bins)",0.002,"mutual_information","{taxon=Bacteria_Proteobacteria_Alphaproteobacteria_SAR11 clade_Clade III_}","{Classification=Rare}",0.00675834970530452,1,0.00675834970530452,1.26077479441197,86,Inf,0.0230146396685811,NA,1,"Bacteria_Proteobacteria_Alphaproteobacteria_SAR11 clade_Clade III_",1
"equal_interval_4","Equal interval (4 bins)",0.002,"mutual_information","{taxon=Bacteria_Proteobacteria_Alphaproteobacteria_SAR11 clade_Clade IV_}","{Classification=Rare}",0.00762278978388998,0.989795918367347,0.00770137524557957,1.2479097454894,97,20.2700196463654,0.0160184156682295,0.0323100320333551,0.989795918367347,"Bacteria_Proteobacteria_Alphaproteobacteria_SAR11 clade_Clade IV_",1
"equal_interval_4","Equal interval (4 bins)",0.002,"mutual_information","{taxon=Bacteria_Proteobacteria_Gammaproteobacteria_Pseudomonadales_KI89A clade_}","{Classification=Rare}",0.00738703339882122,1,0.00738703339882122,1.26077479441197,94,Inf,0.00766374745971786,NA,1,"Bacteria_Proteobacteria_Gammaproteobacteria_Pseudomonadales_KI89A clade_",1
"equal_interval_4","Equal interval (4 bins)",0.002,"complexity","{taxon=Bacteria_Proteobacteria_Alphaproteobacteria_Rhodobacterales_Rhodobacteraceae_Planktomarina,WaterMass=AW}","{Classification=Undetermined}",0.00267190569744597,0.80952380952381,0.00330058939096267,5.02987816220238,34,4.40504911591356,2.47251867379135e-26,0.153523332617092,0.80952380952381,"Bacteria_Proteobacteria_Alphaproteobacteria_Rhodobacterales_Rhodobacteraceae_Planktomarina",2
"equal_interval_4","Equal interval (4 bins)",0.002,"complexity","{taxon=Bacteria_Proteobacteria_Alphaproteobacteria_SAR11 clade_Clade III_}","{Classification=Rare}",0.00675834970530452,1,0.00675834970530452,1.26077479441197,86,Inf,0.0230146396685811,NA,1,"Bacteria_Proteobacteria_Alphaproteobacteria_SAR11 clade_Clade III_",1
"equal_interval_4","Equal interval (4 bins)",0.002,"complexity","{taxon=Bacteria_Proteobacteria_Alphaproteobacteria_SAR11 clade_Clade IV_}","{Classification=Rare}",0.00762278978388998,0.989795918367347,0.00770137524557957,1.2479097454894,97,20.2700196463654,0.0160184156682295,0.0323100320333551,0.989795918367347,"Bacteria_Proteobacteria_Alphaproteobacteria_SAR11 clade_Clade IV_",1
"equal_interval_4","Equal interval (4 bins)",0.002,"complexity","{taxon=Bacteria_Proteobacteria_Gammaproteobacteria_Pseudomonadales_KI89A clade_}","{Classification=Rare}",0.00738703339882122,1,0.00738703339882122,1.26077479441197,94,Inf,0.00766374745971786,NA,1,"Bacteria_Proteobacteria_Gammaproteobacteria_Pseudomonadales_KI89A clade_",1
"equal_interval_4","Equal interval (4 bins)",0.005,"improvement","{taxon=Bacteria_Proteobacteria_Alphaproteobacteria_SAR11 clade_Clade III_}","{Classification=Rare}",0.00675834970530452,1,0.00675834970530452,1.26077479441197,86,Inf,0.0197055164147354,NA,1,"Bacteria_Proteobacteria_Alphaproteobacteria_SAR11 clade_Clade III_",1
"equal_interval_4","Equal interval (4 bins)",0.005,"improvement","{taxon=Bacteria_Proteobacteria_Alphaproteobacteria_SAR11 clade_Clade IV_}","{Classification=Rare}",0.00762278978388998,0.989795918367347,0.00770137524557957,1.2479097454894,97,20.2700196463654,0.0137152333225216,0.0323100320333551,0.989795918367347,"Bacteria_Proteobacteria_Alphaproteobacteria_SAR11 clade_Clade IV_",1
"equal_interval_4","Equal interval (4 bins)",0.005,"improvement","{taxon=Bacteria_Proteobacteria_Alphaproteobacteria_Thalassobaculales_Nisaeaceae_OM75 clade}","{Classification=Rare}",0.00628683693516699,1,0.00628683693516699,1.26077479441197,80,Inf,0.0450226695458447,NA,1,"Bacteria_Proteobacteria_Alphaproteobacteria_Thalassobaculales_Nisaeaceae_OM75 clade",1
"equal_interval_4","Equal interval (4 bins)",0.005,"improvement","{taxon=Bacteria_Proteobacteria_Gammaproteobacteria_Pseudomonadales_KI89A clade_}","{Classification=Rare}",0.00738703339882122,1,0.00738703339882122,1.26077479441197,94,Inf,0.00656182775574896,NA,1,"Bacteria_Proteobacteria_Gammaproteobacteria_Pseudomonadales_KI89A clade_",1
"equal_interval_4","Equal interval (4 bins)",0.005,"mutual_information","{taxon=Bacteria_Proteobacteria_Alphaproteobacteria_SAR11 clade_Clade III_}","{Classification=Rare}",0.00675834970530452,1,0.00675834970530452,1.26077479441197,86,Inf,0.0197055164147354,NA,1,"Bacteria_Proteobacteria_Alphaproteobacteria_SAR11 clade_Clade III_",1
"equal_interval_4","Equal interval (4 bins)",0.005,"mutual_information","{taxon=Bacteria_Proteobacteria_Alphaproteobacteria_SAR11 clade_Clade IV_}","{Classification=Rare}",0.00762278978388998,0.989795918367347,0.00770137524557957,1.2479097454894,97,20.2700196463654,0.0137152333225216,0.0323100320333551,0.989795918367347,"Bacteria_Proteobacteria_Alphaproteobacteria_SAR11 clade_Clade IV_",1
"equal_interval_4","Equal interval (4 bins)",0.005,"mutual_information","{taxon=Bacteria_Proteobacteria_Alphaproteobacteria_Thalassobaculales_Nisaeaceae_OM75 clade}","{Classification=Rare}",0.00628683693516699,1,0.00628683693516699,1.26077479441197,80,Inf,0.0450226695458447,NA,1,"Bacteria_Proteobacteria_Alphaproteobacteria_Thalassobaculales_Nisaeaceae_OM75 clade",1
"equal_interval_4","Equal interval (4 bins)",0.005,"mutual_information","{taxon=Bacteria_Proteobacteria_Gammaproteobacteria_Pseudomonadales_KI89A clade_}","{Classification=Rare}",0.00738703339882122,1,0.00738703339882122,1.26077479441197,94,Inf,0.00656182775574896,NA,1,"Bacteria_Proteobacteria_Gammaproteobacteria_Pseudomonadales_KI89A clade_",1
"equal_interval_4","Equal interval (4 bins)",0.005,"complexity","{taxon=Bacteria_Proteobacteria_Alphaproteobacteria_SAR11 clade_Clade III_}","{Classification=Rare}",0.00675834970530452,1,0.00675834970530452,1.26077479441197,86,Inf,0.0197055164147354,NA,1,"Bacteria_Proteobacteria_Alphaproteobacteria_SAR11 clade_Clade III_",1
"equal_interval_4","Equal interval (4 bins)",0.005,"complexity","{taxon=Bacteria_Proteobacteria_Alphaproteobacteria_SAR11 clade_Clade IV_}","{Classification=Rare}",0.00762278978388998,0.989795918367347,0.00770137524557957,1.2479097454894,97,20.2700196463654,0.0137152333225216,0.0323100320333551,0.989795918367347,"Bacteria_Proteobacteria_Alphaproteobacteria_SAR11 clade_Clade IV_",1
"equal_interval_4","Equal interval (4 bins)",0.005,"complexity","{taxon=Bacteria_Proteobacteria_Alphaproteobacteria_Thalassobaculales_Nisaeaceae_OM75 clade}","{Classification=Rare}",0.00628683693516699,1,0.00628683693516699,1.26077479441197,80,Inf,0.0450226695458447,NA,1,"Bacteria_Proteobacteria_Alphaproteobacteria_Thalassobaculales_Nisaeaceae_OM75 clade",1
"equal_interval_4","Equal interval (4 bins)",0.005,"complexity","{taxon=Bacteria_Proteobacteria_Gammaproteobacteria_Pseudomonadales_KI89A clade_}","{Classification=Rare}",0.00738703339882122,1,0.00738703339882122,1.26077479441197,94,Inf,0.00656182775574896,NA,1,"Bacteria_Proteobacteria_Gammaproteobacteria_Pseudomonadales_KI89A clade_",1
"kmeans_4","K-means (4 bins)",5e-04,"improvement","{taxon=Archaea_Crenarchaeota_Nitrososphaeria_Nitrosopumilales_Nitrosopumilaceae_,WaterMass=WCW}","{Classification=Abundant}",0.000550098231827112,1,0.000550098231827112,21.7893835616438,7,Inf,9.8705028118535e-29,NA,1,"Archaea_Crenarchaeota_Nitrososphaeria_Nitrosopumilales_Nitrosopumilaceae_",2
"kmeans_4","K-means (4 bins)",5e-04,"improvement","{taxon=Archaea_Crenarchaeota_Nitrososphaeria_Nitrosopumilales_Nitrosopumilaceae_Candidatus Nitrosopumilus,PelagicLayer=Mesopelagic,Si=low}","{Classification=Abundant}",0.000785854616895874,0.909090909090909,0.000864440078585462,19.8085305105853,10,10.4951669941061,7.53763566856938e-38,0.3114775927374,0.909090909090909,"Archaea_Crenarchaeota_Nitrososphaeria_Nitrosopumilales_Nitrosopumilaceae_Candidatus Nitrosopumilus",3
"kmeans_4","K-means (4 bins)",5e-04,"improvement","{taxon=Bacteria_Actinobacteriota_Acidimicrobiia_Microtrichales_Microtrichaceae_Sva0996 marine group,PelagicLayer=Bathypelagic}","{Classification=Undetermined}",0.000550098231827112,0.875,0.000628683693516699,5.43670654296875,7,6.7124557956778,0.00239869681266972,0.148684177283119,0.875,"Bacteria_Actinobacteriota_Acidimicrobiia_Microtrichales_Microtrichaceae_Sva0996 marine group",2
"kmeans_4","K-means (4 bins)",5e-04,"improvement","{taxon=Bacteria_Bacteroidota_Bacteroidia_Cytophagales_Cyclobacteriaceae_Marinoscillum,NO2=low,Si=low,Temperature=high}","{Classification=Undetermined}",0.000628683693516699,0.8,0.000785854616895874,4.970703125,8,4.19528487229862,0.00234826754851978,0.122386441352253,0.8,"Bacteria_Bacteroidota_Bacteroidia_Cytophagales_Cyclobacteriaceae_Marinoscillum",4
"kmeans_4","K-means (4 bins)",5e-04,"improvement","{taxon=Bacteria_Bacteroidota_Bacteroidia_Flavobacteriales_Crocinitomicaceae_Fluviicola,NO2=low,NH4=Unknown,Chl=very low}","{Classification=Undetermined}",0.000628683693516699,0.888888888888889,0.000707269155206287,5.52300347222222,8,7.55151277013752,0.000172502218884113,0.156994520255533,0.888888888888889,"Bacteria_Bacteroidota_Bacteroidia_Flavobacteriales_Crocinitomicaceae_Fluviicola",4
"kmeans_4","K-means (4 bins)",5e-04,"improvement","{taxon=Bacteria_Bacteroidota_Bacteroidia_Flavobacteriales_Cryomorphaceae_,NO2=very high}","{Classification=Undetermined}",0.000628683693516699,1,0.000628683693516699,6.21337890625,8,Inf,6.52234909894689e-06,NA,1,"Bacteria_Bacteroidota_Bacteroidia_Flavobacteriales_Cryomorphaceae_",2
"kmeans_4","K-means (4 bins)",5e-04,"improvement","{taxon=Bacteria_Bacteroidota_Bacteroidia_Flavobacteriales_Flavobacteriaceae_,Temperature=very high,Salinity=high}","{Classification=Abundant}",0.000550098231827112,1,0.000550098231827112,21.7893835616438,7,Inf,9.8705028118535e-29,NA,1,"Bacteria_Bacteroidota_Bacteroidia_Flavobacteriales_Flavobacteriaceae_",3
"kmeans_4","K-means (4 bins)",5e-04,"improvement","{taxon=Bacteria_Bacteroidota_Bacteroidia_Flavobacteriales_Flavobacteriaceae_Aurantivirga,Chl=Unknown,Salinity=low}","{Classification=Abundant}",0.000550098231827112,1,0.000550098231827112,21.7893835616438,7,Inf,9.8705028118535e-29,NA,1,"Bacteria_Bacteroidota_Bacteroidia_Flavobacteriales_Flavobacteriaceae_Aurantivirga",3
"kmeans_4","K-means (4 bins)",5e-04,"improvement","{taxon=Bacteria_Bacteroidota_Bacteroidia_Flavobacteriales_Flavobacteriaceae_Formosa,NH4=Unknown,Chl=high}","{Classification=Abundant}",0.000550098231827112,0.875,0.000628683693516699,19.0657106164384,7,7.63284872298625,2.2639028636052e-24,0.278359232907748,0.875,"Bacteria_Bacteroidota_Bacteroidia_Flavobacteriales_Flavobacteriaceae_Formosa",3
"kmeans_4","K-means (4 bins)",5e-04,"improvement","{taxon=Bacteria_Bacteroidota_Bacteroidia_Flavobacteriales_Flavobacteriaceae_NS4 marine group,NO2=high}","{Classification=Undetermined}",0.000943025540275049,0.923076923076923,0.00102161100196464,5.73542668269231,12,10.9077406679764,4.57854299523895e-09,0.181425937145076,0.923076923076923,"Bacteria_Bacteroidota_Bacteroidia_Flavobacteriales_Flavobacteriaceae_NS4 marine group",2
"kmeans_4","K-means (4 bins)",5e-04,"improvement","{taxon=Bacteria_Bacteroidota_Bacteroidia_Flavobacteriales_Flavobacteriaceae_NS5 marine group,Si=low,Salinity=very low}","{Classification=Abundant}",0.000785854616895874,0.909090909090909,0.000864440078585462,19.8085305105853,10,10.4951669941061,7.53763566856938e-38,0.3114775927374,0.909090909090909,"Bacteria_Bacteroidota_Bacteroidia_Flavobacteriales_Flavobacteriaceae_NS5 marine group",3
"kmeans_4","K-means (4 bins)",5e-04,"improvement","{taxon=Bacteria_Bacteroidota_Bacteroidia_Flavobacteriales_Flavobacteriaceae_Polaribacter,Si=low,WaterMass=TAW}","{Classification=Undetermined}",0.000628683693516699,1,0.000628683693516699,6.21337890625,8,Inf,6.52234909894689e-06,NA,1,"Bacteria_Bacteroidota_Bacteroidia_Flavobacteriales_Flavobacteriaceae_Polaribacter",3
"kmeans_4","K-means (4 bins)",5e-04,"improvement","{taxon=Bacteria_Bacteroidota_Bacteroidia_Flavobacteriales_Flavobacteriaceae_Ulvibacter,NH4=Unknown,Chl=high}","{Classification=Undetermined}",0.000628683693516699,1,0.000628683693516699,6.21337890625,8,Inf,6.52234909894689e-06,NA,1,"Bacteria_Bacteroidota_Bacteroidia_Flavobacteriales_Flavobacteriaceae_Ulvibacter",3
"kmeans_4","K-means (4 bins)",5e-04,"improvement","{taxon=Bacteria_Bacteroidota_Bacteroidia_Flavobacteriales_NS7 marine group_,Si=low,Salinity=very low}","{Classification=Undetermined}",0.000707269155206287,0.818181818181818,0.000864440078585462,5.08367365056818,9,4.61481335952849,0.000183894919396437,0.130849101799297,0.818181818181818,"Bacteria_Bacteroidota_Bacteroidia_Flavobacteriales_NS7 marine group_",3
"kmeans_4","K-means (4 bins)",5e-04,"improvement","{taxon=Bacteria_Bacteroidota_Bacteroidia_Flavobacteriales_NS9 marine group_,Chl=very low,Salinity=low}","{Classification=Undetermined}",0.000628683693516699,1,0.000628683693516699,6.21337890625,8,Inf,6.52234909894689e-06,NA,1,"Bacteria_Bacteroidota_Bacteroidia_Flavobacteriales_NS9 marine group_",3
"kmeans_4","K-means (4 bins)",5e-04,"improvement","{taxon=Bacteria_Chloroflexi_Dehalococcoidia_SAR202 clade,WaterMass=WCW}","{Classification=Undetermined}",0.000550098231827112,1,0.000550098231827112,6.21337890625,7,Inf,9.45143115046329e-05,NA,1,"Bacteria_Chloroflexi_Dehalococcoidia_SAR202 clade",2
"kmeans_4","K-means (4 bins)",5e-04,"improvement","{taxon=Bacteria_Marinimicrobia (SAR406 clade)__,WaterMass=WCW}","{Classification=Abundant}",0.000550098231827112,1,0.000550098231827112,21.7893835616438,7,Inf,9.8705028118535e-29,NA,1,"Bacteria_Marinimicrobia (SAR406 clade)__",2
"kmeans_4","K-means (4 bins)",5e-04,"improvement","{taxon=Bacteria_Nitrospinota_Nitrospinia_Nitrospinales_Nitrospinaceae_LS-NOB,WaterMass=WCW}","{Classification=Undetermined}",0.000550098231827112,1,0.000550098231827112,6.21337890625,7,Inf,9.45143115046329e-05,NA,1,"Bacteria_Nitrospinota_Nitrospinia_Nitrospinales_Nitrospinaceae_LS-NOB",2
"kmeans_4","K-means (4 bins)",5e-04,"improvement","{taxon=Bacteria_Planctomycetota_OM190_,WaterMass=WCW}","{Classification=Undetermined}",0.000550098231827112,1,0.000550098231827112,6.21337890625,7,Inf,9.45143115046329e-05,NA,1,"Bacteria_Planctomycetota_OM190_",2
"kmeans_4","K-means (4 bins)",5e-04,"improvement","{taxon=Bacteria_Planctomycetota_Phycisphaerae_Phycisphaerales_Phycisphaeraceae_JL-ETNP-F27,WaterMass=WCW}","{Classification=Undetermined}",0.000550098231827112,1,0.000550098231827112,6.21337890625,7,Inf,9.45143115046329e-05,NA,1,"Bacteria_Planctomycetota_Phycisphaerae_Phycisphaerales_Phycisphaeraceae_JL-ETNP-F27",2
"kmeans_4","K-means (4 bins)",5e-04,"improvement","{taxon=Bacteria_Planctomycetota_Planctomycetes_Pirellulales_Pirellulaceae_Rhodopirellula,PO4=very high}","{Classification=Undetermined}",0.000550098231827112,1,0.000550098231827112,6.21337890625,7,Inf,9.45143115046329e-05,NA,1,"Bacteria_Planctomycetota_Planctomycetes_Pirellulales_Pirellulaceae_Rhodopirellula",2
"kmeans_4","K-means (4 bins)",5e-04,"improvement","{taxon=Bacteria_Proteobacteria_Alphaproteobacteria_Defluviicoccales,PO4=very high,Temperature=very low}","{Classification=Undetermined}",0.000550098231827112,1,0.000550098231827112,6.21337890625,7,Inf,9.45143115046329e-05,NA,1,"Bacteria_Proteobacteria_Alphaproteobacteria_Defluviicoccales",3
"kmeans_4","K-means (4 bins)",5e-04,"improvement","{taxon=Bacteria_Proteobacteria_Alphaproteobacteria_Kordiimonadales,NO2=low,NH4=Unknown,Temperature=high}","{Classification=Undetermined}",0.000628683693516699,0.888888888888889,0.000707269155206287,5.52300347222222,8,7.55151277013752,0.000172502218884113,0.156994520255533,0.888888888888889,"Bacteria_Proteobacteria_Alphaproteobacteria_Kordiimonadales",4
"kmeans_4","K-means (4 bins)",5e-04,"improvement","{taxon=Bacteria_Proteobacteria_Alphaproteobacteria_Puniceispirillales_SAR116 clade_,NO2=low,Temperature=high,Salinity=very low}","{Classification=Undetermined}",0.000550098231827112,1,0.000550098231827112,6.21337890625,7,Inf,9.45143115046329e-05,NA,1,"Bacteria_Proteobacteria_Alphaproteobacteria_Puniceispirillales_SAR116 clade_",4
"kmeans_4","K-means (4 bins)",5e-04,"improvement","{taxon=Bacteria_Proteobacteria_Alphaproteobacteria_Rhodobacterales_Rhodobacteraceae_Ascidiaceihabitans,PO4=low,Salinity=high}","{Classification=Undetermined}",0.000550098231827112,1,0.000550098231827112,6.21337890625,7,Inf,9.45143115046329e-05,NA,1,"Bacteria_Proteobacteria_Alphaproteobacteria_Rhodobacterales_Rhodobacteraceae_Ascidiaceihabitans",3
"kmeans_4","K-means (4 bins)",5e-04,"improvement","{taxon=Bacteria_Proteobacteria_Alphaproteobacteria_Rhodobacterales_Rhodobacteraceae_Planktomarina,Temperature=very high,WaterMass=IW}","{Classification=Undetermined}",0.000550098231827112,1,0.000550098231827112,6.21337890625,7,Inf,9.45143115046329e-05,NA,1,"Bacteria_Proteobacteria_Alphaproteobacteria_Rhodobacterales_Rhodobacteraceae_Planktomarina",3
"kmeans_4","K-means (4 bins)",5e-04,"improvement","{taxon=Bacteria_Proteobacteria_Alphaproteobacteria_Rhodobacterales_Rhodobacteraceae_Sulfitobacter,Temperature=very high,WaterMass=IW}","{Classification=Undetermined}",0.000550098231827112,1,0.000550098231827112,6.21337890625,7,Inf,9.45143115046329e-05,NA,1,"Bacteria_Proteobacteria_Alphaproteobacteria_Rhodobacterales_Rhodobacteraceae_Sulfitobacter",3
"kmeans_4","K-means (4 bins)",5e-04,"improvement","{taxon=Bacteria_Proteobacteria_Alphaproteobacteria_Rhodospirillales_Magnetospiraceae_Magnetospira,Si=low,Salinity=very low}","{Classification=Undetermined}",0.000628683693516699,0.8,0.000785854616895874,4.970703125,8,4.19528487229862,0.00234826754851978,0.122386441352253,0.8,"Bacteria_Proteobacteria_Alphaproteobacteria_Rhodospirillales_Magnetospiraceae_Magnetospira",3
"kmeans_4","K-means (4 bins)",5e-04,"improvement","{taxon=Bacteria_Proteobacteria_Alphaproteobacteria_SAR11 clade_Clade I_Clade Ia,NH4=high}","{Classification=Abundant}",0.000707269155206287,1,0.000707269155206287,21.7893835616438,9,Inf,7.94875213639873e-38,NA,1,"Bacteria_Proteobacteria_Alphaproteobacteria_SAR11 clade_Clade I_Clade Ia",2
"kmeans_4","K-means (4 bins)",5e-04,"improvement","{taxon=Bacteria_Proteobacteria_Alphaproteobacteria_SAR11 clade_Clade I_Clade Ib,WaterMass=WCW}","{Classification=Undetermined}",0.000550098231827112,1,0.000550098231827112,6.21337890625,7,Inf,9.45143115046329e-05,NA,1,"Bacteria_Proteobacteria_Alphaproteobacteria_SAR11 clade_Clade I_Clade Ib",2
"kmeans_4","K-means (4 bins)",5e-04,"improvement","{taxon=Bacteria_Proteobacteria_Alphaproteobacteria_SAR11 clade_Clade II_,PelagicLayer=Bathypelagic}","{Classification=Undetermined}",0.000550098231827112,0.875,0.000628683693516699,5.43670654296875,7,6.7124557956778,0.00239869681266972,0.148684177283119,0.875,"Bacteria_Proteobacteria_Alphaproteobacteria_SAR11 clade_Clade II_",2
"kmeans_4","K-means (4 bins)",5e-04,"improvement","{taxon=Bacteria_Proteobacteria_Gammaproteobacteria_Burkholderiales_Methylophilaceae_OM43 clade,NO2=low,Temperature=high,Salinity=very low}","{Classification=Undetermined}",0.000550098231827112,1,0.000550098231827112,6.21337890625,7,Inf,9.45143115046329e-05,NA,1,"Bacteria_Proteobacteria_Gammaproteobacteria_Burkholderiales_Methylophilaceae_OM43 clade",4
"kmeans_4","K-means (4 bins)",5e-04,"improvement","{taxon=Bacteria_Proteobacteria_Gammaproteobacteria_Burkholderiales_Nitrosomonadaceae_Nitrosomonas,PelagicLayer=Mesopelagic,NO2=high}","{Classification=Undetermined}",0.000707269155206287,1,0.000707269155206287,6.21337890625,9,Inf,4.53179431537939e-07,NA,1,"Bacteria_Proteobacteria_Gammaproteobacteria_Burkholderiales_Nitrosomonadaceae_Nitrosomonas",3
"kmeans_4","K-means (4 bins)",5e-04,"improvement","{taxon=Bacteria_Proteobacteria_Gammaproteobacteria_HOC36,WaterMass=WCW}","{Classification=Undetermined}",0.000550098231827112,1,0.000550098231827112,6.21337890625,7,Inf,9.45143115046329e-05,NA,1,"Bacteria_Proteobacteria_Gammaproteobacteria_HOC36",2
"kmeans_4","K-means (4 bins)",5e-04,"improvement","{taxon=Bacteria_Proteobacteria_Gammaproteobacteria_Pseudomonadales_Halieaceae_OM60(NOR5) clade,PO4=high,Si=high}","{Classification=Undetermined}",0.000550098231827112,0.875,0.000628683693516699,5.43670654296875,7,6.7124557956778,0.00239869681266972,0.148684177283119,0.875,"Bacteria_Proteobacteria_Gammaproteobacteria_Pseudomonadales_Halieaceae_OM60(NOR5) clade",3
"kmeans_4","K-means (4 bins)",5e-04,"improvement","{taxon=Bacteria_Proteobacteria_Gammaproteobacteria_Pseudomonadales_KI89A clade_}","{Classification=Rare}",0.00738703339882122,1,0.00738703339882122,1.26077479441197,94,Inf,0.0418655623298895,NA,1,"Bacteria_Proteobacteria_Gammaproteobacteria_Pseudomonadales_KI89A clade_",1
"kmeans_4","K-means (4 bins)",5e-04,"improvement","{taxon=Bacteria_Proteobacteria_Gammaproteobacteria_Pseudomonadales_Nitrincolaceae_,NO2=low,Temperature=high,Salinity=very low}","{Classification=Abundant}",0.000550098231827112,1,0.000550098231827112,21.7893835616438,7,Inf,9.8705028118535e-29,NA,1,"Bacteria_Proteobacteria_Gammaproteobacteria_Pseudomonadales_Nitrincolaceae_",4
"kmeans_4","K-means (4 bins)",5e-04,"improvement","{taxon=Bacteria_Proteobacteria_Gammaproteobacteria_Pseudomonadales_OM182 clade_,NO2=low,NH4=Unknown,Temperature=high}","{Classification=Undetermined}",0.000628683693516699,0.888888888888889,0.000707269155206287,5.52300347222222,8,7.55151277013752,0.000172502218884113,0.156994520255533,0.888888888888889,"Bacteria_Proteobacteria_Gammaproteobacteria_Pseudomonadales_OM182 clade_",4
"kmeans_4","K-means (4 bins)",5e-04,"improvement","{taxon=Bacteria_Proteobacteria_Gammaproteobacteria_Pseudomonadales_Porticoccaceae_SAR92 clade,NO2=high,Temperature=low}","{Classification=Undetermined}",0.000707269155206287,1,0.000707269155206287,6.21337890625,9,Inf,4.53179431537939e-07,NA,1,"Bacteria_Proteobacteria_Gammaproteobacteria_Pseudomonadales_Porticoccaceae_SAR92 clade",3
"kmeans_4","K-means (4 bins)",5e-04,"improvement","{taxon=Bacteria_Proteobacteria_Gammaproteobacteria_Pseudomonadales_Pseudohongiellaceae_Pseudohongiella,WaterMass=WCW}","{Classification=Undetermined}",0.000550098231827112,1,0.000550098231827112,6.21337890625,7,Inf,9.45143115046329e-05,NA,1,"Bacteria_Proteobacteria_Gammaproteobacteria_Pseudomonadales_Pseudohongiellaceae_Pseudohongiella",2
"kmeans_4","K-means (4 bins)",5e-04,"improvement","{taxon=Bacteria_Proteobacteria_Gammaproteobacteria_Pseudomonadales_SAR86 clade_,NO2=low,Temperature=high,Salinity=very low}","{Classification=Undetermined}",0.000550098231827112,1,0.000550098231827112,6.21337890625,7,Inf,9.45143115046329e-05,NA,1,"Bacteria_Proteobacteria_Gammaproteobacteria_Pseudomonadales_SAR86 clade_",4
"kmeans_4","K-means (4 bins)",5e-04,"improvement","{taxon=Bacteria_Proteobacteria_Gammaproteobacteria_Pseudomonadales_Thioglobaceae_Candidatus Thioglobus,Si=low,Salinity=very low}","{Classification=Abundant}",0.000628683693516699,0.8,0.000785854616895874,17.4315068493151,8,4.7705304518664,2.58926160296647e-25,0.24290329623764,0.8,"Bacteria_Proteobacteria_Gammaproteobacteria_Pseudomonadales_Thioglobaceae_Candidatus Thioglobus",3
"kmeans_4","K-means (4 bins)",5e-04,"improvement","{taxon=Bacteria_Proteobacteria_Gammaproteobacteria_Pseudomonadales_Thioglobaceae_SUP05 cluster,NH4=very low,Chl=Unknown}","{Classification=Abundant}",0.000628683693516699,0.8,0.000785854616895874,17.4315068493151,8,4.7705304518664,2.58926160296647e-25,0.24290329623764,0.8,"Bacteria_Proteobacteria_Gammaproteobacteria_Pseudomonadales_Thioglobaceae_SUP05 cluster",3
"kmeans_4","K-means (4 bins)",5e-04,"improvement","{taxon=Bacteria_SAR324 clade(Marine group B)__,WaterMass=WCW}","{Classification=Abundant}",0.000550098231827112,1,0.000550098231827112,21.7893835616438,7,Inf,9.8705028118535e-29,NA,1,"Bacteria_SAR324 clade(Marine group B)__",2
"kmeans_4","K-means (4 bins)",5e-04,"improvement","{taxon=Bacteria_Verrucomicrobiota_Verrucomicrobiae_Arctic97B-4 marine group,WaterMass=WCW}","{Classification=Undetermined}",0.000550098231827112,1,0.000550098231827112,6.21337890625,7,Inf,9.45143115046329e-05,NA,1,"Bacteria_Verrucomicrobiota_Verrucomicrobiae_Arctic97B-4 marine group",2
"kmeans_4","K-means (4 bins)",5e-04,"improvement","{taxon=Bacteria_Verrucomicrobiota_Verrucomicrobiae_Verrucomicrobiales_Rubritaleaceae_Roseibacillus,Si=low,Chl=very low}","{Classification=Undetermined}",0.000550098231827112,1,0.000550098231827112,6.21337890625,7,Inf,9.45143115046329e-05,NA,1,"Bacteria_Verrucomicrobiota_Verrucomicrobiae_Verrucomicrobiales_Rubritaleaceae_Roseibacillus",3
"kmeans_4","K-means (4 bins)",5e-04,"mutual_information","{taxon=Archaea_Crenarchaeota_Nitrososphaeria_Nitrosopumilales_Nitrosopumilaceae_,PelagicLayer=Bathypelagic}","{Classification=Abundant}",0.000550098231827112,0.875,0.000628683693516699,19.0657106164384,7,7.63284872298625,2.2639028636052e-24,0.278359232907748,0.875,"Archaea_Crenarchaeota_Nitrososphaeria_Nitrosopumilales_Nitrosopumilaceae_",2
"kmeans_4","K-means (4 bins)",5e-04,"mutual_information","{taxon=Archaea_Crenarchaeota_Nitrososphaeria_Nitrosopumilales_Nitrosopumilaceae_Candidatus Nitrosopumilus,PelagicLayer=Mesopelagic,Si=low}","{Classification=Abundant}",0.000785854616895874,0.909090909090909,0.000864440078585462,19.8085305105853,10,10.4951669941061,7.53763566856938e-38,0.3114775927374,0.909090909090909,"Archaea_Crenarchaeota_Nitrososphaeria_Nitrosopumilales_Nitrosopumilaceae_Candidatus Nitrosopumilus",3
"kmeans_4","K-means (4 bins)",5e-04,"mutual_information","{taxon=Bacteria_Actinobacteriota_Acidimicrobiia_Microtrichales_Microtrichaceae_Sva0996 marine group,PelagicLayer=Bathypelagic}","{Classification=Undetermined}",0.000550098231827112,0.875,0.000628683693516699,5.43670654296875,7,6.7124557956778,0.00239869681266972,0.148684177283119,0.875,"Bacteria_Actinobacteriota_Acidimicrobiia_Microtrichales_Microtrichaceae_Sva0996 marine group",2
"kmeans_4","K-means (4 bins)",5e-04,"mutual_information","{taxon=Bacteria_Bacteroidota_Bacteroidia_Cytophagales_Cyclobacteriaceae_Marinoscillum,NO2=low,Si=low,Temperature=high}","{Classification=Undetermined}",0.000628683693516699,0.8,0.000785854616895874,4.970703125,8,4.19528487229862,0.00234826754851978,0.122386441352253,0.8,"Bacteria_Bacteroidota_Bacteroidia_Cytophagales_Cyclobacteriaceae_Marinoscillum",4
"kmeans_4","K-means (4 bins)",5e-04,"mutual_information","{taxon=Bacteria_Bacteroidota_Bacteroidia_Flavobacteriales_Crocinitomicaceae_Fluviicola,NO2=low,Si=low,Temperature=high}","{Classification=Undetermined}",0.000707269155206287,0.9,0.000785854616895874,5.592041015625,9,8.39056974459725,1.23885908827657e-05,0.164216296707775,0.0538461538461539,"Bacteria_Bacteroidota_Bacteroidia_Flavobacteriales_Crocinitomicaceae_Fluviicola",4
"kmeans_4","K-means (4 bins)",5e-04,"mutual_information","{taxon=Bacteria_Bacteroidota_Bacteroidia_Flavobacteriales_Cryomorphaceae_,PelagicLayer=Mesopelagic,Salinity=very high}","{Classification=Undetermined}",0.000943025540275049,0.923076923076923,0.00102161100196464,5.73542668269231,12,10.9077406679764,4.57854299523895e-09,0.181425937145076,0.0897435897435898,"Bacteria_Bacteroidota_Bacteroidia_Flavobacteriales_Cryomorphaceae_",3
"kmeans_4","K-means (4 bins)",5e-04,"mutual_information","{taxon=Bacteria_Bacteroidota_Bacteroidia_Flavobacteriales_Flavobacteriaceae_,NH4=Unknown,Chl=very low,WaterMass=SW}","{Classification=Abundant}",0.000943025540275049,0.923076923076923,0.00102161100196464,20.1132771338251,12,12.4033791748527,7.23494494834184e-47,0.327910357799721,0.065934065934066,"Bacteria_Bacteroidota_Bacteroidia_Flavobacteriales_Flavobacteriaceae_",4
"kmeans_4","K-means (4 bins)",5e-04,"mutual_information","{taxon=Bacteria_Bacteroidota_Bacteroidia_Flavobacteriales_Flavobacteriaceae_Aurantivirga,PelagicLayer=Mesopelagic,NO2=high}","{Classification=Abundant}",0.000707269155206287,0.9,0.000785854616895874,19.6104452054795,9,9.54106090373281,2.38922393637099e-33,0.301837654726351,0.9,"Bacteria_Bacteroidota_Bacteroidia_Flavobacteriales_Flavobacteriaceae_Aurantivirga",3
"kmeans_4","K-means (4 bins)",5e-04,"mutual_information","{taxon=Bacteria_Bacteroidota_Bacteroidia_Flavobacteriales_Flavobacteriaceae_Formosa,NH4=Unknown,Chl=high}","{Classification=Abundant}",0.000550098231827112,0.875,0.000628683693516699,19.0657106164384,7,7.63284872298625,2.2639028636052e-24,0.278359232907748,0.875,"Bacteria_Bacteroidota_Bacteroidia_Flavobacteriales_Flavobacteriaceae_Formosa",3
"kmeans_4","K-means (4 bins)",5e-04,"mutual_information","{taxon=Bacteria_Bacteroidota_Bacteroidia_Flavobacteriales_Flavobacteriaceae_NS4 marine group,PelagicLayer=Epipelagic,Si=low,Temperature=high}","{Classification=Undetermined}",0.00117878192534381,0.9375,0.0012573673870334,5.82504272460938,15,13.4249115913556,1.6938610262001e-12,0.194387394659989,0.0551470588235294,"Bacteria_Bacteroidota_Bacteroidia_Flavobacteriales_Flavobacteriaceae_NS4 marine group",4
"kmeans_4","K-means (4 bins)",5e-04,"mutual_information","{taxon=Bacteria_Bacteroidota_Bacteroidia_Flavobacteriales_Flavobacteriaceae_NS5 marine group,NH4=Unknown,Temperature=high,Salinity=very low}","{Classification=Abundant}",0.000864440078585462,0.916666666666667,0.000943025540275049,19.9736015981735,11,11.4492730844794,2.34714208060957e-42,0.32010464322209,0.0931372549019608,"Bacteria_Bacteroidota_Bacteroidia_Flavobacteriales_Flavobacteriaceae_NS5 marine group",4
"kmeans_4","K-means (4 bins)",5e-04,"mutual_information","{taxon=Bacteria_Bacteroidota_Bacteroidia_Flavobacteriales_Flavobacteriaceae_Polaribacter,PO4=very low,NH4=Unknown,Temperature=high,Salinity=very low}","{Classification=Abundant}",0.000707269155206287,0.9,0.000785854616895874,19.6104452054795,9,9.54106090373281,2.38922393637099e-33,0.301837654726351,0.0333333333333333,"Bacteria_Bacteroidota_Bacteroidia_Flavobacteriales_Flavobacteriaceae_Polaribacter",5
"kmeans_4","K-means (4 bins)",5e-04,"mutual_information","{taxon=Bacteria_Bacteroidota_Bacteroidia_Flavobacteriales_Flavobacteriaceae_Ulvibacter,Chl=very high,WaterMass=AW}","{Classification=Undetermined}",0.000707269155206287,0.9,0.000785854616895874,5.592041015625,9,8.39056974459725,1.23885908827657e-05,0.164216296707775,0.0666666666666667,"Bacteria_Bacteroidota_Bacteroidia_Flavobacteriales_Flavobacteriaceae_Ulvibacter",3
"kmeans_4","K-means (4 bins)",5e-04,"mutual_information","{taxon=Bacteria_Bacteroidota_Bacteroidia_Flavobacteriales_NS7 marine group_,NH4=Unknown,Si=low,Salinity=very low}","{Classification=Undetermined}",0.000550098231827112,0.875,0.000628683693516699,5.43670654296875,7,6.7124557956778,0.00239869681266972,0.148684177283119,0.0568181818181818,"Bacteria_Bacteroidota_Bacteroidia_Flavobacteriales_NS7 marine group_",4
"kmeans_4","K-means (4 bins)",5e-04,"mutual_information","{taxon=Bacteria_Bacteroidota_Bacteroidia_Flavobacteriales_NS9 marine group_,PelagicLayer=Epipelagic,Si=very low,Salinity=low}","{Classification=Undetermined}",0.00141453831041257,0.9,0.00157170923379175,5.592041015625,18,8.39056974459725,1.39138893163204e-14,0.179708097697122,0.0363636363636364,"Bacteria_Bacteroidota_Bacteroidia_Flavobacteriales_NS9 marine group_",4
"kmeans_4","K-means (4 bins)",5e-04,"mutual_information","{taxon=Bacteria_Chloroflexi_Dehalococcoidia_SAR202 clade,Chl=Unknown,Temperature=very low}","{Classification=Undetermined}",0.000628683693516699,0.8,0.000785854616895874,4.970703125,8,4.19528487229862,0.00234826754851978,0.122386441352253,0.8,"Bacteria_Chloroflexi_Dehalococcoidia_SAR202 clade",3
"kmeans_4","K-means (4 bins)",5e-04,"mutual_information","{taxon=Bacteria_Marinimicrobia (SAR406 clade)__,Chl=Unknown,Temperature=very low}","{Classification=Abundant}",0.000628683693516699,0.8,0.000785854616895874,17.4315068493151,8,4.7705304518664,2.58926160296647e-25,0.24290329623764,0.8,"Bacteria_Marinimicrobia (SAR406 clade)__",3
"kmeans_4","K-means (4 bins)",5e-04,"mutual_information","{taxon=Bacteria_Nitrospinota_Nitrospinia_Nitrospinales_Nitrospinaceae_LS-NOB,Temperature=very low}","{Classification=Undetermined}",0.000785854616895874,0.909090909090909,0.000864440078585462,5.64852627840909,10,9.22962671905697,8.89157770147872e-07,0.170588941116608,0.909090909090909,"Bacteria_Nitrospinota_Nitrospinia_Nitrospinales_Nitrospinaceae_LS-NOB",2
"kmeans_4","K-means (4 bins)",5e-04,"mutual_information","{taxon=Bacteria_Planctomycetota_OM190_,Temperature=very low}","{Classification=Undetermined}",0.000785854616895874,0.909090909090909,0.000864440078585462,5.64852627840909,10,9.22962671905697,8.89157770147872e-07,0.170588941116608,0.909090909090909,"Bacteria_Planctomycetota_OM190_",2
"kmeans_4","K-means (4 bins)",5e-04,"mutual_information","{taxon=Bacteria_Planctomycetota_Phycisphaerae_Phycisphaerales_Phycisphaeraceae_JL-ETNP-F27,Temperature=very low}","{Classification=Undetermined}",0.000628683693516699,0.8,0.000785854616895874,4.970703125,8,4.19528487229862,0.00234826754851978,0.122386441352253,0.8,"Bacteria_Planctomycetota_Phycisphaerae_Phycisphaerales_Phycisphaeraceae_JL-ETNP-F27",2
"kmeans_4","K-means (4 bins)",5e-04,"mutual_information","{taxon=Bacteria_Planctomycetota_Planctomycetes_Pirellulales_Pirellulaceae_Rhodopirellula,PelagicLayer=Bathypelagic}","{Classification=Undetermined}",0.000550098231827112,0.875,0.000628683693516699,5.43670654296875,7,6.7124557956778,0.00239869681266972,0.148684177283119,0.875,"Bacteria_Planctomycetota_Planctomycetes_Pirellulales_Pirellulaceae_Rhodopirellula",2
"kmeans_4","K-means (4 bins)",5e-04,"mutual_information","{taxon=Bacteria_Proteobacteria_Alphaproteobacteria_Defluviicoccales,PelagicLayer=Bathypelagic}","{Classification=Undetermined}",0.000550098231827112,0.875,0.000628683693516699,5.43670654296875,7,6.7124557956778,0.00239869681266972,0.148684177283119,0.875,"Bacteria_Proteobacteria_Alphaproteobacteria_Defluviicoccales",2
"kmeans_4","K-means (4 bins)",5e-04,"mutual_information","{taxon=Bacteria_Proteobacteria_Alphaproteobacteria_Kordiimonadales,NO2=low,NH4=Unknown,Temperature=high}","{Classification=Undetermined}",0.000628683693516699,0.888888888888889,0.000707269155206287,5.52300347222222,8,7.55151277013752,0.000172502218884113,0.156994520255533,0.888888888888889,"Bacteria_Proteobacteria_Alphaproteobacteria_Kordiimonadales",4
"kmeans_4","K-means (4 bins)",5e-04,"mutual_information","{taxon=Bacteria_Proteobacteria_Alphaproteobacteria_Puniceispirillales_SAR116 clade_,Si=low,WaterMass=SW}","{Classification=Undetermined}",0.000707269155206287,0.9,0.000785854616895874,5.592041015625,9,8.39056974459725,1.23885908827657e-05,0.164216296707775,0.9,"Bacteria_Proteobacteria_Alphaproteobacteria_Puniceispirillales_SAR116 clade_",3
"kmeans_4","K-means (4 bins)",5e-04,"mutual_information","{taxon=Bacteria_Proteobacteria_Alphaproteobacteria_Rhodobacterales_Rhodobacteraceae_Ascidiaceihabitans,PelagicLayer=Epipelagic,NO2=low,NH4=Unknown,Si=low}","{Classification=Undetermined}",0.000864440078585462,0.916666666666667,0.000943025540275049,5.69559733072917,11,10.0686836935167,6.38038141289377e-08,0.176283522145113,0.0595238095238095,"Bacteria_Proteobacteria_Alphaproteobacteria_Rhodobacterales_Rhodobacteraceae_Ascidiaceihabitans",5
"kmeans_4","K-means (4 bins)",5e-04,"mutual_information","{taxon=Bacteria_Proteobacteria_Alphaproteobacteria_Rhodobacterales_Rhodobacteraceae_Planktomarina,NH4=Unknown,Si=low,Salinity=very low}","{Classification=Abundant}",0.000550098231827112,0.875,0.000628683693516699,19.0657106164384,7,7.63284872298625,2.2639028636052e-24,0.278359232907748,0.875,"Bacteria_Proteobacteria_Alphaproteobacteria_Rhodobacterales_Rhodobacteraceae_Planktomarina",4
"kmeans_4","K-means (4 bins)",5e-04,"mutual_information","{taxon=Bacteria_Proteobacteria_Alphaproteobacteria_Rhodobacterales_Rhodobacteraceae_Sulfitobacter,NH4=very low,Si=very low,Temperature=very high}","{Classification=Undetermined}",0.000785854616895874,0.909090909090909,0.000864440078585462,5.64852627840909,10,9.22962671905697,8.89157770147872e-07,0.170588941116608,0.0757575757575757,"Bacteria_Proteobacteria_Alphaproteobacteria_Rhodobacterales_Rhodobacteraceae_Sulfitobacter",4
"kmeans_4","K-means (4 bins)",5e-04,"mutual_information","{taxon=Bacteria_Proteobacteria_Alphaproteobacteria_Rhodospirillales_Magnetospiraceae_Magnetospira,Si=low,Salinity=very low}","{Classification=Undetermined}",0.000628683693516699,0.8,0.000785854616895874,4.970703125,8,4.19528487229862,0.00234826754851978,0.122386441352253,0.8,"Bacteria_Proteobacteria_Alphaproteobacteria_Rhodospirillales_Magnetospiraceae_Magnetospira",3
"kmeans_4","K-means (4 bins)",5e-04,"mutual_information","{taxon=Bacteria_Proteobacteria_Alphaproteobacteria_SAR11 clade_Clade I_Clade Ia,Si=low,Temperature=high}","{Classification=Abundant}",0.0012573673870334,0.941176470588235,0.00133595284872299,20.5076551168413,16,16.2198035363458,6.10102400839169e-65,0.353340983546929,0.941176470588235,"Bacteria_Proteobacteria_Alphaproteobacteria_SAR11 clade_Clade I_Clade Ia",3
"kmeans_4","K-means (4 bins)",5e-04,"mutual_information","{taxon=Bacteria_Proteobacteria_Alphaproteobacteria_SAR11 clade_Clade I_Clade Ib,PelagicLayer=Bathypelagic}","{Classification=Undetermined}",0.000550098231827112,0.875,0.000628683693516699,5.43670654296875,7,6.7124557956778,0.00239869681266972,0.148684177283119,0.875,"Bacteria_Proteobacteria_Alphaproteobacteria_SAR11 clade_Clade I_Clade Ib",2
"kmeans_4","K-means (4 bins)",5e-04,"mutual_information","{taxon=Bacteria_Proteobacteria_Alphaproteobacteria_SAR11 clade_Clade II_,PO4=very high,Salinity=high}","{Classification=Undetermined}",0.000628683693516699,0.888888888888889,0.000707269155206287,5.52300347222222,8,7.55151277013752,0.000172502218884113,0.156994520255533,0.0707070707070706,"Bacteria_Proteobacteria_Alphaproteobacteria_SAR11 clade_Clade II_",3
"kmeans_4","K-means (4 bins)",5e-04,"mutual_information","{taxon=Bacteria_Proteobacteria_Gammaproteobacteria_Burkholderiales_Methylophilaceae_OM43 clade,Si=low,WaterMass=SW}","{Classification=Undetermined}",0.000707269155206287,0.9,0.000785854616895874,5.592041015625,9,8.39056974459725,1.23885908827657e-05,0.164216296707775,0.9,"Bacteria_Proteobacteria_Gammaproteobacteria_Burkholderiales_Methylophilaceae_OM43 clade",3
"kmeans_4","K-means (4 bins)",5e-04,"mutual_information","{taxon=Bacteria_Proteobacteria_Gammaproteobacteria_Burkholderiales_Nitrosomonadaceae_Nitrosomonas,PelagicLayer=Mesopelagic,Si=low}","{Classification=Undetermined}",0.000785854616895874,0.909090909090909,0.000864440078585462,5.64852627840909,10,9.22962671905697,8.89157770147872e-07,0.170588941116608,0.909090909090909,"Bacteria_Proteobacteria_Gammaproteobacteria_Burkholderiales_Nitrosomonadaceae_Nitrosomonas",3
"kmeans_4","K-means (4 bins)",5e-04,"mutual_information","{taxon=Bacteria_Proteobacteria_Gammaproteobacteria_HOC36,Temperature=very low}","{Classification=Undetermined}",0.000628683693516699,0.8,0.000785854616895874,4.970703125,8,4.19528487229862,0.00234826754851978,0.122386441352253,0.8,"Bacteria_Proteobacteria_Gammaproteobacteria_HOC36",2
"kmeans_4","K-means (4 bins)",5e-04,"mutual_information","{taxon=Bacteria_Proteobacteria_Gammaproteobacteria_Pseudomonadales_Halieaceae_OM60(NOR5) clade,PO4=high,Si=high}","{Classification=Undetermined}",0.000550098231827112,0.875,0.000628683693516699,5.43670654296875,7,6.7124557956778,0.00239869681266972,0.148684177283119,0.875,"Bacteria_Proteobacteria_Gammaproteobacteria_Pseudomonadales_Halieaceae_OM60(NOR5) clade",3
"kmeans_4","K-means (4 bins)",5e-04,"mutual_information","{taxon=Bacteria_Proteobacteria_Gammaproteobacteria_Pseudomonadales_KI89A clade_}","{Classification=Rare}",0.00738703339882122,1,0.00738703339882122,1.26077479441197,94,Inf,0.0418655623298895,NA,1,"Bacteria_Proteobacteria_Gammaproteobacteria_Pseudomonadales_KI89A clade_",1
"kmeans_4","K-means (4 bins)",5e-04,"mutual_information","{taxon=Bacteria_Proteobacteria_Gammaproteobacteria_Pseudomonadales_Nitrincolaceae_,Si=low,WaterMass=SW}","{Classification=Abundant}",0.000707269155206287,0.9,0.000785854616895874,19.6104452054795,9,9.54106090373281,2.38922393637099e-33,0.301837654726351,0.9,"Bacteria_Proteobacteria_Gammaproteobacteria_Pseudomonadales_Nitrincolaceae_",3
"kmeans_4","K-means (4 bins)",5e-04,"mutual_information","{taxon=Bacteria_Proteobacteria_Gammaproteobacteria_Pseudomonadales_OM182 clade_,NO2=low,NH4=Unknown,Temperature=high}","{Classification=Undetermined}",0.000628683693516699,0.888888888888889,0.000707269155206287,5.52300347222222,8,7.55151277013752,0.000172502218884113,0.156994520255533,0.888888888888889,"Bacteria_Proteobacteria_Gammaproteobacteria_Pseudomonadales_OM182 clade_",4
"kmeans_4","K-means (4 bins)",5e-04,"mutual_information","{taxon=Bacteria_Proteobacteria_Gammaproteobacteria_Pseudomonadales_Porticoccaceae_SAR92 clade,PelagicLayer=Epipelagic,NO2=low,Si=low}","{Classification=Undetermined}",0.00102161100196464,0.928571428571429,0.00110019646365422,5.76956612723214,13,11.7467976424361,3.28606838184183e-10,0.186111186261745,0.0535714285714286,"Bacteria_Proteobacteria_Gammaproteobacteria_Pseudomonadales_Porticoccaceae_SAR92 clade",4
"kmeans_4","K-means (4 bins)",5e-04,"mutual_information","{taxon=Bacteria_Proteobacteria_Gammaproteobacteria_Pseudomonadales_Pseudohongiellaceae_Pseudohongiella,Si=low,WaterMass=SW}","{Classification=Undetermined}",0.000707269155206287,0.9,0.000785854616895874,5.592041015625,9,8.39056974459725,1.23885908827657e-05,0.164216296707775,0.9,"Bacteria_Proteobacteria_Gammaproteobacteria_Pseudomonadales_Pseudohongiellaceae_Pseudohongiella",3
"kmeans_4","K-means (4 bins)",5e-04,"mutual_information","{taxon=Bacteria_Proteobacteria_Gammaproteobacteria_Pseudomonadales_SAR86 clade_,Si=low,WaterMass=SW}","{Classification=Undetermined}",0.000707269155206287,0.9,0.000785854616895874,5.592041015625,9,8.39056974459725,1.23885908827657e-05,0.164216296707775,0.9,"Bacteria_Proteobacteria_Gammaproteobacteria_Pseudomonadales_SAR86 clade_",3
"kmeans_4","K-means (4 bins)",5e-04,"mutual_information","{taxon=Bacteria_Proteobacteria_Gammaproteobacteria_Pseudomonadales_Thioglobaceae_Candidatus Thioglobus,Si=low,Salinity=very low}","{Classification=Abundant}",0.000628683693516699,0.8,0.000785854616895874,17.4315068493151,8,4.7705304518664,2.58926160296647e-25,0.24290329623764,0.8,"Bacteria_Proteobacteria_Gammaproteobacteria_Pseudomonadales_Thioglobaceae_Candidatus Thioglobus",3
"kmeans_4","K-means (4 bins)",5e-04,"mutual_information","{taxon=Bacteria_Proteobacteria_Gammaproteobacteria_Pseudomonadales_Thioglobaceae_SUP05 cluster,NH4=very low,Chl=Unknown}","{Classification=Abundant}",0.000628683693516699,0.8,0.000785854616895874,17.4315068493151,8,4.7705304518664,2.58926160296647e-25,0.24290329623764,0.8,"Bacteria_Proteobacteria_Gammaproteobacteria_Pseudomonadales_Thioglobaceae_SUP05 cluster",3
"kmeans_4","K-means (4 bins)",5e-04,"mutual_information","{taxon=Bacteria_SAR324 clade(Marine group B)__,Chl=Unknown,Temperature=very low}","{Classification=Abundant}",0.000628683693516699,0.8,0.000785854616895874,17.4315068493151,8,4.7705304518664,2.58926160296647e-25,0.24290329623764,0.8,"Bacteria_SAR324 clade(Marine group B)__",3
"kmeans_4","K-means (4 bins)",5e-04,"mutual_information","{taxon=Bacteria_Verrucomicrobiota_Verrucomicrobiae_Arctic97B-4 marine group,Chl=Unknown,Temperature=very low}","{Classification=Undetermined}",0.000628683693516699,0.8,0.000785854616895874,4.970703125,8,4.19528487229862,0.00234826754851978,0.122386441352253,0.8,"Bacteria_Verrucomicrobiota_Verrucomicrobiae_Arctic97B-4 marine group",3
"kmeans_4","K-means (4 bins)",5e-04,"mutual_information","{taxon=Bacteria_Verrucomicrobiota_Verrucomicrobiae_Verrucomicrobiales_Rubritaleaceae_Roseibacillus,Si=high}","{Classification=Undetermined}",0.000785854616895874,0.909090909090909,0.000864440078585462,5.64852627840909,10,9.22962671905697,8.89157770147872e-07,0.170588941116608,0.909090909090909,"Bacteria_Verrucomicrobiota_Verrucomicrobiae_Verrucomicrobiales_Rubritaleaceae_Roseibacillus",2
"kmeans_4","K-means (4 bins)",5e-04,"complexity","{taxon=Archaea_Crenarchaeota_Nitrososphaeria_Nitrosopumilales_Nitrosopumilaceae_,PelagicLayer=Bathypelagic,Chl=Unknown,Temperature=very low,Salinity=high,WaterMass=WCW}","{Classification=Abundant}",0.000550098231827112,1,0.000550098231827112,21.7893835616438,7,Inf,9.8705028118535e-29,NA,0,"Archaea_Crenarchaeota_Nitrososphaeria_Nitrosopumilales_Nitrosopumilaceae_",6
"kmeans_4","K-means (4 bins)",5e-04,"complexity","{taxon=Archaea_Crenarchaeota_Nitrososphaeria_Nitrosopumilales_Nitrosopumilaceae_Candidatus Nitrosopumilus,PelagicLayer=Mesopelagic,PO4=high,Si=low,Chl=Unknown,Temperature=low,WaterMass=TAW}","{Classification=Abundant}",0.000550098231827112,0.875,0.000628683693516699,19.0657106164384,7,7.63284872298625,2.2639028636052e-24,0.278359232907748,-0.0340909090909091,"Archaea_Crenarchaeota_Nitrososphaeria_Nitrosopumilales_Nitrosopumilaceae_Candidatus Nitrosopumilus",7
"kmeans_4","K-means (4 bins)",5e-04,"complexity","{taxon=Bacteria_Actinobacteriota_Acidimicrobiia_Microtrichales_Microtrichaceae_Sva0996 marine group,PelagicLayer=Bathypelagic,Chl=Unknown,Temperature=very low,Salinity=high}","{Classification=Undetermined}",0.000550098231827112,0.875,0.000628683693516699,5.43670654296875,7,6.7124557956778,0.00239869681266972,0.148684177283119,0,"Bacteria_Actinobacteriota_Acidimicrobiia_Microtrichales_Microtrichaceae_Sva0996 marine group",5
"kmeans_4","K-means (4 bins)",5e-04,"complexity","{taxon=Bacteria_Bacteroidota_Bacteroidia_Cytophagales_Cyclobacteriaceae_Marinoscillum,PelagicLayer=Epipelagic,NO2=low,Si=low,Temperature=high}","{Classification=Undetermined}",0.000628683693516699,0.8,0.000785854616895874,4.970703125,8,4.19528487229862,0.00234826754851978,0.122386441352253,0,"Bacteria_Bacteroidota_Bacteroidia_Cytophagales_Cyclobacteriaceae_Marinoscillum",5
"kmeans_4","K-means (4 bins)",5e-04,"complexity","{taxon=Bacteria_Bacteroidota_Bacteroidia_Flavobacteriales_Crocinitomicaceae_Fluviicola,PelagicLayer=Epipelagic,NO2=low,NH4=Unknown,Si=low,Temperature=high,Salinity=very low,WaterMass=SW}","{Classification=Undetermined}",0.000550098231827112,1,0.000550098231827112,6.21337890625,7,Inf,9.45143115046329e-05,NA,0,"Bacteria_Bacteroidota_Bacteroidia_Flavobacteriales_Crocinitomicaceae_Fluviicola",8
"kmeans_4","K-means (4 bins)",5e-04,"complexity","{taxon=Bacteria_Bacteroidota_Bacteroidia_Flavobacteriales_Cryomorphaceae_,PelagicLayer=Epipelagic,NO2=low,NH4=Unknown,Si=low,Temperature=high,Salinity=very low,WaterMass=SW}","{Classification=Undetermined}",0.000550098231827112,1,0.000550098231827112,6.21337890625,7,Inf,9.45143115046329e-05,NA,0,"Bacteria_Bacteroidota_Bacteroidia_Flavobacteriales_Cryomorphaceae_",8
"kmeans_4","K-means (4 bins)",5e-04,"complexity","{taxon=Bacteria_Bacteroidota_Bacteroidia_Flavobacteriales_Flavobacteriaceae_,PelagicLayer=Epipelagic,NO2=low,NH4=Unknown,Si=low,Temperature=high,Salinity=very low,WaterMass=SW}","{Classification=Abundant}",0.000550098231827112,1,0.000550098231827112,21.7893835616438,7,Inf,9.8705028118535e-29,NA,0,"Bacteria_Bacteroidota_Bacteroidia_Flavobacteriales_Flavobacteriaceae_",8
"kmeans_4","K-means (4 bins)",5e-04,"complexity","{taxon=Bacteria_Bacteroidota_Bacteroidia_Flavobacteriales_Flavobacteriaceae_Aurantivirga,PelagicLayer=Mesopelagic,PO4=high,NH4=Unknown,Chl=Unknown,Temperature=low,WaterMass=TAW}","{Classification=Abundant}",0.000550098231827112,0.875,0.000628683693516699,19.0657106164384,7,7.63284872298625,2.2639028636052e-24,0.278359232907748,-0.0138888888888888,"Bacteria_Bacteroidota_Bacteroidia_Flavobacteriales_Flavobacteriaceae_Aurantivirga",7
"kmeans_4","K-means (4 bins)",5e-04,"complexity","{taxon=Bacteria_Bacteroidota_Bacteroidia_Flavobacteriales_Flavobacteriaceae_Formosa,PelagicLayer=Epipelagic,PO4=very low,NH4=Unknown,Si=very low,Chl=high}","{Classification=Abundant}",0.000550098231827112,0.875,0.000628683693516699,19.0657106164384,7,7.63284872298625,2.2639028636052e-24,0.278359232907748,0,"Bacteria_Bacteroidota_Bacteroidia_Flavobacteriales_Flavobacteriaceae_Formosa",6
"kmeans_4","K-means (4 bins)",5e-04,"complexity","{taxon=Bacteria_Bacteroidota_Bacteroidia_Flavobacteriales_Flavobacteriaceae_NS4 marine group,PelagicLayer=Epipelagic,NO2=low,NH4=Unknown,Si=low,Temperature=high,Salinity=very low,WaterMass=SW}","{Classification=Undetermined}",0.000550098231827112,1,0.000550098231827112,6.21337890625,7,Inf,9.45143115046329e-05,NA,0,"Bacteria_Bacteroidota_Bacteroidia_Flavobacteriales_Flavobacteriaceae_NS4 marine group",8
"kmeans_4","K-means (4 bins)",5e-04,"complexity","{taxon=Bacteria_Bacteroidota_Bacteroidia_Flavobacteriales_Flavobacteriaceae_NS5 marine group,PelagicLayer=Epipelagic,NO2=low,NH4=Unknown,Si=low,Temperature=high,Salinity=very low,WaterMass=SW}","{Classification=Abundant}",0.000550098231827112,1,0.000550098231827112,21.7893835616438,7,Inf,9.8705028118535e-29,NA,0,"Bacteria_Bacteroidota_Bacteroidia_Flavobacteriales_Flavobacteriaceae_NS5 marine group",8
"kmeans_4","K-means (4 bins)",5e-04,"complexity","{taxon=Bacteria_Bacteroidota_Bacteroidia_Flavobacteriales_Flavobacteriaceae_Polaribacter,PelagicLayer=Epipelagic,PO4=very low,NH4=Unknown,Temperature=high,Salinity=very low,WaterMass=SW}","{Classification=Abundant}",0.000707269155206287,0.9,0.000785854616895874,19.6104452054795,9,9.54106090373281,2.38922393637099e-33,0.301837654726351,0,"Bacteria_Bacteroidota_Bacteroidia_Flavobacteriales_Flavobacteriaceae_Polaribacter",7
"kmeans_4","K-means (4 bins)",5e-04,"complexity","{taxon=Bacteria_Bacteroidota_Bacteroidia_Flavobacteriales_Flavobacteriaceae_Ulvibacter,PelagicLayer=Epipelagic,PO4=very low,NO2=Undetected,NH4=Unknown,Si=very low,Temperature=very high}","{Classification=Undetermined}",0.000628683693516699,0.8,0.000785854616895874,4.970703125,8,4.19528487229862,0.00234826754851978,0.122386441352253,-0.0571428571428571,"Bacteria_Bacteroidota_Bacteroidia_Flavobacteriales_Flavobacteriaceae_Ulvibacter",7
"kmeans_4","K-means (4 bins)",5e-04,"complexity","{taxon=Bacteria_Bacteroidota_Bacteroidia_Flavobacteriales_NS7 marine group_,PelagicLayer=Epipelagic,Si=low,Temperature=high,Salinity=very low,WaterMass=SW}","{Classification=Undetermined}",0.000628683693516699,0.8,0.000785854616895874,4.970703125,8,4.19528487229862,0.00234826754851978,0.122386441352253,-0.0181818181818182,"Bacteria_Bacteroidota_Bacteroidia_Flavobacteriales_NS7 marine group_",6
"kmeans_4","K-means (4 bins)",5e-04,"complexity","{taxon=Bacteria_Bacteroidota_Bacteroidia_Flavobacteriales_NS9 marine group_,PelagicLayer=Epipelagic,Si=very low,Chl=low,Salinity=low,WaterMass=IW}","{Classification=Undetermined}",0.000550098231827112,0.875,0.000628683693516699,5.43670654296875,7,6.7124557956778,0.00239869681266972,0.148684177283119,-0.0416666666666666,"Bacteria_Bacteroidota_Bacteroidia_Flavobacteriales_NS9 marine group_",6
"kmeans_4","K-means (4 bins)",5e-04,"complexity","{taxon=Bacteria_Chloroflexi_Dehalococcoidia_SAR202 clade,PelagicLayer=Bathypelagic,Chl=Unknown,Temperature=very low,Salinity=high,WaterMass=WCW}","{Classification=Undetermined}",0.000550098231827112,1,0.000550098231827112,6.21337890625,7,Inf,9.45143115046329e-05,NA,0,"Bacteria_Chloroflexi_Dehalococcoidia_SAR202 clade",6
"kmeans_4","K-means (4 bins)",5e-04,"complexity","{taxon=Bacteria_Marinimicrobia (SAR406 clade)__,PelagicLayer=Bathypelagic,Chl=Unknown,Temperature=very low,Salinity=high,WaterMass=WCW}","{Classification=Abundant}",0.000550098231827112,1,0.000550098231827112,21.7893835616438,7,Inf,9.8705028118535e-29,NA,0,"Bacteria_Marinimicrobia (SAR406 clade)__",6
"kmeans_4","K-means (4 bins)",5e-04,"complexity","{taxon=Bacteria_Nitrospinota_Nitrospinia_Nitrospinales_Nitrospinaceae_LS-NOB,PelagicLayer=Bathypelagic,Chl=Unknown,Temperature=very low,Salinity=high,WaterMass=WCW}","{Classification=Undetermined}",0.000550098231827112,1,0.000550098231827112,6.21337890625,7,Inf,9.45143115046329e-05,NA,0,"Bacteria_Nitrospinota_Nitrospinia_Nitrospinales_Nitrospinaceae_LS-NOB",6
"kmeans_4","K-means (4 bins)",5e-04,"complexity","{taxon=Bacteria_Planctomycetota_OM190_,PelagicLayer=Bathypelagic,Chl=Unknown,Temperature=very low,Salinity=high,WaterMass=WCW}","{Classification=Undetermined}",0.000550098231827112,1,0.000550098231827112,6.21337890625,7,Inf,9.45143115046329e-05,NA,0,"Bacteria_Planctomycetota_OM190_",6
"kmeans_4","K-means (4 bins)",5e-04,"complexity","{taxon=Bacteria_Planctomycetota_Phycisphaerae_Phycisphaerales_Phycisphaeraceae_JL-ETNP-F27,PelagicLayer=Bathypelagic,Chl=Unknown,Temperature=very low,Salinity=high,WaterMass=WCW}","{Classification=Undetermined}",0.000550098231827112,1,0.000550098231827112,6.21337890625,7,Inf,9.45143115046329e-05,NA,0,"Bacteria_Planctomycetota_Phycisphaerae_Phycisphaerales_Phycisphaeraceae_JL-ETNP-F27",6
"kmeans_4","K-means (4 bins)",5e-04,"complexity","{taxon=Bacteria_Planctomycetota_Planctomycetes_Pirellulales_Pirellulaceae_Rhodopirellula,PelagicLayer=Bathypelagic,PO4=very high,Chl=Unknown,Temperature=very low,Salinity=high}","{Classification=Undetermined}",0.000550098231827112,1,0.000550098231827112,6.21337890625,7,Inf,9.45143115046329e-05,NA,0,"Bacteria_Planctomycetota_Planctomycetes_Pirellulales_Pirellulaceae_Rhodopirellula",6
"kmeans_4","K-means (4 bins)",5e-04,"complexity","{taxon=Bacteria_Proteobacteria_Alphaproteobacteria_Defluviicoccales,PelagicLayer=Bathypelagic,PO4=very high,Chl=Unknown,Temperature=very low,Salinity=high}","{Classification=Undetermined}",0.000550098231827112,1,0.000550098231827112,6.21337890625,7,Inf,9.45143115046329e-05,NA,0,"Bacteria_Proteobacteria_Alphaproteobacteria_Defluviicoccales",6
"kmeans_4","K-means (4 bins)",5e-04,"complexity","{taxon=Bacteria_Proteobacteria_Alphaproteobacteria_Kordiimonadales,PelagicLayer=Epipelagic,NO2=low,NH4=Unknown,Si=low,Temperature=high}","{Classification=Undetermined}",0.000628683693516699,0.888888888888889,0.000707269155206287,5.52300347222222,8,7.55151277013752,0.000172502218884113,0.156994520255533,0,"Bacteria_Proteobacteria_Alphaproteobacteria_Kordiimonadales",6
"kmeans_4","K-means (4 bins)",5e-04,"complexity","{taxon=Bacteria_Proteobacteria_Alphaproteobacteria_Puniceispirillales_SAR116 clade_,PelagicLayer=Epipelagic,NO2=low,NH4=Unknown,Si=low,Temperature=high,Salinity=very low,WaterMass=SW}","{Classification=Undetermined}",0.000550098231827112,1,0.000550098231827112,6.21337890625,7,Inf,9.45143115046329e-05,NA,0,"Bacteria_Proteobacteria_Alphaproteobacteria_Puniceispirillales_SAR116 clade_",8
"kmeans_4","K-means (4 bins)",5e-04,"complexity","{taxon=Bacteria_Proteobacteria_Alphaproteobacteria_Rhodobacterales_Rhodobacteraceae_Ascidiaceihabitans,PelagicLayer=Epipelagic,NO2=low,NH4=Unknown,Si=low,Temperature=high,Salinity=very low,WaterMass=SW}","{Classification=Undetermined}",0.000550098231827112,1,0.000550098231827112,6.21337890625,7,Inf,9.45143115046329e-05,NA,0,"Bacteria_Proteobacteria_Alphaproteobacteria_Rhodobacterales_Rhodobacteraceae_Ascidiaceihabitans",8
"kmeans_4","K-means (4 bins)",5e-04,"complexity","{taxon=Bacteria_Proteobacteria_Alphaproteobacteria_Rhodobacterales_Rhodobacteraceae_Planktomarina,PelagicLayer=Epipelagic,NO2=low,NH4=Unknown,Si=low,Temperature=high,Salinity=very low,WaterMass=SW}","{Classification=Abundant}",0.000550098231827112,1,0.000550098231827112,21.7893835616438,7,Inf,9.8705028118535e-29,NA,0,"Bacteria_Proteobacteria_Alphaproteobacteria_Rhodobacterales_Rhodobacteraceae_Planktomarina",8
"kmeans_4","K-means (4 bins)",5e-04,"complexity","{taxon=Bacteria_Proteobacteria_Alphaproteobacteria_Rhodobacterales_Rhodobacteraceae_Sulfitobacter,PelagicLayer=Epipelagic,NO2=low,NH4=Unknown,Chl=very low,Salinity=very low,WaterMass=SW}","{Classification=Undetermined}",0.000628683693516699,1,0.000628683693516699,6.21337890625,8,Inf,6.52234909894689e-06,NA,0,"Bacteria_Proteobacteria_Alphaproteobacteria_Rhodobacterales_Rhodobacteraceae_Sulfitobacter",7
"kmeans_4","K-means (4 bins)",5e-04,"complexity","{taxon=Bacteria_Proteobacteria_Alphaproteobacteria_Rhodospirillales_Magnetospiraceae_Magnetospira,PelagicLayer=Epipelagic,Si=low,Temperature=high,Salinity=very low,WaterMass=SW}","{Classification=Undetermined}",0.000628683693516699,0.8,0.000785854616895874,4.970703125,8,4.19528487229862,0.00234826754851978,0.122386441352253,0,"Bacteria_Proteobacteria_Alphaproteobacteria_Rhodospirillales_Magnetospiraceae_Magnetospira",6
"kmeans_4","K-means (4 bins)",5e-04,"complexity","{taxon=Bacteria_Proteobacteria_Alphaproteobacteria_SAR11 clade_Clade I_Clade Ia,PelagicLayer=Epipelagic,NO2=low,NH4=Unknown,Si=low,Temperature=high,Salinity=very low,WaterMass=SW}","{Classification=Abundant}",0.000550098231827112,1,0.000550098231827112,21.7893835616438,7,Inf,9.8705028118535e-29,NA,0,"Bacteria_Proteobacteria_Alphaproteobacteria_SAR11 clade_Clade I_Clade Ia",8
"kmeans_4","K-means (4 bins)",5e-04,"complexity","{taxon=Bacteria_Proteobacteria_Alphaproteobacteria_SAR11 clade_Clade I_Clade Ib,PelagicLayer=Bathypelagic,Chl=Unknown,Temperature=very low,Salinity=high,WaterMass=WCW}","{Classification=Undetermined}",0.000550098231827112,1,0.000550098231827112,6.21337890625,7,Inf,9.45143115046329e-05,NA,0,"Bacteria_Proteobacteria_Alphaproteobacteria_SAR11 clade_Clade I_Clade Ib",6
"kmeans_4","K-means (4 bins)",5e-04,"complexity","{taxon=Bacteria_Proteobacteria_Alphaproteobacteria_SAR11 clade_Clade II_,PelagicLayer=Bathypelagic,Chl=Unknown,Temperature=very low,Salinity=high}","{Classification=Undetermined}",0.000550098231827112,0.875,0.000628683693516699,5.43670654296875,7,6.7124557956778,0.00239869681266972,0.148684177283119,0,"Bacteria_Proteobacteria_Alphaproteobacteria_SAR11 clade_Clade II_",5
"kmeans_4","K-means (4 bins)",5e-04,"complexity","{taxon=Bacteria_Proteobacteria_Gammaproteobacteria_Burkholderiales_Methylophilaceae_OM43 clade,PelagicLayer=Epipelagic,NO2=low,NH4=Unknown,Si=low,Temperature=high,Salinity=very low,WaterMass=SW}","{Classification=Undetermined}",0.000550098231827112,1,0.000550098231827112,6.21337890625,7,Inf,9.45143115046329e-05,NA,0,"Bacteria_Proteobacteria_Gammaproteobacteria_Burkholderiales_Methylophilaceae_OM43 clade",8
"kmeans_4","K-means (4 bins)",5e-04,"complexity","{taxon=Bacteria_Proteobacteria_Gammaproteobacteria_Burkholderiales_Nitrosomonadaceae_Nitrosomonas,PelagicLayer=Mesopelagic,PO4=high,Si=low,Chl=Unknown,Temperature=low,WaterMass=TAW}","{Classification=Undetermined}",0.000550098231827112,0.875,0.000628683693516699,5.43670654296875,7,6.7124557956778,0.00239869681266972,0.148684177283119,-0.0340909090909091,"Bacteria_Proteobacteria_Gammaproteobacteria_Burkholderiales_Nitrosomonadaceae_Nitrosomonas",7
"kmeans_4","K-means (4 bins)",5e-04,"complexity","{taxon=Bacteria_Proteobacteria_Gammaproteobacteria_HOC36,PelagicLayer=Bathypelagic,Chl=Unknown,Temperature=very low,Salinity=high,WaterMass=WCW}","{Classification=Undetermined}",0.000550098231827112,1,0.000550098231827112,6.21337890625,7,Inf,9.45143115046329e-05,NA,0,"Bacteria_Proteobacteria_Gammaproteobacteria_HOC36",6
"kmeans_4","K-means (4 bins)",5e-04,"complexity","{taxon=Bacteria_Proteobacteria_Gammaproteobacteria_Pseudomonadales_Halieaceae_OM60(NOR5) clade,PelagicLayer=Epipelagic,NH4=Unknown,Temperature=very high,Salinity=very high,WaterMass=AW}","{Classification=Undetermined}",0.000628683693516699,0.8,0.000785854616895874,4.970703125,8,4.19528487229862,0.00234826754851978,0.122386441352253,0,"Bacteria_Proteobacteria_Gammaproteobacteria_Pseudomonadales_Halieaceae_OM60(NOR5) clade",6
"kmeans_4","K-means (4 bins)",5e-04,"complexity","{taxon=Bacteria_Proteobacteria_Gammaproteobacteria_Pseudomonadales_KI89A clade_}","{Classification=Rare}",0.00738703339882122,1,0.00738703339882122,1.26077479441197,94,Inf,0.0418655623298895,NA,1,"Bacteria_Proteobacteria_Gammaproteobacteria_Pseudomonadales_KI89A clade_",1
"kmeans_4","K-means (4 bins)",5e-04,"complexity","{taxon=Bacteria_Proteobacteria_Gammaproteobacteria_Pseudomonadales_Nitrincolaceae_,PelagicLayer=Epipelagic,NO2=low,NH4=Unknown,Si=low,Temperature=high,Salinity=very low,WaterMass=SW}","{Classification=Abundant}",0.000550098231827112,1,0.000550098231827112,21.7893835616438,7,Inf,9.8705028118535e-29,NA,0,"Bacteria_Proteobacteria_Gammaproteobacteria_Pseudomonadales_Nitrincolaceae_",8
"kmeans_4","K-means (4 bins)",5e-04,"complexity","{taxon=Bacteria_Proteobacteria_Gammaproteobacteria_Pseudomonadales_OM182 clade_,PelagicLayer=Epipelagic,Si=low,Temperature=high,Salinity=very low,WaterMass=SW}","{Classification=Undetermined}",0.000628683693516699,0.8,0.000785854616895874,4.970703125,8,4.19528487229862,0.00234826754851978,0.122386441352253,0,"Bacteria_Proteobacteria_Gammaproteobacteria_Pseudomonadales_OM182 clade_",6
"kmeans_4","K-means (4 bins)",5e-04,"complexity","{taxon=Bacteria_Proteobacteria_Gammaproteobacteria_Pseudomonadales_Porticoccaceae_SAR92 clade,PelagicLayer=Mesopelagic,PO4=high,NO2=high,NH4=Unknown,Chl=Unknown,Temperature=low,WaterMass=TAW}","{Classification=Undetermined}",0.000550098231827112,1,0.000550098231827112,6.21337890625,7,Inf,9.45143115046329e-05,NA,0,"Bacteria_Proteobacteria_Gammaproteobacteria_Pseudomonadales_Porticoccaceae_SAR92 clade",8
"kmeans_4","K-means (4 bins)",5e-04,"complexity","{taxon=Bacteria_Proteobacteria_Gammaproteobacteria_Pseudomonadales_Pseudohongiellaceae_Pseudohongiella,PelagicLayer=Epipelagic,NO2=low,NH4=Unknown,Si=low,Temperature=high,Salinity=very low,WaterMass=SW}","{Classification=Undetermined}",0.000550098231827112,1,0.000550098231827112,6.21337890625,7,Inf,9.45143115046329e-05,NA,0,"Bacteria_Proteobacteria_Gammaproteobacteria_Pseudomonadales_Pseudohongiellaceae_Pseudohongiella",8
"kmeans_4","K-means (4 bins)",5e-04,"complexity","{taxon=Bacteria_Proteobacteria_Gammaproteobacteria_Pseudomonadales_SAR86 clade_,PelagicLayer=Epipelagic,NO2=low,NH4=Unknown,Si=low,Temperature=high,Salinity=very low,WaterMass=SW}","{Classification=Undetermined}",0.000550098231827112,1,0.000550098231827112,6.21337890625,7,Inf,9.45143115046329e-05,NA,0,"Bacteria_Proteobacteria_Gammaproteobacteria_Pseudomonadales_SAR86 clade_",8
"kmeans_4","K-means (4 bins)",5e-04,"complexity","{taxon=Bacteria_Proteobacteria_Gammaproteobacteria_Pseudomonadales_Thioglobaceae_Candidatus Thioglobus,PelagicLayer=Epipelagic,Si=low,Temperature=high,Salinity=very low,WaterMass=SW}","{Classification=Abundant}",0.000628683693516699,0.8,0.000785854616895874,17.4315068493151,8,4.7705304518664,2.58926160296647e-25,0.24290329623764,0,"Bacteria_Proteobacteria_Gammaproteobacteria_Pseudomonadales_Thioglobaceae_Candidatus Thioglobus",6
"kmeans_4","K-means (4 bins)",5e-04,"complexity","{taxon=Bacteria_Proteobacteria_Gammaproteobacteria_Pseudomonadales_Thioglobaceae_SUP05 cluster,NH4=very low,Chl=Unknown}","{Classification=Abundant}",0.000628683693516699,0.8,0.000785854616895874,17.4315068493151,8,4.7705304518664,2.58926160296647e-25,0.24290329623764,0.8,"Bacteria_Proteobacteria_Gammaproteobacteria_Pseudomonadales_Thioglobaceae_SUP05 cluster",3
"kmeans_4","K-means (4 bins)",5e-04,"complexity","{taxon=Bacteria_SAR324 clade(Marine group B)__,PelagicLayer=Bathypelagic,Chl=Unknown,Temperature=very low,Salinity=high,WaterMass=WCW}","{Classification=Abundant}",0.000550098231827112,1,0.000550098231827112,21.7893835616438,7,Inf,9.8705028118535e-29,NA,0,"Bacteria_SAR324 clade(Marine group B)__",6
"kmeans_4","K-means (4 bins)",5e-04,"complexity","{taxon=Bacteria_Verrucomicrobiota_Verrucomicrobiae_Arctic97B-4 marine group,PelagicLayer=Bathypelagic,Chl=Unknown,Temperature=very low,Salinity=high,WaterMass=WCW}","{Classification=Undetermined}",0.000550098231827112,1,0.000550098231827112,6.21337890625,7,Inf,9.45143115046329e-05,NA,0,"Bacteria_Verrucomicrobiota_Verrucomicrobiae_Arctic97B-4 marine group",6
"kmeans_4","K-means (4 bins)",5e-04,"complexity","{taxon=Bacteria_Verrucomicrobiota_Verrucomicrobiae_Verrucomicrobiales_Rubritaleaceae_Roseibacillus,PelagicLayer=Epipelagic,NO2=low,NH4=Unknown,Si=low,Temperature=high,Salinity=very low,WaterMass=SW}","{Classification=Undetermined}",0.000550098231827112,1,0.000550098231827112,6.21337890625,7,Inf,9.45143115046329e-05,NA,0,"Bacteria_Verrucomicrobiota_Verrucomicrobiae_Verrucomicrobiales_Rubritaleaceae_Roseibacillus",8
"kmeans_4","K-means (4 bins)",0.001,"improvement","{taxon=Bacteria_Bacteroidota_Bacteroidia_Flavobacteriales_Crocinitomicaceae_Fluviicola,NH4=Unknown,Temperature=high}","{Classification=Undetermined}",0.0012573673870334,0.842105263157895,0.00149312377210216,5.23231907894737,16,5.31402750491159,1.15205179848797e-11,0.150862617352447,0.842105263157895,"Bacteria_Bacteroidota_Bacteroidia_Flavobacteriales_Crocinitomicaceae_Fluviicola",3
"kmeans_4","K-means (4 bins)",0.001,"improvement","{taxon=Bacteria_Bacteroidota_Bacteroidia_Flavobacteriales_Cryomorphaceae_,Chl=Unknown,Temperature=low}","{Classification=Undetermined}",0.00133595284872299,0.85,0.00157170923379175,5.2813720703125,17,5.59371316306483,8.89059853925858e-13,0.155481455930174,0.85,"Bacteria_Bacteroidota_Bacteroidia_Flavobacteriales_Cryomorphaceae_",3
"kmeans_4","K-means (4 bins)",0.001,"improvement","{taxon=Bacteria_Bacteroidota_Bacteroidia_Flavobacteriales_Flavobacteriaceae_,NH4=Unknown,Chl=very low}","{Classification=Abundant}",0.00133595284872299,0.80952380952381,0.00165029469548134,17.6390247879974,17,5.00905697445972,1.31553646662252e-58,0.273782337136559,0.80952380952381,"Bacteria_Bacteroidota_Bacteroidia_Flavobacteriales_Flavobacteriaceae_",3
"kmeans_4","K-means (4 bins)",0.001,"improvement","{taxon=Bacteria_Bacteroidota_Bacteroidia_Flavobacteriales_Flavobacteriaceae_Aurantivirga,PelagicLayer=Mesopelagic,PO4=high}","{Classification=Abundant}",0.0012573673870334,0.8,0.00157170923379175,17.4315068493151,16,4.7705304518664,2.96540699895332e-54,0.266195953786643,0.8,"Bacteria_Bacteroidota_Bacteroidia_Flavobacteriales_Flavobacteriaceae_Aurantivirga",3
"kmeans_4","K-means (4 bins)",0.001,"improvement","{taxon=Bacteria_Bacteroidota_Bacteroidia_Flavobacteriales_Flavobacteriaceae_NS4 marine group,PelagicLayer=Epipelagic,NO2=Undetected}","{Classification=Undetermined}",0.00117878192534381,0.882352941176471,0.00133595284872299,5.48239315257353,15,7.13198428290766,1.02791031623416e-11,0.167092057574576,0.882352941176471,"Bacteria_Bacteroidota_Bacteroidia_Flavobacteriales_Flavobacteriaceae_NS4 marine group",3
"kmeans_4","K-means (4 bins)",0.001,"improvement","{taxon=Bacteria_Bacteroidota_Bacteroidia_Flavobacteriales_Flavobacteriaceae_NS5 marine group,Temperature=high,Salinity=very low}","{Classification=Abundant}",0.00110019646365422,0.823529411764706,0.00133595284872299,17.9441982272361,14,5.40660117878193,8.63839744216184e-49,0.274270304378391,0.823529411764706,"Bacteria_Bacteroidota_Bacteroidia_Flavobacteriales_Flavobacteriaceae_NS5 marine group",3
"kmeans_4","K-means (4 bins)",0.001,"improvement","{taxon=Bacteria_Bacteroidota_Bacteroidia_Flavobacteriales_Flavobacteriaceae_Polaribacter,Si=low,Chl=Unknown}","{Classification=Undetermined}",0.00102161100196464,1,0.00102161100196464,6.21337890625,13,Inf,3.30080618322398e-12,NA,1,"Bacteria_Bacteroidota_Bacteroidia_Flavobacteriales_Flavobacteriaceae_Polaribacter",3
"kmeans_4","K-means (4 bins)",0.001,"improvement","{taxon=Bacteria_Bacteroidota_Bacteroidia_Flavobacteriales_Flavobacteriaceae_Ulvibacter,PO4=very low,Si=very low,WaterMass=AW}","{Classification=Undetermined}",0.00102161100196464,0.8125,0.0012573673870334,5.04837036132812,13,4.47497053045187,2.38316653408145e-08,0.134994696277812,0.8125,"Bacteria_Bacteroidota_Bacteroidia_Flavobacteriales_Flavobacteriaceae_Ulvibacter",4
"kmeans_4","K-means (4 bins)",0.001,"improvement","{taxon=Bacteria_Bacteroidota_Bacteroidia_Flavobacteriales_NS9 marine group_,NH4=Unknown,Salinity=low}","{Classification=Undetermined}",0.00110019646365422,0.875,0.0012573673870334,5.43670654296875,14,6.7124557956778,1.38040310267697e-10,0.162268072913611,0.875,"Bacteria_Bacteroidota_Bacteroidia_Flavobacteriales_NS9 marine group_",3
"kmeans_4","K-means (4 bins)",0.001,"improvement","{taxon=Bacteria_Proteobacteria_Alphaproteobacteria_Rhodobacterales_Rhodobacteraceae_Ascidiaceihabitans,PelagicLayer=Epipelagic,NH4=Unknown,Si=low}","{Classification=Undetermined}",0.00110019646365422,0.823529411764706,0.00133595284872299,5.11690027573529,14,4.75465618860511,1.88897225945359e-09,0.140662720027515,0.823529411764706,"Bacteria_Proteobacteria_Alphaproteobacteria_Rhodobacterales_Rhodobacteraceae_Ascidiaceihabitans",4
"kmeans_4","K-means (4 bins)",0.001,"improvement","{taxon=Bacteria_Proteobacteria_Alphaproteobacteria_Rhodobacterales_Rhodobacteraceae_Planktomarina,PO4=very low,NO2=Undetected}","{Classification=Undetermined}",0.00110019646365422,0.933333333333333,0.00117878192534381,5.79915364583333,14,12.5858546168959,7.05493429887372e-12,0.190412503406409,0.933333333333333,"Bacteria_Proteobacteria_Alphaproteobacteria_Rhodobacterales_Rhodobacteraceae_Planktomarina",3
"kmeans_4","K-means (4 bins)",0.001,"improvement","{taxon=Bacteria_Proteobacteria_Alphaproteobacteria_SAR11 clade_Clade I_Clade Ia,NO2=low,Temperature=high}","{Classification=Abundant}",0.00102161100196464,1,0.00102161100196464,21.7893835616438,13,Inf,1.61495224594381e-56,NA,1,"Bacteria_Proteobacteria_Alphaproteobacteria_SAR11 clade_Clade I_Clade Ia",3
"kmeans_4","K-means (4 bins)",0.001,"improvement","{taxon=Bacteria_Proteobacteria_Alphaproteobacteria_SAR11 clade_Clade III_}","{Classification=Rare}",0.00675834970530452,1,0.00675834970530452,1.26077479441197,86,Inf,0.0376001902444899,NA,1,"Bacteria_Proteobacteria_Alphaproteobacteria_SAR11 clade_Clade III_",1
"kmeans_4","K-means (4 bins)",0.001,"improvement","{taxon=Bacteria_Proteobacteria_Alphaproteobacteria_SAR11 clade_Clade IV_}","{Classification=Rare}",0.00762278978388998,0.989795918367347,0.00770137524557957,1.2479097454894,97,20.2700196463654,0.0261701023876113,0.0323100320333551,0.989795918367347,"Bacteria_Proteobacteria_Alphaproteobacteria_SAR11 clade_Clade IV_",1
"kmeans_4","K-means (4 bins)",0.001,"improvement","{taxon=Bacteria_Proteobacteria_Gammaproteobacteria_Burkholderiales_Nitrosomonadaceae_Nitrosomonas,PelagicLayer=Mesopelagic,PO4=high}","{Classification=Undetermined}",0.00117878192534381,0.833333333333333,0.00141453831041257,5.17781575520833,15,5.03434184675835,1.4816995013694e-10,0.145936285677719,0.833333333333333,"Bacteria_Proteobacteria_Gammaproteobacteria_Burkholderiales_Nitrosomonadaceae_Nitrosomonas",3
"kmeans_4","K-means (4 bins)",0.001,"improvement","{taxon=Bacteria_Proteobacteria_Gammaproteobacteria_Pseudomonadales_KI89A clade_}","{Classification=Rare}",0.00738703339882122,1,0.00738703339882122,1.26077479441197,94,Inf,0.0125206549666082,NA,1,"Bacteria_Proteobacteria_Gammaproteobacteria_Pseudomonadales_KI89A clade_",1
"kmeans_4","K-means (4 bins)",0.001,"improvement","{taxon=Bacteria_Proteobacteria_Gammaproteobacteria_Pseudomonadales_Porticoccaceae_SAR92 clade,PO4=high,Temperature=low}","{Classification=Undetermined}",0.00117878192534381,0.882352941176471,0.00133595284872299,5.48239315257353,15,7.13198428290766,1.02791031623416e-11,0.167092057574576,0.882352941176471,"Bacteria_Proteobacteria_Gammaproteobacteria_Pseudomonadales_Porticoccaceae_SAR92 clade",3
"kmeans_4","K-means (4 bins)",0.001,"improvement","{taxon=Bacteria_Proteobacteria_Gammaproteobacteria_Pseudomonadales_SAR86 clade_,NO2=low,Si=low}","{Classification=Undetermined}",0.00102161100196464,0.8125,0.0012573673870334,5.04837036132812,13,4.47497053045187,2.38316653408145e-08,0.134994696277812,0.8125,"Bacteria_Proteobacteria_Gammaproteobacteria_Pseudomonadales_SAR86 clade_",3
"kmeans_4","K-means (4 bins)",0.001,"improvement","{taxon=Bacteria_Verrucomicrobiota_Verrucomicrobiae_Verrucomicrobiales_Rubritaleaceae_Roseibacillus,PelagicLayer=Epipelagic,NH4=Unknown,Si=low}","{Classification=Undetermined}",0.00110019646365422,0.823529411764706,0.00133595284872299,5.11690027573529,14,4.75465618860511,1.88897225945359e-09,0.140662720027515,0.823529411764706,"Bacteria_Verrucomicrobiota_Verrucomicrobiae_Verrucomicrobiales_Rubritaleaceae_Roseibacillus",4
"kmeans_4","K-means (4 bins)",0.001,"mutual_information","{taxon=Bacteria_Bacteroidota_Bacteroidia_Flavobacteriales_Crocinitomicaceae_Fluviicola,NH4=Unknown,Temperature=high}","{Classification=Undetermined}",0.0012573673870334,0.842105263157895,0.00149312377210216,5.23231907894737,16,5.31402750491159,1.15205179848797e-11,0.150862617352447,0.842105263157895,"Bacteria_Bacteroidota_Bacteroidia_Flavobacteriales_Crocinitomicaceae_Fluviicola",3
"kmeans_4","K-means (4 bins)",0.001,"mutual_information","{taxon=Bacteria_Bacteroidota_Bacteroidia_Flavobacteriales_Cryomorphaceae_,PO4=high,Temperature=low}","{Classification=Undetermined}",0.00117878192534381,0.882352941176471,0.00133595284872299,5.48239315257353,15,7.13198428290766,1.02791031623416e-11,0.167092057574576,0.0641711229946523,"Bacteria_Bacteroidota_Bacteroidia_Flavobacteriales_Cryomorphaceae_",3
"kmeans_4","K-means (4 bins)",0.001,"mutual_information","{taxon=Bacteria_Bacteroidota_Bacteroidia_Flavobacteriales_Flavobacteriaceae_,NH4=Unknown,Chl=very low}","{Classification=Abundant}",0.00133595284872299,0.80952380952381,0.00165029469548134,17.6390247879974,17,5.00905697445972,1.31553646662252e-58,0.273782337136559,0.80952380952381,"Bacteria_Bacteroidota_Bacteroidia_Flavobacteriales_Flavobacteriaceae_",3
"kmeans_4","K-means (4 bins)",0.001,"mutual_information","{taxon=Bacteria_Bacteroidota_Bacteroidia_Flavobacteriales_Flavobacteriaceae_Aurantivirga,PelagicLayer=Mesopelagic,PO4=high}","{Classification=Abundant}",0.0012573673870334,0.8,0.00157170923379175,17.4315068493151,16,4.7705304518664,2.96540699895332e-54,0.266195953786643,0.8,"Bacteria_Bacteroidota_Bacteroidia_Flavobacteriales_Flavobacteriaceae_Aurantivirga",3
"kmeans_4","K-means (4 bins)",0.001,"mutual_information","{taxon=Bacteria_Bacteroidota_Bacteroidia_Flavobacteriales_Flavobacteriaceae_NS4 marine group,PelagicLayer=Epipelagic,Si=low,Temperature=high}","{Classification=Undetermined}",0.00117878192534381,0.9375,0.0012573673870334,5.82504272460938,15,13.4249115913556,5.06579830537589e-13,0.194387394659989,0.0551470588235294,"Bacteria_Bacteroidota_Bacteroidia_Flavobacteriales_Flavobacteriaceae_NS4 marine group",4
"kmeans_4","K-means (4 bins)",0.001,"mutual_information","{taxon=Bacteria_Bacteroidota_Bacteroidia_Flavobacteriales_Flavobacteriaceae_NS5 marine group,Temperature=high,Salinity=very low}","{Classification=Abundant}",0.00110019646365422,0.823529411764706,0.00133595284872299,17.9441982272361,14,5.40660117878193,8.63839744216184e-49,0.274270304378391,0.823529411764706,"Bacteria_Bacteroidota_Bacteroidia_Flavobacteriales_Flavobacteriaceae_NS5 marine group",3
"kmeans_4","K-means (4 bins)",0.001,"mutual_information","{taxon=Bacteria_Bacteroidota_Bacteroidia_Flavobacteriales_Flavobacteriaceae_Polaribacter,PO4=very low,NH4=Unknown,Temperature=high}","{Classification=Abundant}",0.00102161100196464,0.866666666666667,0.00117878192534381,18.8841324200913,13,7.15579567779961,6.57520993979379e-48,0.296188753229654,0.866666666666667,"Bacteria_Bacteroidota_Bacteroidia_Flavobacteriales_Flavobacteriaceae_Polaribacter",4
"kmeans_4","K-means (4 bins)",0.001,"mutual_information","{taxon=Bacteria_Bacteroidota_Bacteroidia_Flavobacteriales_Flavobacteriaceae_Ulvibacter,PO4=very low,Si=very low,WaterMass=AW}","{Classification=Undetermined}",0.00102161100196464,0.8125,0.0012573673870334,5.04837036132812,13,4.47497053045187,2.38316653408145e-08,0.134994696277812,0.8125,"Bacteria_Bacteroidota_Bacteroidia_Flavobacteriales_Flavobacteriaceae_Ulvibacter",4
"kmeans_4","K-means (4 bins)",0.001,"mutual_information","{taxon=Bacteria_Bacteroidota_Bacteroidia_Flavobacteriales_NS9 marine group_,PelagicLayer=Epipelagic,Si=very low,Salinity=low}","{Classification=Undetermined}",0.00141453831041257,0.9,0.00157170923379175,5.592041015625,18,8.39056974459725,4.16120070239322e-15,0.179708097697122,0.0363636363636364,"Bacteria_Bacteroidota_Bacteroidia_Flavobacteriales_NS9 marine group_",4
"kmeans_4","K-means (4 bins)",0.001,"mutual_information","{taxon=Bacteria_Proteobacteria_Alphaproteobacteria_Rhodobacterales_Rhodobacteraceae_Ascidiaceihabitans,PelagicLayer=Epipelagic,NH4=Unknown,Si=low}","{Classification=Undetermined}",0.00110019646365422,0.823529411764706,0.00133595284872299,5.11690027573529,14,4.75465618860511,1.88897225945359e-09,0.140662720027515,0.823529411764706,"Bacteria_Proteobacteria_Alphaproteobacteria_Rhodobacterales_Rhodobacteraceae_Ascidiaceihabitans",4
"kmeans_4","K-means (4 bins)",0.001,"mutual_information","{taxon=Bacteria_Proteobacteria_Alphaproteobacteria_Rhodobacterales_Rhodobacteraceae_Planktomarina,PO4=very low,Si=very low,WaterMass=AW}","{Classification=Undetermined}",0.00117878192534381,0.9375,0.0012573673870334,5.82504272460938,15,13.4249115913556,5.06579830537589e-13,0.194387394659989,0.0551470588235294,"Bacteria_Proteobacteria_Alphaproteobacteria_Rhodobacterales_Rhodobacteraceae_Planktomarina",4
"kmeans_4","K-means (4 bins)",0.001,"mutual_information","{taxon=Bacteria_Proteobacteria_Alphaproteobacteria_SAR11 clade_Clade I_Clade Ia,Si=low,Temperature=high}","{Classification=Abundant}",0.0012573673870334,0.941176470588235,0.00133595284872299,20.5076551168413,16,16.2198035363458,1.82462177266703e-65,0.353340983546929,0.941176470588235,"Bacteria_Proteobacteria_Alphaproteobacteria_SAR11 clade_Clade I_Clade Ia",3
"kmeans_4","K-means (4 bins)",0.001,"mutual_information","{taxon=Bacteria_Proteobacteria_Alphaproteobacteria_SAR11 clade_Clade III_}","{Classification=Rare}",0.00675834970530452,1,0.00675834970530452,1.26077479441197,86,Inf,0.0376001902444899,NA,1,"Bacteria_Proteobacteria_Alphaproteobacteria_SAR11 clade_Clade III_",1
"kmeans_4","K-means (4 bins)",0.001,"mutual_information","{taxon=Bacteria_Proteobacteria_Alphaproteobacteria_SAR11 clade_Clade IV_}","{Classification=Rare}",0.00762278978388998,0.989795918367347,0.00770137524557957,1.2479097454894,97,20.2700196463654,0.0261701023876113,0.0323100320333551,0.989795918367347,"Bacteria_Proteobacteria_Alphaproteobacteria_SAR11 clade_Clade IV_",1
"kmeans_4","K-means (4 bins)",0.001,"mutual_information","{taxon=Bacteria_Proteobacteria_Gammaproteobacteria_Burkholderiales_Nitrosomonadaceae_Nitrosomonas,PelagicLayer=Mesopelagic,PO4=high}","{Classification=Undetermined}",0.00117878192534381,0.833333333333333,0.00141453831041257,5.17781575520833,15,5.03434184675835,1.4816995013694e-10,0.145936285677719,0.833333333333333,"Bacteria_Proteobacteria_Gammaproteobacteria_Burkholderiales_Nitrosomonadaceae_Nitrosomonas",3
"kmeans_4","K-means (4 bins)",0.001,"mutual_information","{taxon=Bacteria_Proteobacteria_Gammaproteobacteria_Pseudomonadales_KI89A clade_}","{Classification=Rare}",0.00738703339882122,1,0.00738703339882122,1.26077479441197,94,Inf,0.0125206549666082,NA,1,"Bacteria_Proteobacteria_Gammaproteobacteria_Pseudomonadales_KI89A clade_",1
"kmeans_4","K-means (4 bins)",0.001,"mutual_information","{taxon=Bacteria_Proteobacteria_Gammaproteobacteria_Pseudomonadales_Porticoccaceae_SAR92 clade,PelagicLayer=Epipelagic,NO2=low,Si=low}","{Classification=Undetermined}",0.00102161100196464,0.928571428571429,0.00110019646365422,5.76956612723214,13,11.7467976424361,9.82758289056775e-11,0.186111186261745,0.0535714285714286,"Bacteria_Proteobacteria_Gammaproteobacteria_Pseudomonadales_Porticoccaceae_SAR92 clade",4
"kmeans_4","K-means (4 bins)",0.001,"mutual_information","{taxon=Bacteria_Proteobacteria_Gammaproteobacteria_Pseudomonadales_SAR86 clade_,NO2=low,Si=low}","{Classification=Undetermined}",0.00102161100196464,0.8125,0.0012573673870334,5.04837036132812,13,4.47497053045187,2.38316653408145e-08,0.134994696277812,0.8125,"Bacteria_Proteobacteria_Gammaproteobacteria_Pseudomonadales_SAR86 clade_",3
"kmeans_4","K-means (4 bins)",0.001,"mutual_information","{taxon=Bacteria_Verrucomicrobiota_Verrucomicrobiae_Verrucomicrobiales_Rubritaleaceae_Roseibacillus,PelagicLayer=Epipelagic,NH4=Unknown,Si=low}","{Classification=Undetermined}",0.00110019646365422,0.823529411764706,0.00133595284872299,5.11690027573529,14,4.75465618860511,1.88897225945359e-09,0.140662720027515,0.823529411764706,"Bacteria_Verrucomicrobiota_Verrucomicrobiae_Verrucomicrobiales_Rubritaleaceae_Roseibacillus",4
"kmeans_4","K-means (4 bins)",0.001,"complexity","{taxon=Bacteria_Bacteroidota_Bacteroidia_Flavobacteriales_Crocinitomicaceae_Fluviicola,PelagicLayer=Epipelagic,NH4=Unknown,Temperature=high}","{Classification=Undetermined}",0.0012573673870334,0.842105263157895,0.00149312377210216,5.23231907894737,16,5.31402750491159,1.15205179848797e-11,0.150862617352447,0,"Bacteria_Bacteroidota_Bacteroidia_Flavobacteriales_Crocinitomicaceae_Fluviicola",4
"kmeans_4","K-means (4 bins)",0.001,"complexity","{taxon=Bacteria_Bacteroidota_Bacteroidia_Flavobacteriales_Cryomorphaceae_,PelagicLayer=Mesopelagic,Chl=Unknown,Temperature=low,WaterMass=TAW}","{Classification=Undetermined}",0.00102161100196464,0.8125,0.0012573673870334,5.04837036132812,13,4.47497053045187,2.38316653408145e-08,0.134994696277812,-0.0375,"Bacteria_Bacteroidota_Bacteroidia_Flavobacteriales_Cryomorphaceae_",5
"kmeans_4","K-means (4 bins)",0.001,"complexity","{taxon=Bacteria_Bacteroidota_Bacteroidia_Flavobacteriales_Flavobacteriaceae_,PelagicLayer=Epipelagic,NH4=Unknown,Chl=very low}","{Classification=Abundant}",0.00133595284872299,0.80952380952381,0.00165029469548134,17.6390247879974,17,5.00905697445972,1.31553646662252e-58,0.273782337136559,0,"Bacteria_Bacteroidota_Bacteroidia_Flavobacteriales_Flavobacteriaceae_",4
"kmeans_4","K-means (4 bins)",0.001,"complexity","{taxon=Bacteria_Bacteroidota_Bacteroidia_Flavobacteriales_Flavobacteriaceae_Aurantivirga,PelagicLayer=Mesopelagic,PO4=high,Chl=Unknown}","{Classification=Abundant}",0.0012573673870334,0.8,0.00157170923379175,17.4315068493151,16,4.7705304518664,2.96540699895332e-54,0.266195953786643,0,"Bacteria_Bacteroidota_Bacteroidia_Flavobacteriales_Flavobacteriaceae_Aurantivirga",4
"kmeans_4","K-means (4 bins)",0.001,"complexity","{taxon=Bacteria_Bacteroidota_Bacteroidia_Flavobacteriales_Flavobacteriaceae_NS4 marine group,PelagicLayer=Epipelagic,PO4=very low,NO2=Undetected}","{Classification=Undetermined}",0.00102161100196464,0.866666666666667,0.00117878192534381,5.38492838541667,13,6.29292730844794,1.84558315759686e-09,0.15705742123819,-0.0156862745098039,"Bacteria_Bacteroidota_Bacteroidia_Flavobacteriales_Flavobacteriaceae_NS4 marine group",4
"kmeans_4","K-means (4 bins)",0.001,"complexity","{taxon=Bacteria_Bacteroidota_Bacteroidia_Flavobacteriales_Flavobacteriaceae_NS5 marine group,PelagicLayer=Epipelagic,Temperature=high,Salinity=very low,WaterMass=SW}","{Classification=Abundant}",0.00110019646365422,0.823529411764706,0.00133595284872299,17.9441982272361,14,5.40660117878193,8.63839744216184e-49,0.274270304378391,0,"Bacteria_Bacteroidota_Bacteroidia_Flavobacteriales_Flavobacteriaceae_NS5 marine group",5
"kmeans_4","K-means (4 bins)",0.001,"complexity","{taxon=Bacteria_Bacteroidota_Bacteroidia_Flavobacteriales_Flavobacteriaceae_Polaribacter,PelagicLayer=Epipelagic,PO4=very low,NH4=Unknown,Temperature=high}","{Classification=Abundant}",0.00102161100196464,0.866666666666667,0.00117878192534381,18.8841324200913,13,7.15579567779961,6.57520993979379e-48,0.296188753229654,0,"Bacteria_Bacteroidota_Bacteroidia_Flavobacteriales_Flavobacteriaceae_Polaribacter",5
"kmeans_4","K-means (4 bins)",0.001,"complexity","{taxon=Bacteria_Bacteroidota_Bacteroidia_Flavobacteriales_Flavobacteriaceae_Ulvibacter,PelagicLayer=Epipelagic,PO4=very low,Si=very low,WaterMass=AW}","{Classification=Undetermined}",0.00102161100196464,0.8125,0.0012573673870334,5.04837036132812,13,4.47497053045187,2.38316653408145e-08,0.134994696277812,0,"Bacteria_Bacteroidota_Bacteroidia_Flavobacteriales_Flavobacteriaceae_Ulvibacter",5
"kmeans_4","K-means (4 bins)",0.001,"complexity","{taxon=Bacteria_Bacteroidota_Bacteroidia_Flavobacteriales_NS9 marine group_,PelagicLayer=Epipelagic,PO4=very low,Salinity=low}","{Classification=Undetermined}",0.00102161100196464,0.866666666666667,0.00117878192534381,5.38492838541667,13,6.29292730844794,1.84558315759686e-09,0.15705742123819,0,"Bacteria_Bacteroidota_Bacteroidia_Flavobacteriales_NS9 marine group_",4
"kmeans_4","K-means (4 bins)",0.001,"complexity","{taxon=Bacteria_Proteobacteria_Alphaproteobacteria_Rhodobacterales_Rhodobacteraceae_Ascidiaceihabitans,PelagicLayer=Epipelagic,Si=low,Temperature=high}","{Classification=Undetermined}",0.00102161100196464,0.8125,0.0012573673870334,5.04837036132812,13,4.47497053045187,2.38316653408145e-08,0.134994696277812,0.8125,"Bacteria_Proteobacteria_Alphaproteobacteria_Rhodobacterales_Rhodobacteraceae_Ascidiaceihabitans",4
"kmeans_4","K-means (4 bins)",0.001,"complexity","{taxon=Bacteria_Proteobacteria_Alphaproteobacteria_Rhodobacterales_Rhodobacteraceae_Planktomarina,PelagicLayer=Epipelagic,PO4=very low,NH4=Unknown,Si=very low,Temperature=very high}","{Classification=Undetermined}",0.00102161100196464,0.928571428571429,0.00110019646365422,5.76956612723214,13,11.7467976424361,9.82758289056775e-11,0.186111186261745,0,"Bacteria_Proteobacteria_Alphaproteobacteria_Rhodobacterales_Rhodobacteraceae_Planktomarina",6
"kmeans_4","K-means (4 bins)",0.001,"complexity","{taxon=Bacteria_Proteobacteria_Alphaproteobacteria_SAR11 clade_Clade I_Clade Ia,PelagicLayer=Epipelagic,Temperature=high,Salinity=very low,WaterMass=SW}","{Classification=Abundant}",0.00110019646365422,0.823529411764706,0.00133595284872299,17.9441982272361,14,5.40660117878193,8.63839744216184e-49,0.274270304378391,0,"Bacteria_Proteobacteria_Alphaproteobacteria_SAR11 clade_Clade I_Clade Ia",5
"kmeans_4","K-means (4 bins)",0.001,"complexity","{taxon=Bacteria_Proteobacteria_Alphaproteobacteria_SAR11 clade_Clade III_}","{Classification=Rare}",0.00675834970530452,1,0.00675834970530452,1.26077479441197,86,Inf,0.0376001902444899,NA,1,"Bacteria_Proteobacteria_Alphaproteobacteria_SAR11 clade_Clade III_",1
"kmeans_4","K-means (4 bins)",0.001,"complexity","{taxon=Bacteria_Proteobacteria_Alphaproteobacteria_SAR11 clade_Clade IV_}","{Classification=Rare}",0.00762278978388998,0.989795918367347,0.00770137524557957,1.2479097454894,97,20.2700196463654,0.0261701023876113,0.0323100320333551,0.989795918367347,"Bacteria_Proteobacteria_Alphaproteobacteria_SAR11 clade_Clade IV_",1
"kmeans_4","K-means (4 bins)",0.001,"complexity","{taxon=Bacteria_Proteobacteria_Gammaproteobacteria_Burkholderiales_Nitrosomonadaceae_Nitrosomonas,PelagicLayer=Mesopelagic,PO4=high,Chl=Unknown}","{Classification=Undetermined}",0.00117878192534381,0.833333333333333,0.00141453831041257,5.17781575520833,15,5.03434184675835,1.4816995013694e-10,0.145936285677719,0,"Bacteria_Proteobacteria_Gammaproteobacteria_Burkholderiales_Nitrosomonadaceae_Nitrosomonas",4
"kmeans_4","K-means (4 bins)",0.001,"complexity","{taxon=Bacteria_Proteobacteria_Gammaproteobacteria_Pseudomonadales_KI89A clade_}","{Classification=Rare}",0.00738703339882122,1,0.00738703339882122,1.26077479441197,94,Inf,0.0125206549666082,NA,1,"Bacteria_Proteobacteria_Gammaproteobacteria_Pseudomonadales_KI89A clade_",1
"kmeans_4","K-means (4 bins)",0.001,"complexity","{taxon=Bacteria_Proteobacteria_Gammaproteobacteria_Pseudomonadales_Porticoccaceae_SAR92 clade,PelagicLayer=Mesopelagic,Chl=Unknown,Temperature=low,WaterMass=TAW}","{Classification=Undetermined}",0.00102161100196464,0.8125,0.0012573673870334,5.04837036132812,13,4.47497053045187,2.38316653408145e-08,0.134994696277812,-0.0375,"Bacteria_Proteobacteria_Gammaproteobacteria_Pseudomonadales_Porticoccaceae_SAR92 clade",5
"kmeans_4","K-means (4 bins)",0.001,"complexity","{taxon=Bacteria_Proteobacteria_Gammaproteobacteria_Pseudomonadales_SAR86 clade_,PelagicLayer=Epipelagic,Si=low,Temperature=high}","{Classification=Undetermined}",0.00102161100196464,0.8125,0.0012573673870334,5.04837036132812,13,4.47497053045187,2.38316653408145e-08,0.134994696277812,0.8125,"Bacteria_Proteobacteria_Gammaproteobacteria_Pseudomonadales_SAR86 clade_",4
"kmeans_4","K-means (4 bins)",0.001,"complexity","{taxon=Bacteria_Verrucomicrobiota_Verrucomicrobiae_Verrucomicrobiales_Rubritaleaceae_Roseibacillus,PelagicLayer=Epipelagic,NH4=Unknown,Si=low}","{Classification=Undetermined}",0.00110019646365422,0.823529411764706,0.00133595284872299,5.11690027573529,14,4.75465618860511,1.88897225945359e-09,0.140662720027515,0.823529411764706,"Bacteria_Verrucomicrobiota_Verrucomicrobiae_Verrucomicrobiales_Rubritaleaceae_Roseibacillus",4
"kmeans_4","K-means (4 bins)",0.002,"improvement","{taxon=Bacteria_Bacteroidota_Bacteroidia_Flavobacteriales_Flavobacteriaceae_NS4 marine group,Si=low}","{Classification=Undetermined}",0.00243614931237721,0.837837837837838,0.00290766208251474,5.20580394847973,31,5.17418467583497,3.76247218635217e-25,0.163864880998664,0.837837837837838,"Bacteria_Bacteroidota_Bacteroidia_Flavobacteriales_Flavobacteriaceae_NS4 marine group",2
"kmeans_4","K-means (4 bins)",0.002,"improvement","{taxon=Bacteria_Proteobacteria_Alphaproteobacteria_Rhodobacterales_Rhodobacteraceae_Planktomarina,WaterMass=AW}","{Classification=Undetermined}",0.00267190569744597,0.80952380952381,0.00330058939096267,5.02987816220238,34,4.40504911591356,2.52776201575375e-26,0.153523332617092,0.80952380952381,"Bacteria_Proteobacteria_Alphaproteobacteria_Rhodobacterales_Rhodobacteraceae_Planktomarina",2
"kmeans_4","K-means (4 bins)",0.002,"improvement","{taxon=Bacteria_Proteobacteria_Alphaproteobacteria_SAR11 clade_Clade III_}","{Classification=Rare}",0.00675834970530452,1,0.00675834970530452,1.26077479441197,86,Inf,0.023528854433804,NA,1,"Bacteria_Proteobacteria_Alphaproteobacteria_SAR11 clade_Clade III_",1
"kmeans_4","K-means (4 bins)",0.002,"improvement","{taxon=Bacteria_Proteobacteria_Alphaproteobacteria_SAR11 clade_Clade IV_}","{Classification=Rare}",0.00762278978388998,0.989795918367347,0.00770137524557957,1.2479097454894,97,20.2700196463654,0.0163763142045827,0.0323100320333551,0.989795918367347,"Bacteria_Proteobacteria_Alphaproteobacteria_SAR11 clade_Clade IV_",1
"kmeans_4","K-means (4 bins)",0.002,"improvement","{taxon=Bacteria_Proteobacteria_Gammaproteobacteria_Pseudomonadales_KI89A clade_}","{Classification=Rare}",0.00738703339882122,1,0.00738703339882122,1.26077479441197,94,Inf,0.00783497812669657,NA,1,"Bacteria_Proteobacteria_Gammaproteobacteria_Pseudomonadales_KI89A clade_",1
"kmeans_4","K-means (4 bins)",0.002,"mutual_information","{taxon=Bacteria_Bacteroidota_Bacteroidia_Flavobacteriales_Flavobacteriaceae_NS4 marine group,Si=low}","{Classification=Undetermined}",0.00243614931237721,0.837837837837838,0.00290766208251474,5.20580394847973,31,5.17418467583497,3.76247218635217e-25,0.163864880998664,0.837837837837838,"Bacteria_Bacteroidota_Bacteroidia_Flavobacteriales_Flavobacteriaceae_NS4 marine group",2
"kmeans_4","K-means (4 bins)",0.002,"mutual_information","{taxon=Bacteria_Proteobacteria_Alphaproteobacteria_Rhodobacterales_Rhodobacteraceae_Planktomarina,WaterMass=AW}","{Classification=Undetermined}",0.00267190569744597,0.80952380952381,0.00330058939096267,5.02987816220238,34,4.40504911591356,2.52776201575375e-26,0.153523332617092,0.80952380952381,"Bacteria_Proteobacteria_Alphaproteobacteria_Rhodobacterales_Rhodobacteraceae_Planktomarina",2
"kmeans_4","K-means (4 bins)",0.002,"mutual_information","{taxon=Bacteria_Proteobacteria_Alphaproteobacteria_SAR11 clade_Clade III_}","{Classification=Rare}",0.00675834970530452,1,0.00675834970530452,1.26077479441197,86,Inf,0.023528854433804,NA,1,"Bacteria_Proteobacteria_Alphaproteobacteria_SAR11 clade_Clade III_",1
"kmeans_4","K-means (4 bins)",0.002,"mutual_information","{taxon=Bacteria_Proteobacteria_Alphaproteobacteria_SAR11 clade_Clade IV_}","{Classification=Rare}",0.00762278978388998,0.989795918367347,0.00770137524557957,1.2479097454894,97,20.2700196463654,0.0163763142045827,0.0323100320333551,0.989795918367347,"Bacteria_Proteobacteria_Alphaproteobacteria_SAR11 clade_Clade IV_",1
"kmeans_4","K-means (4 bins)",0.002,"mutual_information","{taxon=Bacteria_Proteobacteria_Gammaproteobacteria_Pseudomonadales_KI89A clade_}","{Classification=Rare}",0.00738703339882122,1,0.00738703339882122,1.26077479441197,94,Inf,0.00783497812669657,NA,1,"Bacteria_Proteobacteria_Gammaproteobacteria_Pseudomonadales_KI89A clade_",1
"kmeans_4","K-means (4 bins)",0.002,"complexity","{taxon=Bacteria_Bacteroidota_Bacteroidia_Flavobacteriales_Flavobacteriaceae_NS4 marine group,Si=low}","{Classification=Undetermined}",0.00243614931237721,0.837837837837838,0.00290766208251474,5.20580394847973,31,5.17418467583497,3.76247218635217e-25,0.163864880998664,0.837837837837838,"Bacteria_Bacteroidota_Bacteroidia_Flavobacteriales_Flavobacteriaceae_NS4 marine group",2
"kmeans_4","K-means (4 bins)",0.002,"complexity","{taxon=Bacteria_Proteobacteria_Alphaproteobacteria_Rhodobacterales_Rhodobacteraceae_Planktomarina,WaterMass=AW}","{Classification=Undetermined}",0.00267190569744597,0.80952380952381,0.00330058939096267,5.02987816220238,34,4.40504911591356,2.52776201575375e-26,0.153523332617092,0.80952380952381,"Bacteria_Proteobacteria_Alphaproteobacteria_Rhodobacterales_Rhodobacteraceae_Planktomarina",2
"kmeans_4","K-means (4 bins)",0.002,"complexity","{taxon=Bacteria_Proteobacteria_Alphaproteobacteria_SAR11 clade_Clade III_}","{Classification=Rare}",0.00675834970530452,1,0.00675834970530452,1.26077479441197,86,Inf,0.023528854433804,NA,1,"Bacteria_Proteobacteria_Alphaproteobacteria_SAR11 clade_Clade III_",1
"kmeans_4","K-means (4 bins)",0.002,"complexity","{taxon=Bacteria_Proteobacteria_Alphaproteobacteria_SAR11 clade_Clade IV_}","{Classification=Rare}",0.00762278978388998,0.989795918367347,0.00770137524557957,1.2479097454894,97,20.2700196463654,0.0163763142045827,0.0323100320333551,0.989795918367347,"Bacteria_Proteobacteria_Alphaproteobacteria_SAR11 clade_Clade IV_",1
"kmeans_4","K-means (4 bins)",0.002,"complexity","{taxon=Bacteria_Proteobacteria_Gammaproteobacteria_Pseudomonadales_KI89A clade_}","{Classification=Rare}",0.00738703339882122,1,0.00738703339882122,1.26077479441197,94,Inf,0.00783497812669657,NA,1,"Bacteria_Proteobacteria_Gammaproteobacteria_Pseudomonadales_KI89A clade_",1
"kmeans_4","K-means (4 bins)",0.005,"improvement","{taxon=Bacteria_Proteobacteria_Alphaproteobacteria_SAR11 clade_Clade III_}","{Classification=Rare}",0.00675834970530452,1,0.00675834970530452,1.26077479441197,86,Inf,0.0207016814893239,NA,1,"Bacteria_Proteobacteria_Alphaproteobacteria_SAR11 clade_Clade III_",1
"kmeans_4","K-means (4 bins)",0.005,"improvement","{taxon=Bacteria_Proteobacteria_Alphaproteobacteria_SAR11 clade_Clade IV_}","{Classification=Rare}",0.00762278978388998,0.989795918367347,0.00770137524557957,1.2479097454894,97,20.2700196463654,0.0144085740164763,0.0323100320333551,0.989795918367347,"Bacteria_Proteobacteria_Alphaproteobacteria_SAR11 clade_Clade IV_",1
"kmeans_4","K-means (4 bins)",0.005,"improvement","{taxon=Bacteria_Proteobacteria_Alphaproteobacteria_Thalassobaculales_Nisaeaceae_OM75 clade}","{Classification=Rare}",0.00628683693516699,1,0.00628683693516699,1.26077479441197,80,Inf,0.0472986825171554,NA,1,"Bacteria_Proteobacteria_Alphaproteobacteria_Thalassobaculales_Nisaeaceae_OM75 clade",1
"kmeans_4","K-means (4 bins)",0.005,"improvement","{taxon=Bacteria_Proteobacteria_Gammaproteobacteria_Pseudomonadales_KI89A clade_}","{Classification=Rare}",0.00738703339882122,1,0.00738703339882122,1.26077479441197,94,Inf,0.00689354520471949,NA,1,"Bacteria_Proteobacteria_Gammaproteobacteria_Pseudomonadales_KI89A clade_",1
"kmeans_4","K-means (4 bins)",0.005,"mutual_information","{taxon=Bacteria_Proteobacteria_Alphaproteobacteria_SAR11 clade_Clade III_}","{Classification=Rare}",0.00675834970530452,1,0.00675834970530452,1.26077479441197,86,Inf,0.0207016814893239,NA,1,"Bacteria_Proteobacteria_Alphaproteobacteria_SAR11 clade_Clade III_",1
"kmeans_4","K-means (4 bins)",0.005,"mutual_information","{taxon=Bacteria_Proteobacteria_Alphaproteobacteria_SAR11 clade_Clade IV_}","{Classification=Rare}",0.00762278978388998,0.989795918367347,0.00770137524557957,1.2479097454894,97,20.2700196463654,0.0144085740164763,0.0323100320333551,0.989795918367347,"Bacteria_Proteobacteria_Alphaproteobacteria_SAR11 clade_Clade IV_",1
"kmeans_4","K-means (4 bins)",0.005,"mutual_information","{taxon=Bacteria_Proteobacteria_Alphaproteobacteria_Thalassobaculales_Nisaeaceae_OM75 clade}","{Classification=Rare}",0.00628683693516699,1,0.00628683693516699,1.26077479441197,80,Inf,0.0472986825171554,NA,1,"Bacteria_Proteobacteria_Alphaproteobacteria_Thalassobaculales_Nisaeaceae_OM75 clade",1
"kmeans_4","K-means (4 bins)",0.005,"mutual_information","{taxon=Bacteria_Proteobacteria_Gammaproteobacteria_Pseudomonadales_KI89A clade_}","{Classification=Rare}",0.00738703339882122,1,0.00738703339882122,1.26077479441197,94,Inf,0.00689354520471949,NA,1,"Bacteria_Proteobacteria_Gammaproteobacteria_Pseudomonadales_KI89A clade_",1
"kmeans_4","K-means (4 bins)",0.005,"complexity","{taxon=Bacteria_Proteobacteria_Alphaproteobacteria_SAR11 clade_Clade III_}","{Classification=Rare}",0.00675834970530452,1,0.00675834970530452,1.26077479441197,86,Inf,0.0207016814893239,NA,1,"Bacteria_Proteobacteria_Alphaproteobacteria_SAR11 clade_Clade III_",1
"kmeans_4","K-means (4 bins)",0.005,"complexity","{taxon=Bacteria_Proteobacteria_Alphaproteobacteria_SAR11 clade_Clade IV_}","{Classification=Rare}",0.00762278978388998,0.989795918367347,0.00770137524557957,1.2479097454894,97,20.2700196463654,0.0144085740164763,0.0323100320333551,0.989795918367347,"Bacteria_Proteobacteria_Alphaproteobacteria_SAR11 clade_Clade IV_",1
"kmeans_4","K-means (4 bins)",0.005,"complexity","{taxon=Bacteria_Proteobacteria_Alphaproteobacteria_Thalassobaculales_Nisaeaceae_OM75 clade}","{Classification=Rare}",0.00628683693516699,1,0.00628683693516699,1.26077479441197,80,Inf,0.0472986825171554,NA,1,"Bacteria_Proteobacteria_Alphaproteobacteria_Thalassobaculales_Nisaeaceae_OM75 clade",1
"kmeans_4","K-means (4 bins)",0.005,"complexity","{taxon=Bacteria_Proteobacteria_Gammaproteobacteria_Pseudomonadales_KI89A clade_}","{Classification=Rare}",0.00738703339882122,1,0.00738703339882122,1.26077479441197,94,Inf,0.00689354520471949,NA,1,"Bacteria_Proteobacteria_Gammaproteobacteria_Pseudomonadales_KI89A clade_",1
