"LHS","RHS","support","confidence","lift","itemset"
"{taxa=Bacteria NA Bacteroidetes Flavobacteriia Flavobacteriales Schleiferiaceae Schleiferia}","{Classification=Rare}",0.00100110389581369,1,1.02255766233885,1
"{taxa=Bacteria NA Proteobacteria Alphaproteobacteria Rhizobiales Cohaesibacteraceae Cohaesibacter}","{Classification=Rare}",0.00100110389581369,1,1.02255766233885,2
"{taxa=Bacteria NA Proteobacteria Alphaproteobacteria Rhodobacterales Rhodobacteraceae Roseobacter}","{Classification=Rare}",0.00100110389581369,1,1.02255766233885,3
"{taxa=Bacteria NA Chlamydiae NA NA NA NA}","{Classification=Rare}",0.00101004232345488,1,1.02255766233885,4
"{taxa=Bacteria NA Verrucomicrobia Verrucomicrobiae Verrucomicrobiales Verrucomicrobiaceae Haloferula}","{Classification=Rare}",0.00101898075109607,1,1.02255766233885,5
"{taxa=Bacteria NA Planctomycetes Planctomycetia Pirellulales Pirellulaceae Rhodopirellula}","{Classification=Rare}",0.00101898075109607,1,1.02255766233885,6
"{taxa=Bacteria NA Actinobacteria Rubrobacteria Gaiellales NA NA}","{Classification=Rare}",0.00102344996491667,1,1.02255766233885,7
"{taxa=Bacteria NA Proteobacteria Betaproteobacteria Rhodocyclales Zoogloeaceae Zoogloea}","{Classification=Rare}",0.00102344996491667,1,1.02255766233885,8
"{taxa=Bacteria NA Proteobacteria Gammaproteobacteria Cardiobacteriales Cardiobacteriaceae NA}","{Classification=Rare}",0.00103238839255787,1,1.02255766233885,9
"{taxa=Eukaryota Ochrophyta Bolidophyceae NA NA NA Bolidomonas}","{Classification=Rare}",0.00103238839255787,1,1.02255766233885,10
"{taxa=Bacteria NA Bacteroidetes Saprospiria Saprospirales Lewinellaceae NA,Sequencing_platform=Hiseq 2500 Rapid}","{Classification=Rare}",0.00101451153727548,1,1.02255766233885,11
"{taxa=Bacteria NA Bacteroidetes Saprospiria Saprospirales Lewinellaceae NA}","{Classification=Rare}",0.00103238839255787,1,1.02255766233885,12
"{taxa=Bacteria NA Proteobacteria Gammaproteobacteria Chromatiales Granulosicoccaceae NA,Sequencing_platform=Hiseq 2500 Rapid}","{Classification=Rare}",0.00101004232345488,1,1.02255766233885,14
"{taxa=Bacteria NA Proteobacteria Gammaproteobacteria Chromatiales Granulosicoccaceae NA}","{Classification=Rare}",0.00103685760637846,1,1.02255766233885,15
"{taxa=Eukaryota Cercozoa Cercozoa NA NA NA NA}","{Classification=Rare}",0.00103238839255787,0.995689655172414,1.01815008620808,17
"{taxa=Eukaryota Hacrobia Picozoa Picomonadea Picomonadida Picomonadidae Picomonas}","{Classification=Rare}",0.00103685760637846,1,1.02255766233885,18
"{taxa=Bacteria NA Fusobacteria Fusobacteriia Fusobacteriales Fusobacteriaceae Cetobacterium,Sequencing_platform=Hiseq 2500 Rapid}","{Classification=Rare}",0.00101898075109607,1,1.02255766233885,19
"{taxa=Bacteria NA Fusobacteria Fusobacteriia Fusobacteriales Fusobacteriaceae Cetobacterium}","{Classification=Rare}",0.00103685760637846,1,1.02255766233885,20
"{taxa=Bacteria NA Proteobacteria Alphaproteobacteria Rhodobacterales Rhodobacteraceae Marinibacterium}","{Classification=Rare}",0.00103685760637846,1,1.02255766233885,22
"{taxa=Bacteria NA Candidatus_Omnitrophica NA NA NA Candidatus_Omnitrophus,Sequencing_platform=Hiseq 2500 Rapid}","{Classification=Rare}",0.00101898075109607,1,1.02255766233885,23
"{taxa=Bacteria NA Candidatus_Omnitrophica NA NA NA Candidatus_Omnitrophus}","{Classification=Rare}",0.00104132682019906,1,1.02255766233885,24
"{taxa=Bacteria NA Proteobacteria Gammaproteobacteria Alteromonadales Psychromonadaceae Psychromonas,Sequencing_platform=Hiseq 2500 Rapid}","{Classification=Rare}",0.00101898075109607,1,1.02255766233885,26
"{taxa=Bacteria NA Proteobacteria Gammaproteobacteria Alteromonadales Psychromonadaceae Psychromonas}","{Classification=Rare}",0.00104132682019906,1,1.02255766233885,27
"{taxa=Bacteria NA Bacteroidetes Chitinophagia Chitinophagales Chitinophagaceae NA}","{Classification=Rare}",0.00104132682019906,1,1.02255766233885,29
"{taxa=Bacteria NA Proteobacteria Gammaproteobacteria Oceanospirillales Endozoicomonaceae Endozoicomonas}","{Classification=Rare}",0.00104579603401966,1,1.02255766233885,30
"{taxa=Eukaryota Bacillariophyta Bacillariophyta Mediophyceae Hemiaulales Hemiaulaceae Cerataulina}","{Classification=Rare}",0.00102791917873727,0.982905982905983,1.00507804417921,31
"{taxa=Bacteria NA Actinobacteria Acidimicrobiia Acidimicrobiales NA NA,Sequencing_platform=Hiseq 2500 Rapid}","{Classification=Rare}",0.00101004232345488,1,1.02255766233885,32
"{taxa=Bacteria NA Actinobacteria Acidimicrobiia Acidimicrobiales NA NA}","{Classification=Rare}",0.00104579603401966,1,1.02255766233885,33
"{taxa=Bacteria NA Proteobacteria Gammaproteobacteria Chromatiales Thioalkalispiraceae NA,Sequencing_platform=Hiseq 2500 Rapid}","{Classification=Rare}",0.00102791917873727,1,1.02255766233885,35
"{taxa=Bacteria NA Proteobacteria Gammaproteobacteria Chromatiales Thioalkalispiraceae NA}","{Classification=Rare}",0.00104579603401966,1,1.02255766233885,36
"{taxa=Eukaryota Bacillariophyta Bacillariophyta Coscinodiscophyceae Thalassiosirales Skeletonemataceae Skeletonema}","{Classification=Rare}",0.00101898075109607,0.966101694915254,0.987894690734143,38
"{taxa=Bacteria NA Acidobacteria Holophagae NA NA NA}","{Classification=Rare}",0.00105920367548145,1,1.02255766233885,39
"{taxa=Bacteria NA Actinobacteria Thermoleophilia Solirubrobacterales NA NA}","{Classification=Rare}",0.00105920367548145,1,1.02255766233885,40
"{taxa=Bacteria NA Firmicutes Bacilli Lactobacillales NA NA,Sequencing_platform=Hiseq 2500 Rapid}","{Classification=Rare}",0.00101898075109607,1,1.02255766233885,41
"{taxa=Bacteria NA Firmicutes Bacilli Lactobacillales NA NA}","{Classification=Rare}",0.00106367288930204,1,1.02255766233885,42
"{taxa=Bacteria NA Candidatus_Campbellbacteria NA NA NA NA,Sequencing_platform=Hiseq 2500 Rapid}","{Classification=Rare}",0.00104132682019906,1,1.02255766233885,44
"{taxa=Bacteria NA Candidatus_Campbellbacteria NA NA NA NA}","{Classification=Rare}",0.00106814210312264,1,1.02255766233885,45
"{taxa=Bacteria NA Proteobacteria Alphaproteobacteria Rhodospirillales Rhodospirillaceae Varunaivibrio,Sequencing_platform=Hiseq 2500 Rapid}","{Classification=Rare}",0.00101004232345488,1,1.02255766233885,47
"{taxa=Bacteria NA Proteobacteria Alphaproteobacteria Rhodospirillales Rhodospirillaceae Varunaivibrio}","{Classification=Rare}",0.00106814210312264,1,1.02255766233885,48
"{taxa=Eukaryota Apicomplexa Apicomplexa NA NA NA NA}","{Classification=Rare}",0.00106814210312264,1,1.02255766233885,50
"{taxa=Archaea NA Euryarchaeota Candidatus_Thalassoarchaea NA NA NA}","{Classification=Rare}",0.00107261131694324,1,1.02255766233885,51
"{taxa=Eukaryota Bacillariophyta Bacillariophyta Coscinodiscophyceae Coscinodiscales Coscinodiscaceae Coscinodiscus}","{Classification=Rare}",0.00106367288930204,0.983471074380165,1.00565588279606,52
"{taxa=Eukaryota Bacillariophyta Bacillariophyta Coscinodiscophyceae Coscinodiscales Hemidiscaceae Actinocyclus}","{Classification=Rare}",0.00108601895840503,1,1.02255766233885,53
"{taxa=Eukaryota Bacillariophyta Bacillariophyta Coscinodiscophyceae Rhizosoleniales NA NA}","{Classification=Rare}",0.00108601895840503,1,1.02255766233885,54
"{taxa=Bacteria NA Bacteroidetes Cytophagia Cytophagales Flammeovirgaceae Reichenbachiella,Sequencing_platform=Hiseq 2500 Rapid}","{Classification=Rare}",0.00106367288930204,1,1.02255766233885,55
"{taxa=Bacteria NA Bacteroidetes Cytophagia Cytophagales Flammeovirgaceae Reichenbachiella}","{Classification=Rare}",0.00109495738604622,1,1.02255766233885,56
"{taxa=Bacteria NA Bacteroidetes Flavobacteriia Flavobacteriales Flavobacteriaceae Psychroflexus,Sequencing_platform=Hiseq 2500 Rapid}","{Classification=Rare}",0.00107708053076383,1,1.02255766233885,58
"{taxa=Bacteria NA Bacteroidetes Flavobacteriia Flavobacteriales Flavobacteriaceae Psychroflexus}","{Classification=Rare}",0.00109495738604622,1,1.02255766233885,59
"{taxa=Bacteria NA Firmicutes Bacilli Lactobacillales Streptococcaceae Streptococcus,Sequencing_platform=Hiseq 2500 Rapid}","{Classification=Rare}",0.00105026524784025,1,1.02255766233885,61
"{taxa=Bacteria NA Firmicutes Bacilli Lactobacillales Streptococcaceae Streptococcus}","{Classification=Rare}",0.00109942659986682,1,1.02255766233885,62
"{taxa=Bacteria NA Fusobacteria Fusobacteriia Fusobacteriales NA NA,Sequencing_platform=Hiseq 2500 Rapid}","{Classification=Rare}",0.00103685760637846,1,1.02255766233885,64
"{taxa=Bacteria NA Fusobacteria Fusobacteriia Fusobacteriales NA NA}","{Classification=Rare}",0.00109942659986682,1,1.02255766233885,65
"{taxa=Bacteria NA Proteobacteria Gammaproteobacteria Thiotrichales Thiotrichaceae Leucothrix,Sequencing_platform=Hiseq 2500 Rapid}","{Classification=Rare}",0.00105026524784025,1,1.02255766233885,67
"{taxa=Bacteria NA Proteobacteria Gammaproteobacteria Thiotrichales Thiotrichaceae Leucothrix}","{Classification=Rare}",0.00110836502750801,1,1.02255766233885,68
"{taxa=Bacteria NA Bacteroidetes Saprospiria Saprospirales Haliscomenobacteraceae NA,Sequencing_platform=Hiseq 2500 Rapid}","{Classification=Rare}",0.00109048817222562,1,1.02255766233885,70
"{taxa=Bacteria NA Bacteroidetes Saprospiria Saprospirales Haliscomenobacteraceae NA}","{Classification=Rare}",0.00111283424132861,1,1.02255766233885,71
"{taxa=Bacteria NA Ignavibacteriae Ignavibacteria Ignavibacteriales NA NA,Sequencing_platform=Hiseq 2500 Rapid}","{Classification=Rare}",0.00109942659986682,1,1.02255766233885,73
"{taxa=Bacteria NA Ignavibacteriae Ignavibacteria Ignavibacteriales NA NA}","{Classification=Rare}",0.0011262418827904,1,1.02255766233885,74
"{taxa=Bacteria NA Planctomycetes Planctomycetia Planctomycetales Planctomycetaceae Rhodopirellula}","{Classification=Rare}",0.0011262418827904,1,1.02255766233885,76
"{taxa=Bacteria NA Cyanobacteria NA Pleurocapsales NA NA,Sequencing_platform=Hiseq 2500 Rapid}","{Classification=Rare}",0.00109495738604622,1,1.02255766233885,77
"{taxa=Bacteria NA Cyanobacteria NA Pleurocapsales NA NA,device=membrane}","{Classification=Rare}",0.00100557310963428,1,1.02255766233885,78
"{taxa=Bacteria NA Cyanobacteria NA Pleurocapsales NA NA}","{Classification=Rare}",0.001130711096611,1,1.02255766233885,79
"{taxa=Eukaryota Bacillariophyta Bacillariophyta Bacillariophyceae Naviculales Pleurosigmataceae Pleurosigma,device=membrane}","{Classification=Rare}",0.00100110389581369,0.991150442477876,1.01350847948629,82
"{taxa=Eukaryota Bacillariophyta Bacillariophyta Bacillariophyceae Naviculales Pleurosigmataceae Pleurosigma}","{Classification=Rare}",0.0011217726689698,0.992094861660079,1.01447420255751,83
"{taxa=Bacteria NA Planctomycetes Planctomycetia Planctomycetales Planctomycetaceae Fuerstia,Sequencing_platform=Hiseq 2500 Rapid}","{Classification=Rare}",0.00104132682019906,1,1.02255766233885,85
"{taxa=Bacteria NA Planctomycetes Planctomycetia Planctomycetales Planctomycetaceae Fuerstia}","{Classification=Rare}",0.00113518031043159,1,1.02255766233885,86
"{taxa=Bacteria NA Proteobacteria Betaproteobacteria Rhodocyclales NA NA,Sequencing_platform=Hiseq 2500 Rapid}","{Classification=Rare}",0.00109495738604622,1,1.02255766233885,88
"{taxa=Bacteria NA Proteobacteria Betaproteobacteria Rhodocyclales NA NA,device=membrane}","{Classification=Rare}",0.00101898075109607,1,1.02255766233885,89
"{taxa=Bacteria NA Proteobacteria Betaproteobacteria Rhodocyclales NA NA}","{Classification=Rare}",0.00113964952425219,1,1.02255766233885,90
"{taxa=Bacteria NA Proteobacteria Alphaproteobacteria Caulobacterales Caulobacteraceae Caulobacter,Sequencing_platform=Hiseq 2500 Rapid}","{Classification=Rare}",0.0011217726689698,1,1.02255766233885,93
"{taxa=Bacteria NA Proteobacteria Alphaproteobacteria Caulobacterales Caulobacteraceae Caulobacter,device=membrane}","{Classification=Rare}",0.00100557310963428,1,1.02255766233885,94
"{taxa=Bacteria NA Proteobacteria Alphaproteobacteria Caulobacterales Caulobacteraceae Caulobacter}","{Classification=Rare}",0.00113964952425219,1,1.02255766233885,95
"{taxa=Bacteria NA Proteobacteria Alphaproteobacteria Holosporales Holosporaceae Candidatus_Bealeia,device=membrane}","{Classification=Rare}",0.00101004232345488,1,1.02255766233885,98
"{taxa=Bacteria NA Proteobacteria Alphaproteobacteria Holosporales Holosporaceae Candidatus_Bealeia}","{Classification=Rare}",0.00114858795189338,1,1.02255766233885,99
"{taxa=Bacteria NA Chlamydiae Chlamydiia Chlamydiales Chlamydiaceae NA,Sequencing_platform=Hiseq 2500 Rapid}","{Classification=Rare}",0.00108601895840503,1,1.02255766233885,101
"{taxa=Bacteria NA Chlamydiae Chlamydiia Chlamydiales Chlamydiaceae NA}","{Classification=Rare}",0.00114858795189338,1,1.02255766233885,102
"{taxa=Bacteria NA Bacteroidetes Bacteroidia Marinilabiliales Marinifilaceae Marinifilum,Sequencing_platform=Hiseq 2500 Rapid}","{Classification=Rare}",0.0011173034551492,1,1.02255766233885,104
"{taxa=Bacteria NA Bacteroidetes Bacteroidia Marinilabiliales Marinifilaceae Marinifilum}","{Classification=Rare}",0.00114858795189338,1,1.02255766233885,105
"{taxa=Archaea NA Thaumarchaeota Nitrososphaeria Nitrososphaerales Nitrososphaeraceae NA}","{Classification=Rare}",0.00115305716571398,1,1.02255766233885,107
"{taxa=Bacteria NA Bacteroidetes Flavobacteriia Flavobacteriales Flavobacteriaceae Chryseobacterium,Sequencing_platform=Hiseq 2500 Rapid}","{Classification=Rare}",0.00113518031043159,1,1.02255766233885,108
"{taxa=Bacteria NA Bacteroidetes Flavobacteriia Flavobacteriales Flavobacteriaceae Chryseobacterium}","{Classification=Rare}",0.00115305716571398,1,1.02255766233885,109
"{taxa=Eukaryota Hacrobia Picozoa Picomonadea Picomonadida NA NA}","{Classification=Rare}",0.00114858795189338,0.996124031007752,1.01859426054684,111
"{taxa=Bacteria NA Proteobacteria Deltaproteobacteria Myxococcales Kofleriaceae Haliangium,device=membrane}","{Classification=Rare}",0.00102344996491667,1,1.02255766233885,112
"{taxa=Bacteria NA Proteobacteria Deltaproteobacteria Myxococcales Kofleriaceae Haliangium}","{Classification=Rare}",0.00115752637953458,1,1.02255766233885,113
"{taxa=Bacteria NA Proteobacteria Alphaproteobacteria Rhizobiales Methylobacteriaceae NA,device=membrane}","{Classification=Rare}",0.00106814210312264,1,1.02255766233885,115
"{taxa=Bacteria NA Proteobacteria Alphaproteobacteria Rhizobiales Methylobacteriaceae NA}","{Classification=Rare}",0.00115752637953458,1,1.02255766233885,116
"{taxa=Bacteria NA Cyanobacteria NA Chroococcales NA NA,Sequencing_platform=Hiseq 2500 Rapid}","{Classification=Rare}",0.00113518031043159,1,1.02255766233885,118
"{taxa=Bacteria NA Cyanobacteria NA Chroococcales NA NA,device=membrane}","{Classification=Rare}",0.00101004232345488,1,1.02255766233885,119
"{taxa=Bacteria NA Cyanobacteria NA Chroococcales NA NA}","{Classification=Rare}",0.00115752637953458,1,1.02255766233885,120
"{taxa=Bacteria NA Proteobacteria Deltaproteobacteria Desulfovibrionales NA NA,Sequencing_platform=Hiseq 2500 Rapid}","{Classification=Rare}",0.00107708053076383,1,1.02255766233885,123
"{taxa=Bacteria NA Proteobacteria Deltaproteobacteria Desulfovibrionales NA NA,device=membrane}","{Classification=Rare}",0.00100557310963428,1,1.02255766233885,124
"{taxa=Bacteria NA Proteobacteria Deltaproteobacteria Desulfovibrionales NA NA}","{Classification=Rare}",0.00115752637953458,1,1.02255766233885,125
"{taxa=Bacteria NA Actinobacteria Actinobacteria Corynebacteriales Mycobacteriaceae Mycobacterium,Sequencing_platform=Hiseq 2500 Rapid}","{Classification=Rare}",0.0011173034551492,1,1.02255766233885,128
"{taxa=Bacteria NA Actinobacteria Actinobacteria Corynebacteriales Mycobacteriaceae Mycobacterium,device=membrane}","{Classification=Rare}",0.00102791917873727,1,1.02255766233885,129
"{taxa=Bacteria NA Actinobacteria Actinobacteria Corynebacteriales Mycobacteriaceae Mycobacterium}","{Classification=Rare}",0.00116199559335517,1,1.02255766233885,130
"{taxa=Bacteria NA Planctomycetes Planctomycetia Planctomycetales Planctomycetaceae Pirellula}","{Classification=Rare}",0.00116646480717577,1,1.02255766233885,133
"{taxa=Eukaryota Bacillariophyta Bacillariophyta Fragilariophyceae NA NA NA,device=membrane}","{Classification=Rare}",0.00100557310963428,0.974025974025974,0.995997723057321,134
"{taxa=Eukaryota Bacillariophyta Bacillariophyta Fragilariophyceae NA NA NA}","{Classification=Rare}",0.00114411873807279,0.977099236641221,0.999140311292921,135
"{taxa=Bacteria NA Proteobacteria Deltaproteobacteria Syntrophobacterales NA NA,Sequencing_platform=Hiseq 2500 Rapid}","{Classification=Rare}",0.00105920367548145,1,1.02255766233885,137
"{taxa=Bacteria NA Proteobacteria Deltaproteobacteria Syntrophobacterales NA NA,device=membrane}","{Classification=Rare}",0.00101004232345488,1,1.02255766233885,138
"{taxa=Bacteria NA Proteobacteria Deltaproteobacteria Syntrophobacterales NA NA}","{Classification=Rare}",0.00117093402099637,1,1.02255766233885,139
"{taxa=Bacteria NA Proteobacteria Gammaproteobacteria Arenicellales Arenicellaceae Arenicella,Sequencing_platform=Hiseq 2500 Rapid}","{Classification=Rare}",0.00105473446166085,1,1.02255766233885,142
"{taxa=Bacteria NA Proteobacteria Gammaproteobacteria Arenicellales Arenicellaceae Arenicella,device=membrane}","{Classification=Rare}",0.00104579603401966,1,1.02255766233885,143
"{taxa=Bacteria NA Proteobacteria Gammaproteobacteria Arenicellales Arenicellaceae Arenicella}","{Classification=Rare}",0.00117540323481696,1,1.02255766233885,144
"{taxa=Bacteria NA Proteobacteria Alphaproteobacteria Rickettsiales Rickettsiaceae Candidatus_Cryptoprodotis,Sequencing_platform=Hiseq 2500 Rapid}","{Classification=Rare}",0.0011173034551492,1,1.02255766233885,147
"{taxa=Bacteria NA Proteobacteria Alphaproteobacteria Rickettsiales Rickettsiaceae Candidatus_Cryptoprodotis}","{Classification=Rare}",0.00117987244863756,1,1.02255766233885,148
"{taxa=Bacteria NA Firmicutes Bacilli Bacillales Staphylococcaceae Staphylococcus,device=membrane,Sequencing_platform=Hiseq 2500 Rapid}","{Classification=Rare}",0.00101451153727548,1,1.02255766233885,150
"{taxa=Bacteria NA Firmicutes Bacilli Bacillales Staphylococcaceae Staphylococcus,Sequencing_platform=Hiseq 2500 Rapid}","{Classification=Rare}",0.00114858795189338,1,1.02255766233885,151
"{taxa=Bacteria NA Firmicutes Bacilli Bacillales Staphylococcaceae Staphylococcus,device=membrane}","{Classification=Rare}",0.00105026524784025,1,1.02255766233885,153
"{taxa=Bacteria NA Firmicutes Bacilli Bacillales Staphylococcaceae Staphylococcus}","{Classification=Rare}",0.00118434166245816,1,1.02255766233885,154
"{taxa=Eukaryota Bacillariophyta Bacillariophyta Mediophyceae NA NA NA,device=membrane}","{Classification=Rare}",0.00101004232345488,0.978354978354978,1.00042437960424,157
"{taxa=Eukaryota Bacillariophyta Bacillariophyta Mediophyceae NA NA NA}","{Classification=Rare}",0.00116646480717577,0.981203007518797,1.00333665364827,158
"{taxa=Bacteria NA Tenericutes Mollicutes NA NA NA,Sequencing_platform=Hiseq 2500 Rapid}","{Classification=Rare}",0.00114411873807279,1,1.02255766233885,160
"{taxa=Bacteria NA Tenericutes Mollicutes NA NA NA,device=membrane}","{Classification=Rare}",0.00101898075109607,1,1.02255766233885,161
"{taxa=Bacteria NA Tenericutes Mollicutes NA NA NA}","{Classification=Rare}",0.00118881087627875,1,1.02255766233885,162
"{taxa=Archaea NA Euryarchaeota NA NA NA NA}","{Classification=Rare}",0.00117540323481696,0.988721804511278,1.0110250571245,165
"{taxa=Bacteria NA Chloroflexi Anaerolineae Anaerolineales NA NA,device=membrane}","{Classification=Rare}",0.00106367288930204,1,1.02255766233885,166
"{taxa=Bacteria NA Chloroflexi Anaerolineae Anaerolineales NA NA}","{Classification=Rare}",0.00119328009009935,1,1.02255766233885,167
"{taxa=Bacteria NA Bacteroidetes Bacteroidia Bacteroidales Rikenellaceae Alistipes,Sequencing_platform=Hiseq 2500 Rapid}","{Classification=Rare}",0.00117093402099637,1,1.02255766233885,169
"{taxa=Bacteria NA Bacteroidetes Bacteroidia Bacteroidales Rikenellaceae Alistipes,device=membrane}","{Classification=Rare}",0.00100110389581369,1,1.02255766233885,170
"{taxa=Bacteria NA Bacteroidetes Bacteroidia Bacteroidales Rikenellaceae Alistipes}","{Classification=Rare}",0.00119328009009935,1,1.02255766233885,171
"{taxa=Bacteria NA Bacteroidetes Flavobacteriia Flavobacteriales Flavobacteriaceae Eudoraea,Sequencing_platform=Hiseq 2500 Rapid}","{Classification=Rare}",0.00118434166245816,1,1.02255766233885,174
"{taxa=Bacteria NA Bacteroidetes Flavobacteriia Flavobacteriales Flavobacteriaceae Eudoraea,device=membrane}","{Classification=Rare}",0.00101004232345488,1,1.02255766233885,175
"{taxa=Bacteria NA Bacteroidetes Flavobacteriia Flavobacteriales Flavobacteriaceae Eudoraea}","{Classification=Rare}",0.00120221851774054,1,1.02255766233885,176
"{taxa=Bacteria NA Proteobacteria Alphaproteobacteria Rhodospirillales Geminicoccaceae NA,device=membrane}","{Classification=Rare}",0.00110836502750801,1,1.02255766233885,179
"{taxa=Bacteria NA Proteobacteria Alphaproteobacteria Rhodospirillales Geminicoccaceae NA}","{Classification=Rare}",0.00120668773156114,1,1.02255766233885,180
"{taxa=Bacteria NA Spirochaetes Spirochaetia Spirochaetales NA NA,device=membrane,Sequencing_platform=Hiseq 2500 Rapid}","{Classification=Rare}",0.00100557310963428,1,1.02255766233885,182
"{taxa=Bacteria NA Spirochaetes Spirochaetia Spirochaetales NA NA,Sequencing_platform=Hiseq 2500 Rapid}","{Classification=Rare}",0.00117540323481696,1,1.02255766233885,183
"{taxa=Bacteria NA Spirochaetes Spirochaetia Spirochaetales NA NA,device=membrane}","{Classification=Rare}",0.00103238839255787,1,1.02255766233885,185
"{taxa=Bacteria NA Spirochaetes Spirochaetia Spirochaetales NA NA}","{Classification=Rare}",0.00120668773156114,1,1.02255766233885,186
"{taxa=Eukaryota Haptophyta Haptista Haptophyta Prymnesiales Chrysochromulinaceae Chrysochromulina}","{Classification=Rare}",0.00120221851774054,0.992619926199262,1.01501111132528,189
"{taxa=Bacteria NA Proteobacteria Gammaproteobacteria Arenicellales NA NA,device=membrane,Sequencing_platform=Hiseq 2500 Rapid}","{Classification=Rare}",0.00101898075109607,1,1.02255766233885,191
"{taxa=Bacteria NA Proteobacteria Gammaproteobacteria Arenicellales NA NA,Sequencing_platform=Hiseq 2500 Rapid}","{Classification=Rare}",0.00118434166245816,1,1.02255766233885,192
"{taxa=Bacteria NA Proteobacteria Gammaproteobacteria Arenicellales NA NA,device=membrane}","{Classification=Rare}",0.00105026524784025,1,1.02255766233885,194
"{taxa=Bacteria NA Proteobacteria Gammaproteobacteria Arenicellales NA NA}","{Classification=Rare}",0.00121562615920233,1,1.02255766233885,195
"{taxa=Bacteria NA Elusimicrobia Elusimicrobia NA NA NA,Sequencing_platform=Hiseq 2500 Rapid}","{Classification=Rare}",0.00118434166245816,1,1.02255766233885,198
"{taxa=Bacteria NA Elusimicrobia Elusimicrobia NA NA NA,device=membrane}","{Classification=Rare}",0.00100557310963428,1,1.02255766233885,199
"{taxa=Bacteria NA Elusimicrobia Elusimicrobia NA NA NA}","{Classification=Rare}",0.00122009537302293,1,1.02255766233885,200
"{taxa=Bacteria NA Proteobacteria Alphaproteobacteria Kordiimonadales Kordiimonadaceae Kordiimonas,Sequencing_platform=Hiseq 2500 Rapid}","{Classification=Rare}",0.00114858795189338,1,1.02255766233885,203
"{taxa=Bacteria NA Proteobacteria Alphaproteobacteria Kordiimonadales Kordiimonadaceae Kordiimonas,device=membrane}","{Classification=Rare}",0.00103685760637846,1,1.02255766233885,204
"{taxa=Bacteria NA Proteobacteria Alphaproteobacteria Kordiimonadales Kordiimonadaceae Kordiimonas}","{Classification=Rare}",0.00122009537302293,1,1.02255766233885,205
"{taxa=Bacteria NA Proteobacteria Alphaproteobacteria Rhizobiales Bradyrhizobiaceae Bradyrhizobium,Sequencing_platform=Hiseq 2500 Rapid}","{Classification=Rare}",0.00109942659986682,1,1.02255766233885,208
"{taxa=Bacteria NA Proteobacteria Alphaproteobacteria Rhizobiales Bradyrhizobiaceae Bradyrhizobium,device=membrane}","{Classification=Rare}",0.00106814210312264,1,1.02255766233885,209
"{taxa=Bacteria NA Proteobacteria Alphaproteobacteria Rhizobiales Bradyrhizobiaceae Bradyrhizobium}","{Classification=Rare}",0.00122456458684353,1,1.02255766233885,210
"{taxa=Bacteria NA Proteobacteria Alphaproteobacteria Rhodospirillales Acetobacteraceae NA,Sequencing_platform=Hiseq 2500 Rapid}","{Classification=Rare}",0.00104579603401966,1,1.02255766233885,213
"{taxa=Bacteria NA Proteobacteria Alphaproteobacteria Rhodospirillales Acetobacteraceae NA,device=membrane}","{Classification=Rare}",0.00110389581368741,1,1.02255766233885,214
"{taxa=Bacteria NA Proteobacteria Alphaproteobacteria Rhodospirillales Acetobacteraceae NA}","{Classification=Rare}",0.00122903380066413,1,1.02255766233885,215
"{taxa=Bacteria NA Bacteroidetes Cytophagia Cytophagales Flammeovirgaceae NA,device=membrane,Sequencing_platform=Hiseq 2500 Rapid}","{Classification=Rare}",0.00105026524784025,1,1.02255766233885,218
"{taxa=Bacteria NA Bacteroidetes Cytophagia Cytophagales Flammeovirgaceae NA,Sequencing_platform=Hiseq 2500 Rapid}","{Classification=Rare}",0.00120221851774054,1,1.02255766233885,219
"{taxa=Bacteria NA Bacteroidetes Cytophagia Cytophagales Flammeovirgaceae NA,device=membrane}","{Classification=Rare}",0.00107708053076383,1,1.02255766233885,221
"{taxa=Bacteria NA Bacteroidetes Cytophagia Cytophagales Flammeovirgaceae NA}","{Classification=Rare}",0.00122903380066413,1,1.02255766233885,222
"{taxa=Bacteria NA Proteobacteria Gammaproteobacteria Xanthomonadales NA NA,device=membrane,Sequencing_platform=Hiseq 2500 Rapid}","{Classification=Rare}",0.00106367288930204,1,1.02255766233885,225
"{taxa=Bacteria NA Proteobacteria Gammaproteobacteria Xanthomonadales NA NA,Sequencing_platform=Hiseq 2500 Rapid}","{Classification=Rare}",0.00121115694538174,1,1.02255766233885,226
"{taxa=Bacteria NA Proteobacteria Gammaproteobacteria Xanthomonadales NA NA,device=membrane}","{Classification=Rare}",0.00109048817222562,1,1.02255766233885,228
"{taxa=Bacteria NA Proteobacteria Gammaproteobacteria Xanthomonadales NA NA}","{Classification=Rare}",0.00123797222830532,1,1.02255766233885,229
"{taxa=Eukaryota Bacillariophyta Bacillariophyta Coscinodiscophyceae Coscinodiscales Hemidiscaceae Hemidiscus,device=membrane}","{Classification=Rare}",0.00109942659986682,0.991935483870968,1.01431122957805,232
"{taxa=Eukaryota Bacillariophyta Bacillariophyta Coscinodiscophyceae Coscinodiscales Hemidiscaceae Hemidiscus}","{Classification=Rare}",0.00123350301448472,0.992805755395683,1.01520113239397,233
"{taxa=Bacteria NA Candidatus_Kaiserbacteria NA NA NA NA,Sequencing_platform=Hiseq 2500 Rapid}","{Classification=Rare}",0.00114858795189338,1,1.02255766233885,235
"{taxa=Bacteria NA Candidatus_Kaiserbacteria NA NA NA NA,device=membrane}","{Classification=Rare}",0.00101004232345488,1,1.02255766233885,236
"{taxa=Bacteria NA Candidatus_Kaiserbacteria NA NA NA NA}","{Classification=Rare}",0.00124244144212592,1,1.02255766233885,237
"{taxa=Bacteria NA Bacteroidetes Cytophagia Cytophagales Amoebophilaceae NA,device=membrane,Sequencing_platform=Hiseq 2500 Rapid}","{Classification=Rare}",0.00104132682019906,1,1.02255766233885,240
"{taxa=Bacteria NA Bacteroidetes Cytophagia Cytophagales Amoebophilaceae NA,Sequencing_platform=Hiseq 2500 Rapid}","{Classification=Rare}",0.00119774930391995,1,1.02255766233885,241
"{taxa=Bacteria NA Bacteroidetes Cytophagia Cytophagales Amoebophilaceae NA,device=membrane}","{Classification=Rare}",0.00108154974458443,1,1.02255766233885,243
"{taxa=Bacteria NA Bacteroidetes Cytophagia Cytophagales Amoebophilaceae NA}","{Classification=Rare}",0.00124244144212592,1,1.02255766233885,244
"{taxa=Bacteria NA Balneolaeota Balneolia NA NA NA,Sequencing_platform=Hiseq 2500 Rapid}","{Classification=Rare}",0.0011173034551492,1,1.02255766233885,247
"{taxa=Bacteria NA Balneolaeota Balneolia NA NA NA,device=membrane}","{Classification=Rare}",0.00104579603401966,1,1.02255766233885,248
"{taxa=Bacteria NA Balneolaeota Balneolia NA NA NA}","{Classification=Rare}",0.00124244144212592,1,1.02255766233885,249
"{taxa=Bacteria NA Proteobacteria Deltaproteobacteria Desulfobacterales Desulfobulbaceae Desulfotalea,device=membrane,Sequencing_platform=Hiseq 2500 Rapid}","{Classification=Rare}",0.00101004232345488,1,1.02255766233885,252
"{taxa=Bacteria NA Proteobacteria Deltaproteobacteria Desulfobacterales Desulfobulbaceae Desulfotalea,Sequencing_platform=Hiseq 2500 Rapid}","{Classification=Rare}",0.00121562615920233,1,1.02255766233885,253
"{taxa=Bacteria NA Proteobacteria Deltaproteobacteria Desulfobacterales Desulfobulbaceae Desulfotalea,device=membrane}","{Classification=Rare}",0.00103685760637846,1,1.02255766233885,255
"{taxa=Bacteria NA Proteobacteria Deltaproteobacteria Desulfobacterales Desulfobulbaceae Desulfotalea}","{Classification=Rare}",0.00124691065594651,1,1.02255766233885,256
"{taxa=Bacteria NA Bacteroidetes Cytophagia NA NA NA,device=membrane,Sequencing_platform=Hiseq 2500 Rapid}","{Classification=Rare}",0.00103238839255787,1,1.02255766233885,259
"{taxa=Bacteria NA Bacteroidetes Cytophagia NA NA NA,Sequencing_platform=Hiseq 2500 Rapid}","{Classification=Rare}",0.00121115694538174,1,1.02255766233885,260
"{taxa=Bacteria NA Bacteroidetes Cytophagia NA NA NA,device=membrane}","{Classification=Rare}",0.00106814210312264,1,1.02255766233885,262
"{taxa=Bacteria NA Bacteroidetes Cytophagia NA NA NA}","{Classification=Rare}",0.00124691065594651,1,1.02255766233885,263
"{taxa=Bacteria NA Proteobacteria Gammaproteobacteria Oceanospirillales Alcanivoracaceae Alcanivorax,Sequencing_platform=Hiseq 2500 Rapid}","{Classification=Rare}",0.00103685760637846,1,1.02255766233885,266
"{taxa=Bacteria NA Proteobacteria Gammaproteobacteria Oceanospirillales Alcanivoracaceae Alcanivorax,device=membrane}","{Classification=Rare}",0.00105473446166085,1,1.02255766233885,267
"{taxa=Bacteria NA Proteobacteria Gammaproteobacteria Oceanospirillales Alcanivoracaceae Alcanivorax}","{Classification=Rare}",0.00125137986976711,1,1.02255766233885,268
"{taxa=Bacteria NA Cyanobacteria NA Oscillatoriales NA NA,device=membrane,Sequencing_platform=Hiseq 2500 Rapid}","{Classification=Rare}",0.00103238839255787,1,1.02255766233885,271
"{taxa=Bacteria NA Cyanobacteria NA Oscillatoriales NA NA,Sequencing_platform=Hiseq 2500 Rapid}","{Classification=Rare}",0.00122903380066413,1,1.02255766233885,272
"{taxa=Bacteria NA Cyanobacteria NA Oscillatoriales NA NA,device=membrane}","{Classification=Rare}",0.00106367288930204,1,1.02255766233885,274
"{taxa=Bacteria NA Cyanobacteria NA Oscillatoriales NA NA}","{Classification=Rare}",0.0012603182974083,1,1.02255766233885,275
"{taxa=Bacteria NA Bacteroidetes Saprospiria Saprospirales Saprospiraceae Rubidimonas,device=membrane,Sequencing_platform=Hiseq 2500 Rapid}","{Classification=Rare}",0.00104132682019906,1,1.02255766233885,278
"{taxa=Bacteria NA Bacteroidetes Saprospiria Saprospirales Saprospiraceae Rubidimonas,Sequencing_platform=Hiseq 2500 Rapid}","{Classification=Rare}",0.00124244144212592,1,1.02255766233885,279
"{taxa=Bacteria NA Bacteroidetes Saprospiria Saprospirales Saprospiraceae Rubidimonas,device=membrane}","{Classification=Rare}",0.00105920367548145,1,1.02255766233885,281
"{taxa=Bacteria NA Bacteroidetes Saprospiria Saprospirales Saprospiraceae Rubidimonas}","{Classification=Rare}",0.0012603182974083,1,1.02255766233885,282
"{taxa=Bacteria NA Planctomycetes Planctomycetia NA NA NA,Sequencing_platform=Hiseq 2500 Rapid}","{Classification=Rare}",0.00101451153727548,1,1.02255766233885,285
"{taxa=Bacteria NA Planctomycetes Planctomycetia NA NA NA,device=membrane}","{Classification=Rare}",0.001130711096611,1,1.02255766233885,286
"{taxa=Bacteria NA Planctomycetes Planctomycetia NA NA NA}","{Classification=Rare}",0.0012647875112289,1,1.02255766233885,287
"{taxa=Bacteria NA Proteobacteria Deltaproteobacteria Desulfobacterales Desulfobacteraceae Desulfatiglans,device=membrane}","{Classification=Rare}",0.00110389581368741,1,1.02255766233885,290
"{taxa=Bacteria NA Proteobacteria Deltaproteobacteria Desulfobacterales Desulfobacteraceae Desulfatiglans}","{Classification=Rare}",0.00127372593887009,1,1.02255766233885,291
"{taxa=Bacteria NA Candidatus_Peregrinibacteria Candidatus_Peribacteria NA NA NA,device=membrane}","{Classification=Rare}",0.00102344996491667,1,1.02255766233885,293
"{taxa=Bacteria NA Candidatus_Peregrinibacteria Candidatus_Peribacteria NA NA NA}","{Classification=Rare}",0.00127372593887009,1,1.02255766233885,294
"{taxa=Bacteria NA Acidobacteria Acidobacteriia Acidobacteriales NA NA,device=membrane,Sequencing_platform=Hiseq 2500 Rapid}","{Classification=Rare}",0.00105473446166085,1,1.02255766233885,296
"{taxa=Bacteria NA Acidobacteria Acidobacteriia Acidobacteriales NA NA,Sequencing_platform=Hiseq 2500 Rapid}","{Classification=Rare}",0.00121562615920233,1,1.02255766233885,297
"{taxa=Bacteria NA Acidobacteria Acidobacteriia Acidobacteriales NA NA,device=membrane}","{Classification=Rare}",0.00110836502750801,1,1.02255766233885,299
"{taxa=Bacteria NA Acidobacteria Acidobacteriia Acidobacteriales NA NA}","{Classification=Rare}",0.00127819515269069,1,1.02255766233885,300
"{taxa=Bacteria NA Proteobacteria Alphaproteobacteria Rhodobacterales Hyphomonadaceae Litorimonas,device=membrane}","{Classification=Rare}",0.001130711096611,1,1.02255766233885,303
"{taxa=Bacteria NA Proteobacteria Alphaproteobacteria Rhodobacterales Hyphomonadaceae Litorimonas}","{Classification=Rare}",0.00127819515269069,1,1.02255766233885,304
"{taxa=Bacteria NA Bacteroidetes Saprospiria Saprospirales Haliscomenobacteraceae Portibacter,device=membrane,Sequencing_platform=Hiseq 2500 Rapid}","{Classification=Rare}",0.00105920367548145,1,1.02255766233885,306
"{taxa=Bacteria NA Bacteroidetes Saprospiria Saprospirales Haliscomenobacteraceae Portibacter,Sequencing_platform=Hiseq 2500 Rapid}","{Classification=Rare}",0.0012647875112289,1,1.02255766233885,307
"{taxa=Bacteria NA Bacteroidetes Saprospiria Saprospirales Haliscomenobacteraceae Portibacter,device=membrane}","{Classification=Rare}",0.00107708053076383,1,1.02255766233885,309
"{taxa=Bacteria NA Bacteroidetes Saprospiria Saprospirales Haliscomenobacteraceae Portibacter}","{Classification=Rare}",0.00128266436651129,1,1.02255766233885,310
"{taxa=Bacteria NA Bacteroidetes Flavobacteriia Flavobacteriales Cryomorphaceae Owenweeksia,device=membrane,Sequencing_platform=Hiseq 2500 Rapid}","{Classification=Rare}",0.00109942659986682,1,1.02255766233885,313
"{taxa=Bacteria NA Bacteroidetes Flavobacteriia Flavobacteriales Cryomorphaceae Owenweeksia,Sequencing_platform=Hiseq 2500 Rapid}","{Classification=Rare}",0.00124244144212592,1,1.02255766233885,314
"{taxa=Bacteria NA Bacteroidetes Flavobacteriia Flavobacteriales Cryomorphaceae Owenweeksia,device=membrane}","{Classification=Rare}",0.001130711096611,1,1.02255766233885,316
"{taxa=Bacteria NA Bacteroidetes Flavobacteriia Flavobacteriales Cryomorphaceae Owenweeksia}","{Classification=Rare}",0.00128266436651129,1,1.02255766233885,317
"{taxa=Bacteria NA Chloroflexi Anaerolineae NA NA NA,device=membrane,Sequencing_platform=Hiseq 2500 Rapid}","{Classification=Rare}",0.00101451153727548,1,1.02255766233885,320
"{taxa=Bacteria NA Chloroflexi Anaerolineae NA NA NA,Sequencing_platform=Hiseq 2500 Rapid}","{Classification=Rare}",0.00115305716571398,1,1.02255766233885,321
"{taxa=Bacteria NA Chloroflexi Anaerolineae NA NA NA,device=membrane}","{Classification=Rare}",0.001130711096611,1,1.02255766233885,323
"{taxa=Bacteria NA Chloroflexi Anaerolineae NA NA NA}","{Classification=Rare}",0.00128713358033188,1,1.02255766233885,324
"{taxa=Bacteria NA Proteobacteria Gammaproteobacteria Chromatiales Chromatiaceae NA,Sequencing_platform=Hiseq 2500 Rapid}","{Classification=Rare}",0.00102791917873727,1,1.02255766233885,327
"{taxa=Bacteria NA Proteobacteria Gammaproteobacteria Chromatiales Chromatiaceae NA,device=membrane}","{Classification=Rare}",0.00110836502750801,1,1.02255766233885,328
"{taxa=Bacteria NA Proteobacteria Gammaproteobacteria Chromatiales Chromatiaceae NA}","{Classification=Rare}",0.00128713358033188,1,1.02255766233885,329
"{taxa=Bacteria NA Proteobacteria Alphaproteobacteria Rhizobiales Phyllobacteriaceae Pseudahrensia,device=membrane,Sequencing_platform=Hiseq 2500 Rapid}","{Classification=Rare}",0.00108601895840503,1,1.02255766233885,332
"{taxa=Bacteria NA Proteobacteria Alphaproteobacteria Rhizobiales Phyllobacteriaceae Pseudahrensia,Sequencing_platform=Hiseq 2500 Rapid}","{Classification=Rare}",0.0012603182974083,1,1.02255766233885,333
"{taxa=Bacteria NA Proteobacteria Alphaproteobacteria Rhizobiales Phyllobacteriaceae Pseudahrensia,device=membrane}","{Classification=Rare}",0.00111283424132861,1,1.02255766233885,335
"{taxa=Bacteria NA Proteobacteria Alphaproteobacteria Rhizobiales Phyllobacteriaceae Pseudahrensia}","{Classification=Rare}",0.00129160279415248,1,1.02255766233885,336
"{taxa=Bacteria NA Bacteroidetes Bacteroidia Marinilabiliales Prolixibacteraceae Draconibacterium,device=membrane,Sequencing_platform=Hiseq 2500 Rapid}","{Classification=Rare}",0.00107708053076383,1,1.02255766233885,339
"{taxa=Bacteria NA Bacteroidetes Bacteroidia Marinilabiliales Prolixibacteraceae Draconibacterium,Sequencing_platform=Hiseq 2500 Rapid}","{Classification=Rare}",0.0012692567250495,1,1.02255766233885,340
"{taxa=Bacteria NA Bacteroidetes Bacteroidia Marinilabiliales Prolixibacteraceae Draconibacterium,device=membrane}","{Classification=Rare}",0.00110389581368741,1,1.02255766233885,342
"{taxa=Bacteria NA Bacteroidetes Bacteroidia Marinilabiliales Prolixibacteraceae Draconibacterium}","{Classification=Rare}",0.00129607200797308,1,1.02255766233885,343
"{taxa=Bacteria NA Chlamydiae Chlamydiia Chlamydiales NA NA,device=membrane,Sequencing_platform=Hiseq 2500 Rapid}","{Classification=Rare}",0.00105026524784025,1,1.02255766233885,346
"{taxa=Bacteria NA Chlamydiae Chlamydiia Chlamydiales NA NA,Sequencing_platform=Hiseq 2500 Rapid}","{Classification=Rare}",0.00125584908358771,1,1.02255766233885,347
"{taxa=Bacteria NA Chlamydiae Chlamydiia Chlamydiales NA NA,device=membrane}","{Classification=Rare}",0.00109048817222562,1,1.02255766233885,349
"{taxa=Bacteria NA Chlamydiae Chlamydiia Chlamydiales NA NA}","{Classification=Rare}",0.00129607200797308,1,1.02255766233885,350
"{taxa=Bacteria NA Balneolaeota NA NA NA NA,Sequencing_platform=Hiseq 2500 Rapid}","{Classification=Rare}",0.00111283424132861,1,1.02255766233885,353
"{taxa=Bacteria NA Balneolaeota NA NA NA NA,device=membrane}","{Classification=Rare}",0.00109495738604622,1,1.02255766233885,354
"{taxa=Bacteria NA Balneolaeota NA NA NA NA}","{Classification=Rare}",0.00129607200797308,1,1.02255766233885,355
"{taxa=Bacteria NA Firmicutes Clostridia Clostridiales Lachnospiraceae NA,device=membrane,Sequencing_platform=Hiseq 2500 Rapid}","{Classification=Rare}",0.00104579603401966,1,1.02255766233885,358
"{taxa=Bacteria NA Firmicutes Clostridia Clostridiales Lachnospiraceae NA,Sequencing_platform=Hiseq 2500 Rapid}","{Classification=Rare}",0.00124691065594651,1,1.02255766233885,359
"{taxa=Bacteria NA Firmicutes Clostridia Clostridiales Lachnospiraceae NA,device=membrane}","{Classification=Rare}",0.00109495738604622,1,1.02255766233885,361
"{taxa=Bacteria NA Firmicutes Clostridia Clostridiales Lachnospiraceae NA}","{Classification=Rare}",0.00130054122179367,1,1.02255766233885,362
"{taxa=Bacteria NA Firmicutes Bacilli Bacillales NA NA,device=membrane,Sequencing_platform=Hiseq 2500 Rapid}","{Classification=Rare}",0.00106367288930204,1,1.02255766233885,365
"{taxa=Bacteria NA Firmicutes Bacilli Bacillales NA NA,Sequencing_platform=Hiseq 2500 Rapid}","{Classification=Rare}",0.00124691065594651,1,1.02255766233885,366
"{taxa=Bacteria NA Firmicutes Bacilli Bacillales NA NA,device=membrane}","{Classification=Rare}",0.0011173034551492,1,1.02255766233885,368
"{taxa=Bacteria NA Firmicutes Bacilli Bacillales NA NA}","{Classification=Rare}",0.00130054122179367,1,1.02255766233885,369
"{taxa=Bacteria NA Firmicutes Clostridia Clostridiales Ruminococcaceae NA,device=membrane,Sequencing_platform=Hiseq 2500 Rapid}","{Classification=Rare}",0.00108154974458443,1,1.02255766233885,372
"{taxa=Bacteria NA Firmicutes Clostridia Clostridiales Ruminococcaceae NA,Sequencing_platform=Hiseq 2500 Rapid}","{Classification=Rare}",0.0012647875112289,1,1.02255766233885,373
"{taxa=Bacteria NA Firmicutes Clostridia Clostridiales Ruminococcaceae NA,device=membrane}","{Classification=Rare}",0.0011173034551492,1,1.02255766233885,375
"{taxa=Bacteria NA Firmicutes Clostridia Clostridiales Ruminococcaceae NA}","{Classification=Rare}",0.00130501043561427,1,1.02255766233885,376
"{taxa=Eukaryota Bacillariophyta Bacillariophyta Coscinodiscophyceae Rhizosoleniales Rhizosoleniaceae NA,device=membrane}","{Classification=Rare}",0.00113518031043159,0.9921875,1.01456893060183,379
"{taxa=Eukaryota Bacillariophyta Bacillariophyta Coscinodiscophyceae Rhizosoleniales Rhizosoleniaceae NA}","{Classification=Rare}",0.00129607200797308,0.993150684931507,1.01555384273379,380
"{taxa=Eukaryota Bacillariophyta Bacillariophyta Bacillariophyceae Bacillariales Bacillariaceae NA,device=membrane}","{Classification=Rare}",0.00110389581368741,0.976284584980237,0.998307282994845,382
"{taxa=Eukaryota Bacillariophyta Bacillariophyta Bacillariophyceae Bacillariales Bacillariaceae NA}","{Classification=Rare}",0.00128266436651129,0.979522184300341,1.0016179149872,383
"{taxa=Bacteria NA Fusobacteria Fusobacteriia Fusobacteriales Fusobacteriaceae Propionigenium,device=membrane,Sequencing_platform=Hiseq 2500 Rapid}","{Classification=Rare}",0.00108154974458443,1,1.02255766233885,385
"{taxa=Bacteria NA Fusobacteria Fusobacteriia Fusobacteriales Fusobacteriaceae Propionigenium,Sequencing_platform=Hiseq 2500 Rapid}","{Classification=Rare}",0.00127819515269069,1,1.02255766233885,386
"{taxa=Bacteria NA Fusobacteria Fusobacteriia Fusobacteriales Fusobacteriaceae Propionigenium,device=membrane}","{Classification=Rare}",0.0011217726689698,1,1.02255766233885,388
"{taxa=Bacteria NA Fusobacteria Fusobacteriia Fusobacteriales Fusobacteriaceae Propionigenium}","{Classification=Rare}",0.00131841807707606,1,1.02255766233885,389
"{taxa=Bacteria NA Proteobacteria Alphaproteobacteria Rhizobiales NA Methyloceanibacter,device=membrane,Sequencing_platform=Hiseq 2500 Rapid}","{Classification=Rare}",0.00109942659986682,1,1.02255766233885,392
"{taxa=Bacteria NA Proteobacteria Alphaproteobacteria Rhizobiales NA Methyloceanibacter,Sequencing_platform=Hiseq 2500 Rapid}","{Classification=Rare}",0.00129607200797308,1,1.02255766233885,393
"{taxa=Bacteria NA Proteobacteria Alphaproteobacteria Rhizobiales NA Methyloceanibacter,device=membrane}","{Classification=Rare}",0.0011217726689698,1,1.02255766233885,395
"{taxa=Bacteria NA Proteobacteria Alphaproteobacteria Rhizobiales NA Methyloceanibacter}","{Classification=Rare}",0.00131841807707606,1,1.02255766233885,396
"{taxa=Bacteria NA Proteobacteria Deltaproteobacteria Desulfarculales NA NA,device=membrane,Sequencing_platform=Hiseq 2500 Rapid}","{Classification=Rare}",0.00109495738604622,1,1.02255766233885,399
"{taxa=Bacteria NA Proteobacteria Deltaproteobacteria Desulfarculales NA NA,Sequencing_platform=Hiseq 2500 Rapid}","{Classification=Rare}",0.00125584908358771,1,1.02255766233885,400
"{taxa=Bacteria NA Proteobacteria Deltaproteobacteria Desulfarculales NA NA,device=membrane}","{Classification=Rare}",0.00115305716571398,1,1.02255766233885,402
"{taxa=Bacteria NA Proteobacteria Deltaproteobacteria Desulfarculales NA NA}","{Classification=Rare}",0.00132288729089666,1,1.02255766233885,403
"{taxa=Bacteria NA Bacteroidetes Flavobacteriia Flavobacteriales Flavobacteriaceae Flavobacterium,device=membrane,Sequencing_platform=Hiseq 2500 Rapid}","{Classification=Rare}",0.00107708053076383,1,1.02255766233885,406
"{taxa=Bacteria NA Bacteroidetes Flavobacteriia Flavobacteriales Flavobacteriaceae Flavobacterium,Sequencing_platform=Hiseq 2500 Rapid}","{Classification=Rare}",0.0012647875112289,1,1.02255766233885,407
"{taxa=Bacteria NA Bacteroidetes Flavobacteriia Flavobacteriales Flavobacteriaceae Flavobacterium,device=membrane}","{Classification=Rare}",0.001130711096611,1,1.02255766233885,409
"{taxa=Bacteria NA Bacteroidetes Flavobacteriia Flavobacteriales Flavobacteriaceae Flavobacterium}","{Classification=Rare}",0.00132288729089666,1,1.02255766233885,410
"{taxa=Eukaryota Bacillariophyta Bacillariophyta Coscinodiscophyceae Thalassiosirales Thalassiosiraceae NA,device=membrane}","{Classification=Rare}",0.00114858795189338,0.992277992277992,1.01466146417407,413
"{taxa=Eukaryota Bacillariophyta Bacillariophyta Coscinodiscophyceae Thalassiosirales Thalassiosiraceae NA}","{Classification=Rare}",0.00132288729089666,0.993288590604027,1.0156948592359,414
"{taxa=Bacteria NA Nitrospinae Nitrospinia Nitrospinales NA NA,device=membrane,Sequencing_platform=Hiseq 2500 Rapid}","{Classification=Rare}",0.00108154974458443,1,1.02255766233885,416
"{taxa=Bacteria NA Nitrospinae Nitrospinia Nitrospinales NA NA,Sequencing_platform=Hiseq 2500 Rapid}","{Classification=Rare}",0.00128713358033188,1,1.02255766233885,417
"{taxa=Bacteria NA Nitrospinae Nitrospinia Nitrospinales NA NA,device=membrane}","{Classification=Rare}",0.0011173034551492,1,1.02255766233885,419
"{taxa=Bacteria NA Nitrospinae Nitrospinia Nitrospinales NA NA}","{Classification=Rare}",0.00133629493235845,1,1.02255766233885,420
"{taxa=Bacteria NA Verrucomicrobia Verrucomicrobiae Verrucomicrobiales Verrucomicrobiaceae Persicirhabdus,Sequencing_platform=Hiseq 2500 Rapid}","{Classification=Rare}",0.00102344996491667,1,1.02255766233885,423
"{taxa=Bacteria NA Verrucomicrobia Verrucomicrobiae Verrucomicrobiales Verrucomicrobiaceae Persicirhabdus,device=membrane}","{Classification=Rare}",0.00117093402099637,1,1.02255766233885,424
"{taxa=Bacteria NA Verrucomicrobia Verrucomicrobiae Verrucomicrobiales Verrucomicrobiaceae Persicirhabdus}","{Classification=Rare}",0.00134076414617905,1,1.02255766233885,425
"{taxa=Eukaryota Bacillariophyta Bacillariophyta Coscinodiscophyceae Rhizosoleniales Rhizosoleniaceae Guinardia,Sequencing_platform=Hiseq 2500 Rapid}","{Classification=Rare}",0.00101004232345488,1,1.02255766233885,428
"{taxa=Eukaryota Bacillariophyta Bacillariophyta Coscinodiscophyceae Rhizosoleniales Rhizosoleniaceae Guinardia,device=membrane}","{Classification=Rare}",0.00114858795189338,1,1.02255766233885,429
"{taxa=Eukaryota Bacillariophyta Bacillariophyta Coscinodiscophyceae Rhizosoleniales Rhizosoleniaceae Guinardia}","{Classification=Rare}",0.00134523335999964,1,1.02255766233885,430
"{taxa=Bacteria NA Candidatus_Omnitrophica NA NA NA NA,device=membrane,Sequencing_platform=Hiseq 2500 Rapid}","{Classification=Rare}",0.00109942659986682,1,1.02255766233885,433
"{taxa=Bacteria NA Candidatus_Omnitrophica NA NA NA NA,Sequencing_platform=Hiseq 2500 Rapid}","{Classification=Rare}",0.00130501043561427,1,1.02255766233885,434
"{taxa=Bacteria NA Candidatus_Omnitrophica NA NA NA NA,device=membrane}","{Classification=Rare}",0.00113518031043159,1,1.02255766233885,436
"{taxa=Bacteria NA Candidatus_Omnitrophica NA NA NA NA}","{Classification=Rare}",0.00134523335999964,1,1.02255766233885,437
"{taxa=Bacteria NA Proteobacteria Alphaproteobacteria Rhizobiales Bradyrhizobiaceae NA,device=membrane,Sequencing_platform=Hiseq 2500 Rapid}","{Classification=Rare}",0.0011262418827904,1,1.02255766233885,440
"{taxa=Bacteria NA Proteobacteria Alphaproteobacteria Rhizobiales Bradyrhizobiaceae NA,Sequencing_platform=Hiseq 2500 Rapid}","{Classification=Rare}",0.00130947964943487,1,1.02255766233885,441
"{taxa=Bacteria NA Proteobacteria Alphaproteobacteria Rhizobiales Bradyrhizobiaceae NA,device=membrane}","{Classification=Rare}",0.00116199559335517,1,1.02255766233885,443
"{taxa=Bacteria NA Proteobacteria Alphaproteobacteria Rhizobiales Bradyrhizobiaceae NA}","{Classification=Rare}",0.00134523335999964,1,1.02255766233885,444
"{taxa=Bacteria NA Lentisphaerae Lentisphaeria Lentisphaerales Lentisphaeraceae NA,device=membrane,Sequencing_platform=Hiseq 2500 Rapid}","{Classification=Rare}",0.00107261131694324,1,1.02255766233885,447
"{taxa=Bacteria NA Lentisphaerae Lentisphaeria Lentisphaerales Lentisphaeraceae NA,Sequencing_platform=Hiseq 2500 Rapid}","{Classification=Rare}",0.00127819515269069,1,1.02255766233885,448
"{taxa=Bacteria NA Lentisphaerae Lentisphaeria Lentisphaerales Lentisphaeraceae NA,device=membrane}","{Classification=Rare}",0.00113518031043159,1,1.02255766233885,450
"{taxa=Bacteria NA Lentisphaerae Lentisphaeria Lentisphaerales Lentisphaeraceae NA}","{Classification=Rare}",0.00134523335999964,1,1.02255766233885,451
"{taxa=Bacteria NA Firmicutes Clostridia NA NA NA,device=membrane,Sequencing_platform=Hiseq 2500 Rapid}","{Classification=Rare}",0.00105920367548145,1,1.02255766233885,454
"{taxa=Bacteria NA Firmicutes Clostridia NA NA NA,Sequencing_platform=Hiseq 2500 Rapid}","{Classification=Rare}",0.0012603182974083,1,1.02255766233885,455
"{taxa=Bacteria NA Firmicutes Clostridia NA NA NA,device=membrane}","{Classification=Rare}",0.001130711096611,1,1.02255766233885,457
"{taxa=Bacteria NA Firmicutes Clostridia NA NA NA}","{Classification=Rare}",0.00134523335999964,1,1.02255766233885,458
"{taxa=Bacteria NA Proteobacteria Betaproteobacteria Burkholderiales Oxalobacteraceae NA,device=membrane,Sequencing_platform=Hiseq 2500 Rapid}","{Classification=Rare}",0.00110836502750801,1,1.02255766233885,461
"{taxa=Bacteria NA Proteobacteria Betaproteobacteria Burkholderiales Oxalobacteraceae NA,Sequencing_platform=Hiseq 2500 Rapid}","{Classification=Rare}",0.00130947964943487,1,1.02255766233885,462
"{taxa=Bacteria NA Proteobacteria Betaproteobacteria Burkholderiales Oxalobacteraceae NA,device=membrane}","{Classification=Rare}",0.00114411873807279,1,1.02255766233885,464
"{taxa=Bacteria NA Proteobacteria Betaproteobacteria Burkholderiales Oxalobacteraceae NA}","{Classification=Rare}",0.00134523335999964,1,1.02255766233885,465
"{taxa=Bacteria NA Proteobacteria Deltaproteobacteria Desulfovibrionales Desulfovibrionaceae Desulfovibrio,Sequencing_platform=Hiseq 2500 Rapid}","{Classification=Rare}",0.00115752637953458,1,1.02255766233885,468
"{taxa=Bacteria NA Proteobacteria Deltaproteobacteria Desulfovibrionales Desulfovibrionaceae Desulfovibrio,device=membrane}","{Classification=Rare}",0.00113964952425219,1,1.02255766233885,469
"{taxa=Bacteria NA Proteobacteria Deltaproteobacteria Desulfovibrionales Desulfovibrionaceae Desulfovibrio}","{Classification=Rare}",0.00134970257382024,1,1.02255766233885,470
"{taxa=Bacteria NA Proteobacteria Gammaproteobacteria Alteromonadales Idiomarinaceae Idiomarina,device=membrane,Sequencing_platform=Hiseq 2500 Rapid}","{Classification=Rare}",0.00107261131694324,1,1.02255766233885,473
"{taxa=Bacteria NA Proteobacteria Gammaproteobacteria Alteromonadales Idiomarinaceae Idiomarina,Sequencing_platform=Hiseq 2500 Rapid}","{Classification=Rare}",0.00127372593887009,1,1.02255766233885,474
"{taxa=Bacteria NA Proteobacteria Gammaproteobacteria Alteromonadales Idiomarinaceae Idiomarina,device=membrane}","{Classification=Rare}",0.00113518031043159,1,1.02255766233885,476
"{taxa=Bacteria NA Proteobacteria Gammaproteobacteria Alteromonadales Idiomarinaceae Idiomarina}","{Classification=Rare}",0.00134970257382024,1,1.02255766233885,477
"{taxa=Bacteria NA Ignavibacteriae Ignavibacteria NA NA NA,device=membrane,Sequencing_platform=Hiseq 2500 Rapid}","{Classification=Rare}",0.001130711096611,1,1.02255766233885,480
"{taxa=Bacteria NA Ignavibacteriae Ignavibacteria NA NA NA,Sequencing_platform=Hiseq 2500 Rapid}","{Classification=Rare}",0.00132735650471726,1,1.02255766233885,481
"{taxa=Bacteria NA Ignavibacteriae Ignavibacteria NA NA NA,device=membrane}","{Classification=Rare}",0.00115752637953458,1,1.02255766233885,483
"{taxa=Bacteria NA Ignavibacteriae Ignavibacteria NA NA NA}","{Classification=Rare}",0.00135417178764084,1,1.02255766233885,484
"{taxa=Bacteria NA Lentisphaerae Lentisphaeria Lentisphaerales NA NA,device=membrane,Sequencing_platform=Hiseq 2500 Rapid}","{Classification=Rare}",0.00102791917873727,1,1.02255766233885,487
"{taxa=Bacteria NA Lentisphaerae Lentisphaeria Lentisphaerales NA NA,Sequencing_platform=Hiseq 2500 Rapid}","{Classification=Rare}",0.00122903380066413,1,1.02255766233885,488
"{taxa=Bacteria NA Lentisphaerae Lentisphaeria Lentisphaerales NA NA,device=membrane}","{Classification=Rare}",0.00113518031043159,1,1.02255766233885,490
"{taxa=Bacteria NA Lentisphaerae Lentisphaeria Lentisphaerales NA NA}","{Classification=Rare}",0.00135417178764084,1,1.02255766233885,491
"{taxa=Bacteria NA Bacteroidetes NA Bacteroidetes_Order_II._Incertae_sedis Rhodothermaceae NA,device=membrane,Sequencing_platform=Hiseq 2500 Rapid}","{Classification=Rare}",0.0011173034551492,1,1.02255766233885,494
"{taxa=Bacteria NA Bacteroidetes NA Bacteroidetes_Order_II._Incertae_sedis Rhodothermaceae NA,Sequencing_platform=Hiseq 2500 Rapid}","{Classification=Rare}",0.00131394886325546,1,1.02255766233885,495
"{taxa=Bacteria NA Bacteroidetes NA Bacteroidetes_Order_II._Incertae_sedis Rhodothermaceae NA,device=membrane}","{Classification=Rare}",0.00116199559335517,1,1.02255766233885,497
"{taxa=Bacteria NA Bacteroidetes NA Bacteroidetes_Order_II._Incertae_sedis Rhodothermaceae NA}","{Classification=Rare}",0.00135864100146143,1,1.02255766233885,498
"{taxa=Bacteria NA Cyanobacteria NA Synechococcales Prochloraceae NA,device=membrane,Sequencing_platform=Hiseq 2500 Rapid}","{Classification=Rare}",0.0011262418827904,1,1.02255766233885,501
"{taxa=Bacteria NA Cyanobacteria NA Synechococcales Prochloraceae NA,Sequencing_platform=Hiseq 2500 Rapid}","{Classification=Rare}",0.00133182571853785,1,1.02255766233885,502
"{taxa=Bacteria NA Cyanobacteria NA Synechococcales Prochloraceae NA,device=membrane}","{Classification=Rare}",0.00115305716571398,1,1.02255766233885,504
"{taxa=Bacteria NA Cyanobacteria NA Synechococcales Prochloraceae NA}","{Classification=Rare}",0.00135864100146143,1,1.02255766233885,505
"{taxa=Bacteria NA Spirochaetes Spirochaetia Spirochaetales Spirochaetaceae NA,device=membrane,Sequencing_platform=Hiseq 2500 Rapid}","{Classification=Rare}",0.00111283424132861,1,1.02255766233885,508
"{taxa=Bacteria NA Spirochaetes Spirochaetia Spirochaetales Spirochaetaceae NA,Sequencing_platform=Hiseq 2500 Rapid}","{Classification=Rare}",0.00131394886325546,1,1.02255766233885,509
"{taxa=Bacteria NA Spirochaetes Spirochaetia Spirochaetales Spirochaetaceae NA,device=membrane}","{Classification=Rare}",0.00116199559335517,1,1.02255766233885,511
"{taxa=Bacteria NA Spirochaetes Spirochaetia Spirochaetales Spirochaetaceae NA}","{Classification=Rare}",0.00136311021528203,1,1.02255766233885,512
"{taxa=Bacteria NA Proteobacteria Gammaproteobacteria Oceanospirillales Oleiphilaceae Oleiphilus,device=membrane,Sequencing_platform=Hiseq 2500 Rapid}","{Classification=Rare}",0.0011262418827904,1,1.02255766233885,515
"{taxa=Bacteria NA Proteobacteria Gammaproteobacteria Oceanospirillales Oleiphilaceae Oleiphilus,Sequencing_platform=Hiseq 2500 Rapid}","{Classification=Rare}",0.00131841807707606,1,1.02255766233885,516
"{taxa=Bacteria NA Proteobacteria Gammaproteobacteria Oceanospirillales Oleiphilaceae Oleiphilus,device=membrane}","{Classification=Rare}",0.00117093402099637,1,1.02255766233885,518
"{taxa=Bacteria NA Proteobacteria Gammaproteobacteria Oceanospirillales Oleiphilaceae Oleiphilus}","{Classification=Rare}",0.00136311021528203,1,1.02255766233885,519
"{taxa=Bacteria NA Proteobacteria Alphaproteobacteria Rhizobiales Xanthobacteraceae NA,device=membrane,Sequencing_platform=Hiseq 2500 Rapid}","{Classification=Rare}",0.00105920367548145,1,1.02255766233885,522
"{taxa=Bacteria NA Proteobacteria Alphaproteobacteria Rhizobiales Xanthobacteraceae NA,Sequencing_platform=Hiseq 2500 Rapid}","{Classification=Rare}",0.00120221851774054,1,1.02255766233885,523
"{taxa=Bacteria NA Proteobacteria Alphaproteobacteria Rhizobiales Xanthobacteraceae NA,device=membrane}","{Classification=Rare}",0.00121115694538174,1,1.02255766233885,525
"{taxa=Bacteria NA Proteobacteria Alphaproteobacteria Rhizobiales Xanthobacteraceae NA}","{Classification=Rare}",0.00136757942910263,1,1.02255766233885,526
"{taxa=Bacteria NA Proteobacteria Gammaproteobacteria Alteromonadales Shewanellaceae NA,device=membrane,Sequencing_platform=Hiseq 2500 Rapid}","{Classification=Rare}",0.0011173034551492,1,1.02255766233885,529
"{taxa=Bacteria NA Proteobacteria Gammaproteobacteria Alteromonadales Shewanellaceae NA,Sequencing_platform=Hiseq 2500 Rapid}","{Classification=Rare}",0.00130054122179367,1,1.02255766233885,530
"{taxa=Bacteria NA Proteobacteria Gammaproteobacteria Alteromonadales Shewanellaceae NA,device=membrane}","{Classification=Rare}",0.00117987244863756,1,1.02255766233885,532
"{taxa=Bacteria NA Proteobacteria Gammaproteobacteria Alteromonadales Shewanellaceae NA}","{Classification=Rare}",0.00137204864292322,1,1.02255766233885,533
"{taxa=Bacteria NA Bacteroidetes Flavobacteriia Flavobacteriales Flavobacteriaceae Winogradskyella,device=membrane,Sequencing_platform=Hiseq 2500 Rapid}","{Classification=Rare}",0.00115305716571398,1,1.02255766233885,536
"{taxa=Bacteria NA Bacteroidetes Flavobacteriia Flavobacteriales Flavobacteriaceae Winogradskyella,Sequencing_platform=Hiseq 2500 Rapid}","{Classification=Rare}",0.00133182571853785,1,1.02255766233885,537
"{taxa=Bacteria NA Bacteroidetes Flavobacteriia Flavobacteriales Flavobacteriaceae Winogradskyella,device=membrane}","{Classification=Rare}",0.00118881087627875,1,1.02255766233885,539
"{taxa=Bacteria NA Bacteroidetes Flavobacteriia Flavobacteriales Flavobacteriaceae Winogradskyella}","{Classification=Rare}",0.00137204864292322,1,1.02255766233885,540
"{taxa=Bacteria NA Proteobacteria Alphaproteobacteria Rhizobiales Xanthobacteraceae Xanthobacter,device=membrane,Sequencing_platform=Hiseq 2500 Rapid}","{Classification=Rare}",0.00115305716571398,1,1.02255766233885,543
"{taxa=Bacteria NA Proteobacteria Alphaproteobacteria Rhizobiales Xanthobacteraceae Xanthobacter,Sequencing_platform=Hiseq 2500 Rapid}","{Classification=Rare}",0.00134523335999964,1,1.02255766233885,544
"{taxa=Bacteria NA Proteobacteria Alphaproteobacteria Rhizobiales Xanthobacteraceae Xanthobacter,device=membrane}","{Classification=Rare}",0.00118434166245816,1,1.02255766233885,546
"{taxa=Bacteria NA Proteobacteria Alphaproteobacteria Rhizobiales Xanthobacteraceae Xanthobacter}","{Classification=Rare}",0.00137651785674382,1,1.02255766233885,547
"{taxa=Bacteria NA Proteobacteria Alphaproteobacteria Rhizobiales Hyphomicrobiaceae Filomicrobium,Sequencing_platform=Hiseq 2500 Rapid}","{Classification=Rare}",0.00109048817222562,1,1.02255766233885,550
"{taxa=Bacteria NA Proteobacteria Alphaproteobacteria Rhizobiales Hyphomicrobiaceae Filomicrobium,device=membrane}","{Classification=Rare}",0.00120221851774054,1,1.02255766233885,551
"{taxa=Bacteria NA Proteobacteria Alphaproteobacteria Rhizobiales Hyphomicrobiaceae Filomicrobium}","{Classification=Rare}",0.00137651785674382,1,1.02255766233885,552
"{taxa=Bacteria NA Proteobacteria Alphaproteobacteria Rhizobiales Phyllobacteriaceae NA,device=membrane,Sequencing_platform=Hiseq 2500 Rapid}","{Classification=Rare}",0.00115752637953458,1,1.02255766233885,555
"{taxa=Bacteria NA Proteobacteria Alphaproteobacteria Rhizobiales Phyllobacteriaceae NA,Sequencing_platform=Hiseq 2500 Rapid}","{Classification=Rare}",0.00135864100146143,1,1.02255766233885,556
"{taxa=Bacteria NA Proteobacteria Alphaproteobacteria Rhizobiales Phyllobacteriaceae NA,device=membrane}","{Classification=Rare}",0.00118434166245816,1,1.02255766233885,558
"{taxa=Bacteria NA Proteobacteria Alphaproteobacteria Rhizobiales Phyllobacteriaceae NA}","{Classification=Rare}",0.00138545628438501,1,1.02255766233885,559
"{taxa=Bacteria NA Bacteroidetes Flavobacteriia Flavobacteriales Flavobacteriaceae Croceitalea,device=membrane,Sequencing_platform=Hiseq 2500 Rapid}","{Classification=Rare}",0.00116199559335517,1,1.02255766233885,562
"{taxa=Bacteria NA Bacteroidetes Flavobacteriia Flavobacteriales Flavobacteriaceae Croceitalea,Sequencing_platform=Hiseq 2500 Rapid}","{Classification=Rare}",0.00135864100146143,1,1.02255766233885,563
"{taxa=Bacteria NA Bacteroidetes Flavobacteriia Flavobacteriales Flavobacteriaceae Croceitalea,device=membrane}","{Classification=Rare}",0.00118881087627875,1,1.02255766233885,565
"{taxa=Bacteria NA Bacteroidetes Flavobacteriia Flavobacteriales Flavobacteriaceae Croceitalea}","{Classification=Rare}",0.00138545628438501,1,1.02255766233885,566
"{taxa=Bacteria NA Bacteroidetes Flavobacteriia Flavobacteriales Flavobacteriaceae Lutibacter,device=membrane,Sequencing_platform=Hiseq 2500 Rapid}","{Classification=Rare}",0.00115752637953458,1,1.02255766233885,569
"{taxa=Bacteria NA Bacteroidetes Flavobacteriia Flavobacteriales Flavobacteriaceae Lutibacter,Sequencing_platform=Hiseq 2500 Rapid}","{Classification=Rare}",0.00135864100146143,1,1.02255766233885,570
"{taxa=Bacteria NA Bacteroidetes Flavobacteriia Flavobacteriales Flavobacteriaceae Lutibacter,device=membrane}","{Classification=Rare}",0.00118434166245816,1,1.02255766233885,572
"{taxa=Bacteria NA Bacteroidetes Flavobacteriia Flavobacteriales Flavobacteriaceae Lutibacter}","{Classification=Rare}",0.00138545628438501,1,1.02255766233885,573
"{taxa=Bacteria NA Proteobacteria Oligoflexia Bdellovibrionales Bdellovibrionaceae NA,device=membrane,Sequencing_platform=Hiseq 2500 Rapid}","{Classification=Rare}",0.00101898075109607,1,1.02255766233885,576
"{taxa=Bacteria NA Proteobacteria Oligoflexia Bdellovibrionales Bdellovibrionaceae NA,Sequencing_platform=Hiseq 2500 Rapid}","{Classification=Rare}",0.00122009537302293,1,1.02255766233885,577
"{taxa=Bacteria NA Proteobacteria Oligoflexia Bdellovibrionales Bdellovibrionaceae NA,device=membrane}","{Classification=Rare}",0.00115752637953458,1,1.02255766233885,579
"{taxa=Bacteria NA Proteobacteria Oligoflexia Bdellovibrionales Bdellovibrionaceae NA}","{Classification=Rare}",0.00138545628438501,1,1.02255766233885,580
"{taxa=Bacteria NA Planctomycetes Phycisphaerae Phycisphaerales Phycisphaeraceae Phycisphaera,Sequencing_platform=Hiseq 2500 Rapid}","{Classification=Rare}",0.00113964952425219,1,1.02255766233885,583
"{taxa=Bacteria NA Planctomycetes Phycisphaerae Phycisphaerales Phycisphaeraceae Phycisphaera,device=membrane}","{Classification=Rare}",0.00118881087627875,1,1.02255766233885,584
"{taxa=Bacteria NA Planctomycetes Phycisphaerae Phycisphaerales Phycisphaeraceae Phycisphaera}","{Classification=Rare}",0.00138992549820561,1,1.02255766233885,585
"{taxa=Bacteria NA Proteobacteria Gammaproteobacteria Pseudomonadales Pseudomonadaceae NA,device=membrane,Sequencing_platform=Hiseq 2500 Rapid}","{Classification=Rare}",0.001130711096611,1,1.02255766233885,588
"{taxa=Bacteria NA Proteobacteria Gammaproteobacteria Pseudomonadales Pseudomonadaceae NA,Sequencing_platform=Hiseq 2500 Rapid}","{Classification=Rare}",0.00130501043561427,1,1.02255766233885,589
"{taxa=Bacteria NA Proteobacteria Gammaproteobacteria Pseudomonadales Pseudomonadaceae NA,device=membrane}","{Classification=Rare}",0.00120221851774054,1,1.02255766233885,591
"{taxa=Bacteria NA Proteobacteria Gammaproteobacteria Pseudomonadales Pseudomonadaceae NA}","{Classification=Rare}",0.00138992549820561,1,1.02255766233885,592
"{taxa=Bacteria NA Proteobacteria Gammaproteobacteria Alteromonadales Alteromonadaceae Marinobacter,device=membrane,Sequencing_platform=Hiseq 2500 Rapid}","{Classification=Rare}",0.00109048817222562,1,1.02255766233885,595
"{taxa=Bacteria NA Proteobacteria Gammaproteobacteria Alteromonadales Alteromonadaceae Marinobacter,Sequencing_platform=Hiseq 2500 Rapid}","{Classification=Rare}",0.00128266436651129,1,1.02255766233885,596
"{taxa=Bacteria NA Proteobacteria Gammaproteobacteria Alteromonadales Alteromonadaceae Marinobacter,device=membrane}","{Classification=Rare}",0.00117093402099637,1,1.02255766233885,598
"{taxa=Bacteria NA Proteobacteria Gammaproteobacteria Alteromonadales Alteromonadaceae Marinobacter}","{Classification=Rare}",0.00138992549820561,1,1.02255766233885,599
"{taxa=Bacteria NA Proteobacteria Gammaproteobacteria Alteromonadales Alteromonadaceae Glaciecola,device=membrane,Sequencing_platform=Hiseq 2500 Rapid}","{Classification=Rare}",0.00108154974458443,1,1.02255766233885,602
"{taxa=Bacteria NA Proteobacteria Gammaproteobacteria Alteromonadales Alteromonadaceae Glaciecola,Sequencing_platform=Hiseq 2500 Rapid}","{Classification=Rare}",0.0012692567250495,1,1.02255766233885,603
"{taxa=Bacteria NA Proteobacteria Gammaproteobacteria Alteromonadales Alteromonadaceae Glaciecola,device=membrane}","{Classification=Rare}",0.00117093402099637,1,1.02255766233885,605
"{taxa=Bacteria NA Proteobacteria Gammaproteobacteria Alteromonadales Alteromonadaceae Glaciecola}","{Classification=Rare}",0.00139439471202621,1,1.02255766233885,606
"{taxa=Bacteria NA Bacteroidetes Bacteroidia Bacteroidales Lentimicrobiaceae NA,device=membrane,Sequencing_platform=Hiseq 2500 Rapid}","{Classification=Rare}",0.00113518031043159,1,1.02255766233885,609
"{taxa=Bacteria NA Bacteroidetes Bacteroidia Bacteroidales Lentimicrobiaceae NA,Sequencing_platform=Hiseq 2500 Rapid}","{Classification=Rare}",0.00134076414617905,1,1.02255766233885,610
"{taxa=Bacteria NA Bacteroidetes Bacteroidia Bacteroidales Lentimicrobiaceae NA,device=membrane}","{Classification=Rare}",0.00117987244863756,1,1.02255766233885,612
"{taxa=Bacteria NA Bacteroidetes Bacteroidia Bacteroidales Lentimicrobiaceae NA}","{Classification=Rare}",0.00139439471202621,1,1.02255766233885,613
"{taxa=Bacteria NA Chlamydiae Chlamydiia NA NA NA,device=membrane,Sequencing_platform=Hiseq 2500 Rapid}","{Classification=Rare}",0.0011217726689698,1,1.02255766233885,616
"{taxa=Bacteria NA Chlamydiae Chlamydiia NA NA NA,Sequencing_platform=Hiseq 2500 Rapid}","{Classification=Rare}",0.00132735650471726,1,1.02255766233885,617
"{taxa=Bacteria NA Chlamydiae Chlamydiia NA NA NA,device=membrane}","{Classification=Rare}",0.00117987244863756,1,1.02255766233885,619
"{taxa=Bacteria NA Chlamydiae Chlamydiia NA NA NA}","{Classification=Rare}",0.0013988639258468,1,1.02255766233885,620
"{taxa=Bacteria NA Proteobacteria Gammaproteobacteria Enterobacterales Enterobacteriaceae NA,device=membrane}","{Classification=Rare}",0.00122456458684353,1,1.02255766233885,623
"{taxa=Bacteria NA Proteobacteria Gammaproteobacteria Enterobacterales Enterobacteriaceae NA}","{Classification=Rare}",0.0013988639258468,1,1.02255766233885,624
"{taxa=Bacteria NA Bacteroidetes Bacteroidia Marinilabiliales NA NA,device=membrane,Sequencing_platform=Hiseq 2500 Rapid}","{Classification=Rare}",0.00116199559335517,1,1.02255766233885,626
"{taxa=Bacteria NA Bacteroidetes Bacteroidia Marinilabiliales NA NA,Sequencing_platform=Hiseq 2500 Rapid}","{Classification=Rare}",0.00136757942910263,1,1.02255766233885,627
"{taxa=Bacteria NA Bacteroidetes Bacteroidia Marinilabiliales NA NA,device=membrane}","{Classification=Rare}",0.00120221851774054,1,1.02255766233885,629
"{taxa=Bacteria NA Bacteroidetes Bacteroidia Marinilabiliales NA NA}","{Classification=Rare}",0.001407802353488,1,1.02255766233885,630
"{taxa=Bacteria NA Bacteroidetes Flavobacteriia Flavobacteriales Flavobacteriaceae Polaribacter,device=membrane,Sequencing_platform=Hiseq 2500 Rapid}","{Classification=Rare}",0.00117093402099637,1,1.02255766233885,633
"{taxa=Bacteria NA Bacteroidetes Flavobacteriia Flavobacteriales Flavobacteriaceae Polaribacter,Sequencing_platform=Hiseq 2500 Rapid}","{Classification=Rare}",0.00137651785674382,1,1.02255766233885,634
"{taxa=Bacteria NA Bacteroidetes Flavobacteriia Flavobacteriales Flavobacteriaceae Polaribacter,device=membrane}","{Classification=Rare}",0.00120221851774054,1,1.02255766233885,636
"{taxa=Bacteria NA Bacteroidetes Flavobacteriia Flavobacteriales Flavobacteriaceae Polaribacter}","{Classification=Rare}",0.001407802353488,1,1.02255766233885,637
"{taxa=Archaea NA Crenarchaeota NA NA NA NA,device=membrane,Sequencing_platform=Hiseq 2500 Rapid}","{Classification=Rare}",0.0011217726689698,1,1.02255766233885,640
"{taxa=Archaea NA Crenarchaeota NA NA NA NA,Sequencing_platform=Hiseq 2500 Rapid}","{Classification=Rare}",0.00131841807707606,1,1.02255766233885,641
"{taxa=Archaea NA Crenarchaeota NA NA NA NA,device=membrane}","{Classification=Rare}",0.00119328009009935,1,1.02255766233885,643
"{taxa=Archaea NA Crenarchaeota NA NA NA NA}","{Classification=Rare}",0.00141227156730859,1,1.02255766233885,644
"{taxa=Bacteria NA Proteobacteria Deltaproteobacteria Desulfovibrionales Desulfovibrionaceae NA,device=membrane,Sequencing_platform=Hiseq 2500 Rapid}","{Classification=Rare}",0.00105473446166085,1,1.02255766233885,647
"{taxa=Bacteria NA Proteobacteria Deltaproteobacteria Desulfovibrionales Desulfovibrionaceae NA,Sequencing_platform=Hiseq 2500 Rapid}","{Classification=Rare}",0.00124691065594651,1,1.02255766233885,648
"{taxa=Bacteria NA Proteobacteria Deltaproteobacteria Desulfovibrionales Desulfovibrionaceae NA,device=membrane}","{Classification=Rare}",0.00119774930391995,1,1.02255766233885,650
"{taxa=Bacteria NA Proteobacteria Deltaproteobacteria Desulfovibrionales Desulfovibrionaceae NA}","{Classification=Rare}",0.00141674078112919,1,1.02255766233885,651
"{taxa=Bacteria NA Balneolaeota Balneolia Balneolales NA NA,device=membrane,Sequencing_platform=Hiseq 2500 Rapid}","{Classification=Rare}",0.00117987244863756,1,1.02255766233885,654
"{taxa=Bacteria NA Balneolaeota Balneolia Balneolales NA NA,Sequencing_platform=Hiseq 2500 Rapid}","{Classification=Rare}",0.00138545628438501,1,1.02255766233885,655
"{taxa=Bacteria NA Balneolaeota Balneolia Balneolales NA NA,device=membrane}","{Classification=Rare}",0.00121115694538174,1,1.02255766233885,657
"{taxa=Bacteria NA Balneolaeota Balneolia Balneolales NA NA}","{Classification=Rare}",0.00141674078112919,1,1.02255766233885,658
"{taxa=Bacteria NA Fibrobacteres Fibrobacteria Fibrobacterales NA NA,device=membrane,Sequencing_platform=Hiseq 2500 Rapid}","{Classification=Rare}",0.00117540323481696,1,1.02255766233885,661
"{taxa=Bacteria NA Fibrobacteres Fibrobacteria Fibrobacterales NA NA,Sequencing_platform=Hiseq 2500 Rapid}","{Classification=Rare}",0.00138098707056442,1,1.02255766233885,662
"{taxa=Bacteria NA Fibrobacteres Fibrobacteria Fibrobacterales NA NA,device=membrane}","{Classification=Rare}",0.00121115694538174,1,1.02255766233885,664
"{taxa=Bacteria NA Fibrobacteres Fibrobacteria Fibrobacterales NA NA}","{Classification=Rare}",0.00141674078112919,1,1.02255766233885,665
"{taxa=Bacteria NA Actinobacteria Actinobacteria Micrococcales NA NA,device=membrane,Sequencing_platform=Hiseq 2500 Rapid}","{Classification=Rare}",0.00115305716571398,1,1.02255766233885,668
"{taxa=Bacteria NA Actinobacteria Actinobacteria Micrococcales NA NA,Sequencing_platform=Hiseq 2500 Rapid}","{Classification=Rare}",0.00135864100146143,1,1.02255766233885,669
"{taxa=Bacteria NA Actinobacteria Actinobacteria Micrococcales NA NA,device=membrane}","{Classification=Rare}",0.00120668773156114,1,1.02255766233885,671
"{taxa=Bacteria NA Actinobacteria Actinobacteria Micrococcales NA NA}","{Classification=Rare}",0.00142120999494979,1,1.02255766233885,672
"{taxa=Archaea NA Thaumarchaeota NA Nitrosopumilales NA NA,device=membrane,Sequencing_platform=Hiseq 2500 Rapid}","{Classification=Rare}",0.00114411873807279,1,1.02255766233885,675
"{taxa=Archaea NA Thaumarchaeota NA Nitrosopumilales NA NA,Sequencing_platform=Hiseq 2500 Rapid}","{Classification=Rare}",0.00134970257382024,1,1.02255766233885,676
"{taxa=Archaea NA Thaumarchaeota NA Nitrosopumilales NA NA,device=membrane}","{Classification=Rare}",0.00117987244863756,1,1.02255766233885,678
"{taxa=Archaea NA Thaumarchaeota NA Nitrosopumilales NA NA}","{Classification=Rare}",0.00142120999494979,1,1.02255766233885,679
"{taxa=Bacteria NA Proteobacteria Gammaproteobacteria Vibrionales Vibrionaceae Photobacterium,device=membrane,Sequencing_platform=Hiseq 2500 Rapid}","{Classification=Rare}",0.00117540323481696,1,1.02255766233885,682
"{taxa=Bacteria NA Proteobacteria Gammaproteobacteria Vibrionales Vibrionaceae Photobacterium,Sequencing_platform=Hiseq 2500 Rapid}","{Classification=Rare}",0.00138098707056442,1,1.02255766233885,683
"{taxa=Bacteria NA Proteobacteria Gammaproteobacteria Vibrionales Vibrionaceae Photobacterium,device=membrane}","{Classification=Rare}",0.00120668773156114,1,1.02255766233885,685
"{taxa=Bacteria NA Proteobacteria Gammaproteobacteria Vibrionales Vibrionaceae Photobacterium}","{Classification=Rare}",0.00142120999494979,1,1.02255766233885,686
"{taxa=Bacteria NA Proteobacteria Gammaproteobacteria Alteromonadales Pseudoalteromonadaceae NA,device=membrane,Sequencing_platform=Hiseq 2500 Rapid}","{Classification=Rare}",0.00117540323481696,1,1.02255766233885,689
"{taxa=Bacteria NA Proteobacteria Gammaproteobacteria Alteromonadales Pseudoalteromonadaceae NA,Sequencing_platform=Hiseq 2500 Rapid}","{Classification=Rare}",0.00138098707056442,1,1.02255766233885,690
"{taxa=Bacteria NA Proteobacteria Gammaproteobacteria Alteromonadales Pseudoalteromonadaceae NA,device=membrane}","{Classification=Rare}",0.00121115694538174,1,1.02255766233885,692
"{taxa=Bacteria NA Proteobacteria Gammaproteobacteria Alteromonadales Pseudoalteromonadaceae NA}","{Classification=Rare}",0.00142120999494979,1,1.02255766233885,693
"{taxa=Bacteria NA Nitrospirae Nitrospira NA NA NA,Sequencing_platform=Hiseq 2500 Rapid}","{Classification=Rare}",0.00109495738604622,1,1.02255766233885,696
"{taxa=Bacteria NA Nitrospirae Nitrospira NA NA NA,device=membrane}","{Classification=Rare}",0.00125584908358771,1,1.02255766233885,697
"{taxa=Bacteria NA Nitrospirae Nitrospira NA NA NA}","{Classification=Rare}",0.00142120999494979,1,1.02255766233885,698
"{taxa=Bacteria NA Proteobacteria Gammaproteobacteria Alteromonadales Idiomarinaceae NA,device=membrane,Sequencing_platform=Hiseq 2500 Rapid}","{Classification=Rare}",0.00117987244863756,1,1.02255766233885,701
"{taxa=Bacteria NA Proteobacteria Gammaproteobacteria Alteromonadales Idiomarinaceae NA,Sequencing_platform=Hiseq 2500 Rapid}","{Classification=Rare}",0.00138545628438501,1,1.02255766233885,702
"{taxa=Bacteria NA Proteobacteria Gammaproteobacteria Alteromonadales Idiomarinaceae NA,device=membrane}","{Classification=Rare}",0.00121115694538174,1,1.02255766233885,704
"{taxa=Bacteria NA Proteobacteria Gammaproteobacteria Alteromonadales Idiomarinaceae NA}","{Classification=Rare}",0.00142567920877039,1,1.02255766233885,705
"{taxa=Bacteria NA Proteobacteria Alphaproteobacteria Rhodobacterales Rhodobacteraceae Planktomarina,device=membrane,Sequencing_platform=Hiseq 2500 Rapid}","{Classification=Rare}",0.00107708053076383,1,1.02255766233885,708
"{taxa=Bacteria NA Proteobacteria Alphaproteobacteria Rhodobacterales Rhodobacteraceae Planktomarina,Sequencing_platform=Hiseq 2500 Rapid}","{Classification=Rare}",0.00128266436651129,1,1.02255766233885,709
"{taxa=Bacteria NA Proteobacteria Alphaproteobacteria Rhodobacterales Rhodobacteraceae Planktomarina,device=membrane}","{Classification=Rare}",0.00118434166245816,1,1.02255766233885,711
"{taxa=Bacteria NA Proteobacteria Alphaproteobacteria Rhodobacterales Rhodobacteraceae Planktomarina}","{Classification=Rare}",0.00142567920877039,1,1.02255766233885,712
"{taxa=Bacteria NA Proteobacteria Epsilonproteobacteria Campylobacterales Campylobacteraceae NA,Sequencing_platform=Hiseq 2500 Rapid}","{Classification=Rare}",0.00116199559335517,1,1.02255766233885,715
"{taxa=Bacteria NA Proteobacteria Epsilonproteobacteria Campylobacterales Campylobacteraceae NA,device=membrane}","{Classification=Rare}",0.00119328009009935,1,1.02255766233885,716
"{taxa=Bacteria NA Proteobacteria Epsilonproteobacteria Campylobacterales Campylobacteraceae NA}","{Classification=Rare}",0.00142567920877039,1,1.02255766233885,717
"{taxa=Bacteria NA Bacteroidetes Bacteroidia Marinilabiliales Prolixibacteraceae NA,device=membrane,Sequencing_platform=Hiseq 2500 Rapid}","{Classification=Rare}",0.00116199559335517,1,1.02255766233885,720
"{taxa=Bacteria NA Bacteroidetes Bacteroidia Marinilabiliales Prolixibacteraceae NA,Sequencing_platform=Hiseq 2500 Rapid}","{Classification=Rare}",0.00136757942910263,1,1.02255766233885,721
"{taxa=Bacteria NA Bacteroidetes Bacteroidia Marinilabiliales Prolixibacteraceae NA,device=membrane}","{Classification=Rare}",0.00121562615920233,1,1.02255766233885,723
"{taxa=Bacteria NA Bacteroidetes Bacteroidia Marinilabiliales Prolixibacteraceae NA}","{Classification=Rare}",0.00142567920877039,1,1.02255766233885,724
"{taxa=Bacteria NA Actinobacteria Actinobacteria Candidatus_Actinomarinales Candidatus_Actinomarinaceae NA,device=membrane,Sequencing_platform=Hiseq 2500 Rapid}","{Classification=Rare}",0.00117987244863756,1,1.02255766233885,727
"{taxa=Bacteria NA Actinobacteria Actinobacteria Candidatus_Actinomarinales Candidatus_Actinomarinaceae NA,Sequencing_platform=Hiseq 2500 Rapid}","{Classification=Rare}",0.00138545628438501,1,1.02255766233885,728
"{taxa=Bacteria NA Actinobacteria Actinobacteria Candidatus_Actinomarinales Candidatus_Actinomarinaceae NA,device=membrane}","{Classification=Rare}",0.00122009537302293,1,1.02255766233885,730
"{taxa=Bacteria NA Actinobacteria Actinobacteria Candidatus_Actinomarinales Candidatus_Actinomarinaceae NA}","{Classification=Rare}",0.00142567920877039,1,1.02255766233885,731
"{taxa=Bacteria NA Proteobacteria Alphaproteobacteria Rhizobiales Methylobacteriaceae Methylobacterium,device=membrane,Sequencing_platform=Hiseq 2500 Rapid}","{Classification=Rare}",0.00116646480717577,1,1.02255766233885,734
"{taxa=Bacteria NA Proteobacteria Alphaproteobacteria Rhizobiales Methylobacteriaceae Methylobacterium,Sequencing_platform=Hiseq 2500 Rapid}","{Classification=Rare}",0.00137204864292322,1,1.02255766233885,735
"{taxa=Bacteria NA Proteobacteria Alphaproteobacteria Rhizobiales Methylobacteriaceae Methylobacterium,device=membrane}","{Classification=Rare}",0.00121562615920233,1,1.02255766233885,737
"{taxa=Bacteria NA Proteobacteria Alphaproteobacteria Rhizobiales Methylobacteriaceae Methylobacterium}","{Classification=Rare}",0.00143014842259098,1,1.02255766233885,738
"{taxa=Bacteria NA Proteobacteria Alphaproteobacteria Rhodobacterales Rhodobacteraceae Loktanella,device=membrane,Sequencing_platform=Hiseq 2500 Rapid}","{Classification=Rare}",0.001130711096611,1,1.02255766233885,741
"{taxa=Bacteria NA Proteobacteria Alphaproteobacteria Rhodobacterales Rhodobacteraceae Loktanella,Sequencing_platform=Hiseq 2500 Rapid}","{Classification=Rare}",0.00134970257382024,1,1.02255766233885,742
"{taxa=Bacteria NA Proteobacteria Alphaproteobacteria Rhodobacterales Rhodobacteraceae Loktanella,device=membrane}","{Classification=Rare}",0.00119328009009935,1,1.02255766233885,744
"{taxa=Bacteria NA Proteobacteria Alphaproteobacteria Rhodobacterales Rhodobacteraceae Loktanella}","{Classification=Rare}",0.00143014842259098,1,1.02255766233885,745
"{taxa=Bacteria NA Proteobacteria Betaproteobacteria Burkholderiales Comamonadaceae NA,device=membrane,Sequencing_platform=Hiseq 2500 Rapid}","{Classification=Rare}",0.00117987244863756,1,1.02255766233885,748
"{taxa=Bacteria NA Proteobacteria Betaproteobacteria Burkholderiales Comamonadaceae NA,Sequencing_platform=Hiseq 2500 Rapid}","{Classification=Rare}",0.00138545628438501,1,1.02255766233885,749
"{taxa=Bacteria NA Proteobacteria Betaproteobacteria Burkholderiales Comamonadaceae NA,device=membrane}","{Classification=Rare}",0.00122456458684353,1,1.02255766233885,751
"{taxa=Bacteria NA Proteobacteria Betaproteobacteria Burkholderiales Comamonadaceae NA}","{Classification=Rare}",0.00143461763641158,1,1.02255766233885,752
"{taxa=Bacteria NA Bacteroidetes Flavobacteriia Flavobacteriales Flavobacteriaceae Aquibacter,device=membrane,Sequencing_platform=Hiseq 2500 Rapid}","{Classification=Rare}",0.00117987244863756,1,1.02255766233885,755
"{taxa=Bacteria NA Bacteroidetes Flavobacteriia Flavobacteriales Flavobacteriaceae Aquibacter,Sequencing_platform=Hiseq 2500 Rapid}","{Classification=Rare}",0.00138545628438501,1,1.02255766233885,756
"{taxa=Bacteria NA Bacteroidetes Flavobacteriia Flavobacteriales Flavobacteriaceae Aquibacter,device=membrane}","{Classification=Rare}",0.00122009537302293,1,1.02255766233885,758
"{taxa=Bacteria NA Bacteroidetes Flavobacteriia Flavobacteriales Flavobacteriaceae Aquibacter}","{Classification=Rare}",0.00143461763641158,1,1.02255766233885,759
"{taxa=Bacteria NA Bacteroidetes Bacteroidia Marinilabiliales Prolixibacteraceae Roseimarinus,device=membrane,Sequencing_platform=Hiseq 2500 Rapid}","{Classification=Rare}",0.00117987244863756,1,1.02255766233885,762
"{taxa=Bacteria NA Bacteroidetes Bacteroidia Marinilabiliales Prolixibacteraceae Roseimarinus,Sequencing_platform=Hiseq 2500 Rapid}","{Classification=Rare}",0.00138545628438501,1,1.02255766233885,763
"{taxa=Bacteria NA Bacteroidetes Bacteroidia Marinilabiliales Prolixibacteraceae Roseimarinus,device=membrane}","{Classification=Rare}",0.00122456458684353,1,1.02255766233885,765
"{taxa=Bacteria NA Bacteroidetes Bacteroidia Marinilabiliales Prolixibacteraceae Roseimarinus}","{Classification=Rare}",0.00143461763641158,1,1.02255766233885,766
"{taxa=Bacteria NA Proteobacteria Epsilonproteobacteria NA NA NA,device=membrane,Sequencing_platform=Hiseq 2500 Rapid}","{Classification=Rare}",0.00105026524784025,1,1.02255766233885,769
"{taxa=Bacteria NA Proteobacteria Epsilonproteobacteria NA NA NA,Sequencing_platform=Hiseq 2500 Rapid}","{Classification=Rare}",0.00120221851774054,1,1.02255766233885,770
"{taxa=Bacteria NA Proteobacteria Epsilonproteobacteria NA NA NA,device=membrane}","{Classification=Rare}",0.00123797222830532,1,1.02255766233885,772
"{taxa=Bacteria NA Proteobacteria Epsilonproteobacteria NA NA NA}","{Classification=Rare}",0.00143461763641158,1,1.02255766233885,773
"{taxa=Bacteria NA Proteobacteria Gammaproteobacteria Chromatiales Woeseiaceae NA,device=membrane,Sequencing_platform=Hiseq 2500 Rapid}","{Classification=Rare}",0.00117987244863756,1,1.02255766233885,776
"{taxa=Bacteria NA Proteobacteria Gammaproteobacteria Chromatiales Woeseiaceae NA,Sequencing_platform=Hiseq 2500 Rapid}","{Classification=Rare}",0.00138545628438501,1,1.02255766233885,777
"{taxa=Bacteria NA Proteobacteria Gammaproteobacteria Chromatiales Woeseiaceae NA,device=membrane}","{Classification=Rare}",0.00123350301448472,1,1.02255766233885,779
"{taxa=Bacteria NA Proteobacteria Gammaproteobacteria Chromatiales Woeseiaceae NA}","{Classification=Rare}",0.00143908685023218,1,1.02255766233885,780
"{taxa=Bacteria NA Proteobacteria Gammaproteobacteria Chromatiales Granulosicoccaceae Granulosicoccus,device=membrane,Sequencing_platform=Hiseq 2500 Rapid}","{Classification=Rare}",0.00117093402099637,1,1.02255766233885,783
"{taxa=Bacteria NA Proteobacteria Gammaproteobacteria Chromatiales Granulosicoccaceae Granulosicoccus,Sequencing_platform=Hiseq 2500 Rapid}","{Classification=Rare}",0.00137651785674382,1,1.02255766233885,784
"{taxa=Bacteria NA Proteobacteria Gammaproteobacteria Chromatiales Granulosicoccaceae Granulosicoccus,device=membrane}","{Classification=Rare}",0.00123350301448472,1,1.02255766233885,786
"{taxa=Bacteria NA Proteobacteria Gammaproteobacteria Chromatiales Granulosicoccaceae Granulosicoccus}","{Classification=Rare}",0.00143908685023218,1,1.02255766233885,787
"{taxa=Bacteria NA Bacteroidetes Bacteroidia Marinilabiliales Marinifilaceae NA,device=membrane,Sequencing_platform=Hiseq 2500 Rapid}","{Classification=Rare}",0.00117987244863756,1,1.02255766233885,790
"{taxa=Bacteria NA Bacteroidetes Bacteroidia Marinilabiliales Marinifilaceae NA,Sequencing_platform=Hiseq 2500 Rapid}","{Classification=Rare}",0.00138545628438501,1,1.02255766233885,791
"{taxa=Bacteria NA Bacteroidetes Bacteroidia Marinilabiliales Marinifilaceae NA,device=membrane}","{Classification=Rare}",0.00122456458684353,1,1.02255766233885,793
"{taxa=Bacteria NA Bacteroidetes Bacteroidia Marinilabiliales Marinifilaceae NA}","{Classification=Rare}",0.00144355606405277,1,1.02255766233885,794
"{taxa=Bacteria NA Proteobacteria Alphaproteobacteria Caulobacterales Caulobacteraceae NA,device=membrane,Sequencing_platform=Hiseq 2500 Rapid}","{Classification=Rare}",0.00104132682019906,1,1.02255766233885,797
"{taxa=Bacteria NA Proteobacteria Alphaproteobacteria Caulobacterales Caulobacteraceae NA,Sequencing_platform=Hiseq 2500 Rapid}","{Classification=Rare}",0.00124691065594651,1,1.02255766233885,798
"{taxa=Bacteria NA Proteobacteria Alphaproteobacteria Caulobacterales Caulobacteraceae NA,device=membrane}","{Classification=Rare}",0.00117987244863756,1,1.02255766233885,800
"{taxa=Bacteria NA Proteobacteria Alphaproteobacteria Caulobacterales Caulobacteraceae NA}","{Classification=Rare}",0.00144355606405277,1,1.02255766233885,801
"{taxa=Bacteria NA Firmicutes NA NA NA NA,device=membrane,Sequencing_platform=Hiseq 2500 Rapid}","{Classification=Rare}",0.00111283424132861,1,1.02255766233885,804
"{taxa=Bacteria NA Firmicutes NA NA NA NA,Sequencing_platform=Hiseq 2500 Rapid}","{Classification=Rare}",0.00131841807707606,1,1.02255766233885,805
"{taxa=Bacteria NA Firmicutes NA NA NA NA,device=membrane}","{Classification=Rare}",0.00121115694538174,1,1.02255766233885,807
"{taxa=Bacteria NA Firmicutes NA NA NA NA}","{Classification=Rare}",0.00144355606405277,1,1.02255766233885,808
"{taxa=Bacteria NA Proteobacteria Gammaproteobacteria Alteromonadales Colwelliaceae Colwellia,device=membrane,Sequencing_platform=Hiseq 2500 Rapid}","{Classification=Rare}",0.00116199559335517,1,1.02255766233885,811
"{taxa=Bacteria NA Proteobacteria Gammaproteobacteria Alteromonadales Colwelliaceae Colwellia,Sequencing_platform=Hiseq 2500 Rapid}","{Classification=Rare}",0.00135417178764084,1,1.02255766233885,812
"{taxa=Bacteria NA Proteobacteria Gammaproteobacteria Alteromonadales Colwelliaceae Colwellia,device=membrane}","{Classification=Rare}",0.00121115694538174,1,1.02255766233885,814
"{taxa=Bacteria NA Proteobacteria Gammaproteobacteria Alteromonadales Colwelliaceae Colwellia}","{Classification=Rare}",0.00144355606405277,1,1.02255766233885,815
"{taxa=Bacteria NA Bacteroidetes Flavobacteriia Flavobacteriales Flavobacteriaceae Ulvibacter,device=membrane,Sequencing_platform=Hiseq 2500 Rapid}","{Classification=Rare}",0.00117987244863756,1,1.02255766233885,818
"{taxa=Bacteria NA Bacteroidetes Flavobacteriia Flavobacteriales Flavobacteriaceae Ulvibacter,Sequencing_platform=Hiseq 2500 Rapid}","{Classification=Rare}",0.00138545628438501,1,1.02255766233885,819
"{taxa=Bacteria NA Bacteroidetes Flavobacteriia Flavobacteriales Flavobacteriaceae Ulvibacter,device=membrane}","{Classification=Rare}",0.00123797222830532,1,1.02255766233885,821
"{taxa=Bacteria NA Bacteroidetes Flavobacteriia Flavobacteriales Flavobacteriaceae Ulvibacter}","{Classification=Rare}",0.00144802527787337,1,1.02255766233885,822
"{taxa=Bacteria NA Verrucomicrobia Verrucomicrobiae Verrucomicrobiales Rubritaleaceae NA,device=membrane,Sequencing_platform=Hiseq 2500 Rapid}","{Classification=Rare}",0.0011217726689698,1,1.02255766233885,825
"{taxa=Bacteria NA Verrucomicrobia Verrucomicrobiae Verrucomicrobiales Rubritaleaceae NA,Sequencing_platform=Hiseq 2500 Rapid}","{Classification=Rare}",0.00132288729089666,1,1.02255766233885,826
"{taxa=Bacteria NA Verrucomicrobia Verrucomicrobiae Verrucomicrobiales Rubritaleaceae NA,device=membrane}","{Classification=Rare}",0.00123350301448472,1,1.02255766233885,828
"{taxa=Bacteria NA Verrucomicrobia Verrucomicrobiae Verrucomicrobiales Rubritaleaceae NA}","{Classification=Rare}",0.00144802527787337,1,1.02255766233885,829
"{taxa=Bacteria NA Bacteroidetes Flavobacteriia Flavobacteriales Crocinitomicaceae Salinirepens,device=membrane,Sequencing_platform=Hiseq 2500 Rapid}","{Classification=Rare}",0.00116199559335517,1,1.02255766233885,832
"{taxa=Bacteria NA Bacteroidetes Flavobacteriia Flavobacteriales Crocinitomicaceae Salinirepens,Sequencing_platform=Hiseq 2500 Rapid}","{Classification=Rare}",0.00136757942910263,1,1.02255766233885,833
"{taxa=Bacteria NA Bacteroidetes Flavobacteriia Flavobacteriales Crocinitomicaceae Salinirepens,device=membrane}","{Classification=Rare}",0.00123797222830532,1,1.02255766233885,835
"{taxa=Bacteria NA Bacteroidetes Flavobacteriia Flavobacteriales Crocinitomicaceae Salinirepens}","{Classification=Rare}",0.00144802527787337,1,1.02255766233885,836
"{taxa=Bacteria NA Bacteroidetes Flavobacteriia Flavobacteriales Crocinitomicaceae Crocinitomix,device=membrane,Sequencing_platform=Hiseq 2500 Rapid}","{Classification=Rare}",0.00117987244863756,1,1.02255766233885,839
"{taxa=Bacteria NA Bacteroidetes Flavobacteriia Flavobacteriales Crocinitomicaceae Crocinitomix,Sequencing_platform=Hiseq 2500 Rapid}","{Classification=Rare}",0.00138545628438501,1,1.02255766233885,840
"{taxa=Bacteria NA Bacteroidetes Flavobacteriia Flavobacteriales Crocinitomicaceae Crocinitomix,device=membrane}","{Classification=Rare}",0.00123797222830532,1,1.02255766233885,842
"{taxa=Bacteria NA Bacteroidetes Flavobacteriia Flavobacteriales Crocinitomicaceae Crocinitomix}","{Classification=Rare}",0.00145249449169397,1,1.02255766233885,843
"{taxa=Bacteria NA Proteobacteria Epsilonproteobacteria Campylobacterales NA NA,Sequencing_platform=Hiseq 2500 Rapid}","{Classification=Rare}",0.00118881087627875,1,1.02255766233885,846
"{taxa=Bacteria NA Proteobacteria Epsilonproteobacteria Campylobacterales NA NA,device=membrane}","{Classification=Rare}",0.00119774930391995,1,1.02255766233885,847
"{taxa=Bacteria NA Proteobacteria Epsilonproteobacteria Campylobacterales NA NA}","{Classification=Rare}",0.00145249449169397,1,1.02255766233885,848
"{taxa=Eukaryota Bacillariophyta Bacillariophyta Mediophyceae Hemiaulales Hemiaulaceae NA,device=membrane}","{Classification=Rare}",0.00115752637953458,0.981060606060606,1.00319103994607,851
"{taxa=Eukaryota Bacillariophyta Bacillariophyta Mediophyceae Hemiaulales Hemiaulaceae NA}","{Classification=Rare}",0.00143014842259098,0.984615384615385,1.00682600599517,852
"{taxa=Bacteria NA Proteobacteria Gammaproteobacteria Oceanospirillales Oceanospirillaceae NA,device=membrane,Sequencing_platform=Hiseq 2500 Rapid}","{Classification=Rare}",0.00113964952425219,1,1.02255766233885,854
"{taxa=Bacteria NA Proteobacteria Gammaproteobacteria Oceanospirillales Oceanospirillaceae NA,Sequencing_platform=Hiseq 2500 Rapid}","{Classification=Rare}",0.00134523335999964,1,1.02255766233885,855
"{taxa=Bacteria NA Proteobacteria Gammaproteobacteria Oceanospirillales Oceanospirillaceae NA,device=membrane}","{Classification=Rare}",0.00123797222830532,1,1.02255766233885,857
"{taxa=Bacteria NA Proteobacteria Gammaproteobacteria Oceanospirillales Oceanospirillaceae NA}","{Classification=Rare}",0.00145696370551456,1,1.02255766233885,858
"{taxa=Bacteria NA Verrucomicrobia Opitutae NA NA NA,device=membrane}","{Classification=Rare}",0.00118881087627875,1,1.02255766233885,861
"{taxa=Bacteria NA Verrucomicrobia Opitutae NA NA NA}","{Classification=Rare}",0.00146143291933516,1,1.02255766233885,862
"{taxa=Bacteria NA Actinobacteria Actinobacteria Micrococcales Microbacteriaceae Candidatus_Aquiluna,device=membrane,Sequencing_platform=Hiseq 2500 Rapid}","{Classification=Rare}",0.00103238839255787,1,1.02255766233885,864
"{taxa=Bacteria NA Actinobacteria Actinobacteria Micrococcales Microbacteriaceae Candidatus_Aquiluna,Sequencing_platform=Hiseq 2500 Rapid}","{Classification=Rare}",0.00123350301448472,1,1.02255766233885,865
"{taxa=Bacteria NA Actinobacteria Actinobacteria Micrococcales Microbacteriaceae Candidatus_Aquiluna,device=membrane}","{Classification=Rare}",0.00121562615920233,1,1.02255766233885,867
"{taxa=Bacteria NA Actinobacteria Actinobacteria Micrococcales Microbacteriaceae Candidatus_Aquiluna}","{Classification=Rare}",0.00146143291933516,1,1.02255766233885,868
"{taxa=Bacteria NA Proteobacteria Gammaproteobacteria Oceanospirillales Alcanivoracaceae NA,device=membrane,Sequencing_platform=Hiseq 2500 Rapid}","{Classification=Rare}",0.00117540323481696,1,1.02255766233885,871
"{taxa=Bacteria NA Proteobacteria Gammaproteobacteria Oceanospirillales Alcanivoracaceae NA,Sequencing_platform=Hiseq 2500 Rapid}","{Classification=Rare}",0.00138098707056442,1,1.02255766233885,872
"{taxa=Bacteria NA Proteobacteria Gammaproteobacteria Oceanospirillales Alcanivoracaceae NA,device=membrane}","{Classification=Rare}",0.00125584908358771,1,1.02255766233885,874
"{taxa=Bacteria NA Proteobacteria Gammaproteobacteria Oceanospirillales Alcanivoracaceae NA}","{Classification=Rare}",0.00146590213315576,1,1.02255766233885,875
"{taxa=Bacteria NA Bacteroidetes Flavobacteriia Flavobacteriales Flavobacteriaceae Flavicella,device=membrane,Sequencing_platform=Hiseq 2500 Rapid}","{Classification=Rare}",0.00117093402099637,1,1.02255766233885,878
"{taxa=Bacteria NA Bacteroidetes Flavobacteriia Flavobacteriales Flavobacteriaceae Flavicella,Sequencing_platform=Hiseq 2500 Rapid}","{Classification=Rare}",0.00137651785674382,1,1.02255766233885,879
"{taxa=Bacteria NA Bacteroidetes Flavobacteriia Flavobacteriales Flavobacteriaceae Flavicella,device=membrane}","{Classification=Rare}",0.00123350301448472,1,1.02255766233885,881
"{taxa=Bacteria NA Bacteroidetes Flavobacteriia Flavobacteriales Flavobacteriaceae Flavicella}","{Classification=Rare}",0.00146590213315576,1,1.02255766233885,882
"{taxa=Bacteria NA Proteobacteria Gammaproteobacteria Alteromonadales Shewanellaceae Shewanella,device=membrane,Sequencing_platform=Hiseq 2500 Rapid}","{Classification=Rare}",0.00118881087627875,1,1.02255766233885,885
"{taxa=Bacteria NA Proteobacteria Gammaproteobacteria Alteromonadales Shewanellaceae Shewanella,Sequencing_platform=Hiseq 2500 Rapid}","{Classification=Rare}",0.00139439471202621,1,1.02255766233885,886
"{taxa=Bacteria NA Proteobacteria Gammaproteobacteria Alteromonadales Shewanellaceae Shewanella,device=membrane}","{Classification=Rare}",0.00125584908358771,1,1.02255766233885,888
"{taxa=Bacteria NA Proteobacteria Gammaproteobacteria Alteromonadales Shewanellaceae Shewanella}","{Classification=Rare}",0.00146590213315576,1,1.02255766233885,889
"{taxa=Bacteria NA Proteobacteria Alphaproteobacteria Sneathiellales NA NA,device=membrane,Sequencing_platform=Hiseq 2500 Rapid}","{Classification=Rare}",0.00114858795189338,1,1.02255766233885,892
"{taxa=Bacteria NA Proteobacteria Alphaproteobacteria Sneathiellales NA NA,Sequencing_platform=Hiseq 2500 Rapid}","{Classification=Rare}",0.00134970257382024,1,1.02255766233885,893
"{taxa=Bacteria NA Proteobacteria Alphaproteobacteria Sneathiellales NA NA,device=membrane}","{Classification=Rare}",0.00125584908358771,1,1.02255766233885,895
"{taxa=Bacteria NA Proteobacteria Alphaproteobacteria Sneathiellales NA NA}","{Classification=Rare}",0.00147930977461755,1,1.02255766233885,896
"{taxa=Bacteria NA Chlamydiae Chlamydiia Parachlamydiales NA NA,device=membrane,Sequencing_platform=Hiseq 2500 Rapid}","{Classification=Rare}",0.00117987244863756,1,1.02255766233885,899
"{taxa=Bacteria NA Chlamydiae Chlamydiia Parachlamydiales NA NA,Sequencing_platform=Hiseq 2500 Rapid}","{Classification=Rare}",0.00138545628438501,1,1.02255766233885,900
"{taxa=Bacteria NA Chlamydiae Chlamydiia Parachlamydiales NA NA,device=membrane}","{Classification=Rare}",0.0012603182974083,1,1.02255766233885,902
"{taxa=Bacteria NA Chlamydiae Chlamydiia Parachlamydiales NA NA}","{Classification=Rare}",0.00147930977461755,1,1.02255766233885,903
"{taxa=Bacteria NA Proteobacteria Alphaproteobacteria Rickettsiales Rickettsiaceae Candidatus_Megaira,device=membrane,Sequencing_platform=Hiseq 2500 Rapid}","{Classification=Rare}",0.00117987244863756,1,1.02255766233885,906
"{taxa=Bacteria NA Proteobacteria Alphaproteobacteria Rickettsiales Rickettsiaceae Candidatus_Megaira,Sequencing_platform=Hiseq 2500 Rapid}","{Classification=Rare}",0.00138545628438501,1,1.02255766233885,907
"{taxa=Bacteria NA Proteobacteria Alphaproteobacteria Rickettsiales Rickettsiaceae Candidatus_Megaira,device=membrane}","{Classification=Rare}",0.00125137986976711,1,1.02255766233885,909
"{taxa=Bacteria NA Proteobacteria Alphaproteobacteria Rickettsiales Rickettsiaceae Candidatus_Megaira}","{Classification=Rare}",0.00147930977461755,1,1.02255766233885,910
"{taxa=Archaea NA Euryarchaeota Thermoplasmata NA NA NA,Sequencing_platform=Hiseq 2500 Rapid}","{Classification=Rare}",0.001130711096611,1,1.02255766233885,913
"{taxa=Archaea NA Euryarchaeota Thermoplasmata NA NA NA,device=membrane}","{Classification=Rare}",0.0012692567250495,1,1.02255766233885,914
"{taxa=Archaea NA Euryarchaeota Thermoplasmata NA NA NA}","{Classification=Rare}",0.00148377898843814,1,1.02255766233885,915
"{taxa=Bacteria NA Kiritimatiellaeota Kiritimatiellae Kiritimatiellales NA NA,device=membrane,Sequencing_platform=Hiseq 2500 Rapid}","{Classification=Rare}",0.00117987244863756,1,1.02255766233885,918
"{taxa=Bacteria NA Kiritimatiellaeota Kiritimatiellae Kiritimatiellales NA NA,Sequencing_platform=Hiseq 2500 Rapid}","{Classification=Rare}",0.00138545628438501,1,1.02255766233885,919
"{taxa=Bacteria NA Kiritimatiellaeota Kiritimatiellae Kiritimatiellales NA NA,device=membrane}","{Classification=Rare}",0.0012603182974083,1,1.02255766233885,921
"{taxa=Bacteria NA Kiritimatiellaeota Kiritimatiellae Kiritimatiellales NA NA}","{Classification=Rare}",0.00148377898843814,1,1.02255766233885,922
"{taxa=Bacteria NA Proteobacteria Deltaproteobacteria Desulfobacterales NA NA,device=membrane,Sequencing_platform=Hiseq 2500 Rapid}","{Classification=Rare}",0.00116199559335517,1,1.02255766233885,925
"{taxa=Bacteria NA Proteobacteria Deltaproteobacteria Desulfobacterales NA NA,Sequencing_platform=Hiseq 2500 Rapid}","{Classification=Rare}",0.00136757942910263,1,1.02255766233885,926
"{taxa=Bacteria NA Proteobacteria Deltaproteobacteria Desulfobacterales NA NA,device=membrane}","{Classification=Rare}",0.00127819515269069,1,1.02255766233885,928
"{taxa=Bacteria NA Proteobacteria Deltaproteobacteria Desulfobacterales NA NA}","{Classification=Rare}",0.00148824820225874,1,1.02255766233885,929
"{taxa=Bacteria NA Proteobacteria Alphaproteobacteria Holosporales NA NA,Sequencing_platform=Hiseq 2500 Rapid}","{Classification=Rare}",0.00104579603401966,1,1.02255766233885,932
"{taxa=Bacteria NA Proteobacteria Alphaproteobacteria Holosporales NA NA,device=membrane}","{Classification=Rare}",0.00123797222830532,1,1.02255766233885,933
"{taxa=Bacteria NA Proteobacteria Alphaproteobacteria Holosporales NA NA}","{Classification=Rare}",0.00148824820225874,1,1.02255766233885,934
"{taxa=Bacteria NA Lentisphaerae Lentisphaeria Victivallales NA NA,Sequencing_platform=Hiseq 2500 Rapid}","{Classification=Rare}",0.00104132682019906,1,1.02255766233885,937
"{taxa=Bacteria NA Lentisphaerae Lentisphaeria Victivallales NA NA,device=membrane}","{Classification=Rare}",0.00124244144212592,1,1.02255766233885,938
"{taxa=Bacteria NA Lentisphaerae Lentisphaeria Victivallales NA NA}","{Classification=Rare}",0.00149271741607934,1,1.02255766233885,939
"{taxa=Bacteria NA Chloroflexi Anaerolineae Anaerolineales Anaerolineaceae NA,device=membrane,Sequencing_platform=Hiseq 2500 Rapid}","{Classification=Rare}",0.00110389581368741,1,1.02255766233885,942
"{taxa=Bacteria NA Chloroflexi Anaerolineae Anaerolineales Anaerolineaceae NA,Sequencing_platform=Hiseq 2500 Rapid}","{Classification=Rare}",0.00130947964943487,1,1.02255766233885,943
"{taxa=Bacteria NA Chloroflexi Anaerolineae Anaerolineales Anaerolineaceae NA,device=membrane}","{Classification=Rare}",0.0012603182974083,1,1.02255766233885,945
"{taxa=Bacteria NA Chloroflexi Anaerolineae Anaerolineales Anaerolineaceae NA}","{Classification=Rare}",0.00149271741607934,1,1.02255766233885,946
"{taxa=Bacteria NA Fibrobacteres Fibrobacteria Fibrobacterales Fibrobacteraceae NA,device=membrane,Sequencing_platform=Hiseq 2500 Rapid}","{Classification=Rare}",0.00117987244863756,1,1.02255766233885,949
"{taxa=Bacteria NA Fibrobacteres Fibrobacteria Fibrobacterales Fibrobacteraceae NA,Sequencing_platform=Hiseq 2500 Rapid}","{Classification=Rare}",0.00138545628438501,1,1.02255766233885,950
"{taxa=Bacteria NA Fibrobacteres Fibrobacteria Fibrobacterales Fibrobacteraceae NA,device=membrane}","{Classification=Rare}",0.0012692567250495,1,1.02255766233885,952
"{taxa=Bacteria NA Fibrobacteres Fibrobacteria Fibrobacterales Fibrobacteraceae NA}","{Classification=Rare}",0.00149271741607934,1,1.02255766233885,953
"{taxa=Bacteria NA Proteobacteria Gammaproteobacteria Cellvibrionales Halieaceae Parahaliea,device=membrane,Sequencing_platform=Hiseq 2500 Rapid}","{Classification=Rare}",0.00115752637953458,1,1.02255766233885,956
"{taxa=Bacteria NA Proteobacteria Gammaproteobacteria Cellvibrionales Halieaceae Parahaliea,Sequencing_platform=Hiseq 2500 Rapid}","{Classification=Rare}",0.00136311021528203,1,1.02255766233885,957
"{taxa=Bacteria NA Proteobacteria Gammaproteobacteria Cellvibrionales Halieaceae Parahaliea,device=membrane}","{Classification=Rare}",0.00125584908358771,1,1.02255766233885,959
"{taxa=Bacteria NA Proteobacteria Gammaproteobacteria Cellvibrionales Halieaceae Parahaliea}","{Classification=Rare}",0.00149271741607934,1,1.02255766233885,960
"{taxa=Eukaryota Bacillariophyta Bacillariophyta Coscinodiscophyceae Chaetocerotales NA NA,device=membrane}","{Classification=Rare}",0.00121562615920233,0.941176470588235,0.962407211613035,963
"{taxa=Eukaryota Bacillariophyta Bacillariophyta Coscinodiscophyceae Chaetocerotales NA NA}","{Classification=Rare}",0.00142120999494979,0.949253731343284,0.970666676488818,964
"{taxa=Bacteria NA Bacteroidetes Flavobacteriia Flavobacteriales Crocinitomicaceae NA,device=membrane,Sequencing_platform=Hiseq 2500 Rapid}","{Classification=Rare}",0.00117093402099637,0.992424242424242,1.01481101338174,966
"{taxa=Bacteria NA Bacteroidetes Flavobacteriia Flavobacteriales Crocinitomicaceae NA,Sequencing_platform=Hiseq 2500 Rapid}","{Classification=Rare}",0.00137651785674382,0.993548387096774,1.01596051613021,967
"{taxa=Bacteria NA Bacteroidetes Flavobacteriia Flavobacteriales Crocinitomicaceae NA,device=membrane}","{Classification=Rare}",0.0012647875112289,0.992982456140351,1.01538181909437,969
"{taxa=Bacteria NA Bacteroidetes Flavobacteriia Flavobacteriales Crocinitomicaceae NA}","{Classification=Rare}",0.00149271741607934,0.994047619047619,1.01647100958683,970
"{taxa=Bacteria NA Verrucomicrobia Verrucomicrobiae Verrucomicrobiales Verrucomicrobiaceae Luteolibacter,Sequencing_platform=Hiseq 2500 Rapid}","{Classification=Rare}",0.00104579603401966,1,1.02255766233885,973
"{taxa=Bacteria NA Verrucomicrobia Verrucomicrobiae Verrucomicrobiales Verrucomicrobiaceae Luteolibacter,device=membrane}","{Classification=Rare}",0.00130947964943487,1,1.02255766233885,974
"{taxa=Bacteria NA Verrucomicrobia Verrucomicrobiae Verrucomicrobiales Verrucomicrobiaceae Luteolibacter}","{Classification=Rare}",0.00150165584372053,1,1.02255766233885,975
"{taxa=Eukaryota Hacrobia Picozoa NA NA NA NA,device=membrane}","{Classification=Rare}",0.00127372593887009,0.996503496503496,1.01898228589711,978
"{taxa=Eukaryota Hacrobia Picozoa NA NA NA NA}","{Classification=Rare}",0.00150165584372053,0.997032640949555,1.01952336660491,979
"{taxa=Bacteria NA Bacteroidetes Saprospiria Saprospirales NA NA,device=membrane,Sequencing_platform=Hiseq 2500 Rapid}","{Classification=Rare}",0.00117093402099637,0.992424242424242,1.01481101338174,981
"{taxa=Bacteria NA Bacteroidetes Saprospiria Saprospirales NA NA,Sequencing_platform=Hiseq 2500 Rapid}","{Classification=Rare}",0.00137651785674382,0.993548387096774,1.01596051613021,982
"{taxa=Bacteria NA Bacteroidetes Saprospiria Saprospirales NA NA,device=membrane}","{Classification=Rare}",0.00127372593887009,0.993031358885017,1.01543182497063,984
"{taxa=Bacteria NA Bacteroidetes Saprospiria Saprospirales NA NA}","{Classification=Rare}",0.00150165584372053,0.994082840236686,1.01650702528359,985
"{taxa=Bacteria NA Bacteroidetes Cytophagia Cytophagales Cytophagaceae NA,device=membrane,Sequencing_platform=Hiseq 2500 Rapid}","{Classification=Rare}",0.00117987244863756,1,1.02255766233885,988
"{taxa=Bacteria NA Bacteroidetes Cytophagia Cytophagales Cytophagaceae NA,Sequencing_platform=Hiseq 2500 Rapid}","{Classification=Rare}",0.00138545628438501,1,1.02255766233885,989
"{taxa=Bacteria NA Bacteroidetes Cytophagia Cytophagales Cytophagaceae NA,device=membrane}","{Classification=Rare}",0.00128266436651129,1,1.02255766233885,991
"{taxa=Bacteria NA Bacteroidetes Cytophagia Cytophagales Cytophagaceae NA}","{Classification=Rare}",0.00151506348518232,1,1.02255766233885,992
"{taxa=Bacteria NA Actinobacteria Actinobacteria Candidatus_Actinomarinales NA NA,device=membrane,Sequencing_platform=Hiseq 2500 Rapid}","{Classification=Rare}",0.00117093402099637,0.992424242424242,1.01481101338174,995
"{taxa=Bacteria NA Actinobacteria Actinobacteria Candidatus_Actinomarinales NA NA,Sequencing_platform=Hiseq 2500 Rapid}","{Classification=Rare}",0.00137651785674382,0.993548387096774,1.01596051613021,996
"{taxa=Bacteria NA Actinobacteria Actinobacteria Candidatus_Actinomarinales NA NA,device=membrane}","{Classification=Rare}",0.00127372593887009,0.993031358885017,1.01543182497063,998
"{taxa=Bacteria NA Actinobacteria Actinobacteria Candidatus_Actinomarinales NA NA}","{Classification=Rare}",0.00151059427136172,0.994117647058824,1.01654261726627,999
"{taxa=Bacteria NA Actinobacteria Actinobacteria Micrococcales Microbacteriaceae NA,device=membrane,Sequencing_platform=Hiseq 2500 Rapid}","{Classification=Rare}",0.00115752637953458,1,1.02255766233885,1002
"{taxa=Bacteria NA Actinobacteria Actinobacteria Micrococcales Microbacteriaceae NA,Sequencing_platform=Hiseq 2500 Rapid}","{Classification=Rare}",0.00136311021528203,1,1.02255766233885,1003
"{taxa=Bacteria NA Actinobacteria Actinobacteria Micrococcales Microbacteriaceae NA,device=membrane}","{Classification=Rare}",0.00128266436651129,1,1.02255766233885,1005
"{taxa=Bacteria NA Actinobacteria Actinobacteria Micrococcales Microbacteriaceae NA}","{Classification=Rare}",0.00151953269900292,1,1.02255766233885,1006
"{taxa=Bacteria NA Proteobacteria Gammaproteobacteria Alteromonadales Colwelliaceae NA,device=membrane,Sequencing_platform=Hiseq 2500 Rapid}","{Classification=Rare}",0.00117987244863756,1,1.02255766233885,1009
"{taxa=Bacteria NA Proteobacteria Gammaproteobacteria Alteromonadales Colwelliaceae NA,Sequencing_platform=Hiseq 2500 Rapid}","{Classification=Rare}",0.00138545628438501,1,1.02255766233885,1010
"{taxa=Bacteria NA Proteobacteria Gammaproteobacteria Alteromonadales Colwelliaceae NA,device=membrane}","{Classification=Rare}",0.00128713358033188,1,1.02255766233885,1012
"{taxa=Bacteria NA Proteobacteria Gammaproteobacteria Alteromonadales Colwelliaceae NA}","{Classification=Rare}",0.00151953269900292,1,1.02255766233885,1013
"{taxa=Bacteria NA Proteobacteria Oligoflexia Bdellovibrionales NA NA,Sequencing_platform=Hiseq 2500 Rapid}","{Classification=Rare}",0.0011217726689698,1,1.02255766233885,1016
"{taxa=Bacteria NA Proteobacteria Oligoflexia Bdellovibrionales NA NA,device=membrane}","{Classification=Rare}",0.00128266436651129,1,1.02255766233885,1017
"{taxa=Bacteria NA Proteobacteria Oligoflexia Bdellovibrionales NA NA}","{Classification=Rare}",0.00151953269900292,1,1.02255766233885,1018
"{taxa=Bacteria NA Bacteroidetes Bacteroidia NA NA NA,device=membrane,Sequencing_platform=Hiseq 2500 Rapid}","{Classification=Rare}",0.00109942659986682,1,1.02255766233885,1021
"{taxa=Bacteria NA Bacteroidetes Bacteroidia NA NA NA,Sequencing_platform=Hiseq 2500 Rapid}","{Classification=Rare}",0.00128266436651129,1,1.02255766233885,1022
"{taxa=Bacteria NA Bacteroidetes Bacteroidia NA NA NA,device=membrane}","{Classification=Rare}",0.00129160279415248,1,1.02255766233885,1024
"{taxa=Bacteria NA Bacteroidetes Bacteroidia NA NA NA}","{Classification=Rare}",0.00151953269900292,1,1.02255766233885,1025
"{taxa=Bacteria NA Proteobacteria Deltaproteobacteria Syntrophobacterales Syntrophobacteraceae NA,device=membrane,Sequencing_platform=Hiseq 2500 Rapid}","{Classification=Rare}",0.00106367288930204,1,1.02255766233885,1028
"{taxa=Bacteria NA Proteobacteria Deltaproteobacteria Syntrophobacterales Syntrophobacteraceae NA,Sequencing_platform=Hiseq 2500 Rapid}","{Classification=Rare}",0.0012603182974083,1,1.02255766233885,1029
"{taxa=Bacteria NA Proteobacteria Deltaproteobacteria Syntrophobacterales Syntrophobacteraceae NA,device=membrane}","{Classification=Rare}",0.00131394886325546,1,1.02255766233885,1031
"{taxa=Bacteria NA Proteobacteria Deltaproteobacteria Syntrophobacterales Syntrophobacteraceae NA}","{Classification=Rare}",0.00152400191282352,1,1.02255766233885,1032
"{taxa=Bacteria NA Proteobacteria Gammaproteobacteria Methylococcales NA NA,device=membrane,Sequencing_platform=Hiseq 2500 Rapid}","{Classification=Rare}",0.00114411873807279,1,1.02255766233885,1035
"{taxa=Bacteria NA Proteobacteria Gammaproteobacteria Methylococcales NA NA,Sequencing_platform=Hiseq 2500 Rapid}","{Classification=Rare}",0.00134970257382024,1,1.02255766233885,1036
"{taxa=Bacteria NA Proteobacteria Gammaproteobacteria Methylococcales NA NA,device=membrane}","{Classification=Rare}",0.00128713358033188,1,1.02255766233885,1038
"{taxa=Bacteria NA Proteobacteria Gammaproteobacteria Methylococcales NA NA}","{Classification=Rare}",0.00152400191282352,1,1.02255766233885,1039
"{taxa=Bacteria NA Proteobacteria Alphaproteobacteria Kordiimonadales NA NA,device=membrane,Sequencing_platform=Hiseq 2500 Rapid}","{Classification=Rare}",0.00109942659986682,1,1.02255766233885,1042
"{taxa=Bacteria NA Proteobacteria Alphaproteobacteria Kordiimonadales NA NA,Sequencing_platform=Hiseq 2500 Rapid}","{Classification=Rare}",0.00128713358033188,1,1.02255766233885,1043
"{taxa=Bacteria NA Proteobacteria Alphaproteobacteria Kordiimonadales NA NA,device=membrane}","{Classification=Rare}",0.00128713358033188,1,1.02255766233885,1045
"{taxa=Bacteria NA Proteobacteria Alphaproteobacteria Kordiimonadales NA NA}","{Classification=Rare}",0.00152400191282352,1,1.02255766233885,1046
"{taxa=Bacteria NA Proteobacteria Gammaproteobacteria Oceanospirillales Oceanospirillaceae Marinomonas,device=membrane,Sequencing_platform=Hiseq 2500 Rapid}","{Classification=Rare}",0.00117093402099637,1,1.02255766233885,1053
"{taxa=Bacteria NA Proteobacteria Gammaproteobacteria Oceanospirillales Oceanospirillaceae Marinomonas,Sequencing_platform=Hiseq 2500 Rapid}","{Classification=Rare}",0.00137651785674382,1,1.02255766233885,1054
"{taxa=Bacteria NA Proteobacteria Gammaproteobacteria Oceanospirillales Oceanospirillaceae Marinomonas,device=membrane}","{Classification=Rare}",0.00130501043561427,1,1.02255766233885,1056
"{taxa=Bacteria NA Proteobacteria Gammaproteobacteria Oceanospirillales Oceanospirillaceae Marinomonas}","{Classification=Rare}",0.00153740955428531,1,1.02255766233885,1057
"{taxa=Bacteria NA Chlamydiae Chlamydiia Parachlamydiales Simkaniaceae NA,device=membrane,Sequencing_platform=Hiseq 2500 Rapid}","{Classification=Rare}",0.00117987244863756,1,1.02255766233885,1060
"{taxa=Bacteria NA Chlamydiae Chlamydiia Parachlamydiales Simkaniaceae NA,Sequencing_platform=Hiseq 2500 Rapid}","{Classification=Rare}",0.00138545628438501,1,1.02255766233885,1061
"{taxa=Bacteria NA Chlamydiae Chlamydiia Parachlamydiales Simkaniaceae NA,device=membrane}","{Classification=Rare}",0.00130947964943487,1,1.02255766233885,1063
"{taxa=Bacteria NA Chlamydiae Chlamydiia Parachlamydiales Simkaniaceae NA}","{Classification=Rare}",0.00153740955428531,1,1.02255766233885,1064
"{taxa=Bacteria NA Proteobacteria Gammaproteobacteria Vibrionales NA NA,device=membrane,Sequencing_platform=Hiseq 2500 Rapid}","{Classification=Rare}",0.00117987244863756,1,1.02255766233885,1067
"{taxa=Bacteria NA Proteobacteria Gammaproteobacteria Vibrionales NA NA,Sequencing_platform=Hiseq 2500 Rapid}","{Classification=Rare}",0.00138098707056442,1,1.02255766233885,1068
"{taxa=Bacteria NA Proteobacteria Gammaproteobacteria Vibrionales NA NA,device=membrane}","{Classification=Rare}",0.00133182571853785,1,1.02255766233885,1070
"{taxa=Bacteria NA Proteobacteria Gammaproteobacteria Vibrionales NA NA}","{Classification=Rare}",0.00153740955428531,1,1.02255766233885,1071
"{taxa=Bacteria NA Bacteroidetes Cytophagia Cytophagales Cytophagaceae Ekhidna,device=membrane,Sequencing_platform=Hiseq 2500 Rapid}","{Classification=Rare}",0.00117540323481696,0.996212121212121,1.01868433786029,1074
"{taxa=Bacteria NA Bacteroidetes Cytophagia Cytophagales Cytophagaceae Ekhidna,Sequencing_platform=Hiseq 2500 Rapid}","{Classification=Rare}",0.00138098707056442,0.996774193548387,1.01925908923453,1075
"{taxa=Bacteria NA Bacteroidetes Cytophagia Cytophagales Cytophagaceae Ekhidna,device=membrane}","{Classification=Rare}",0.00131394886325546,0.996610169491525,1.01909136517838,1077
"{taxa=Bacteria NA Bacteroidetes Cytophagia Cytophagales Cytophagaceae Ekhidna}","{Classification=Rare}",0.0015418787681059,0.997109826589595,1.01960229337255,1078
"{taxa=Bacteria NA Proteobacteria Alphaproteobacteria Kiloniellales NA NA,device=membrane,Sequencing_platform=Hiseq 2500 Rapid}","{Classification=Rare}",0.00110836502750801,0.939393939393939,0.960584470681949,1081
"{taxa=Bacteria NA Proteobacteria Alphaproteobacteria Kiloniellales NA NA,Sequencing_platform=Hiseq 2500 Rapid}","{Classification=Rare}",0.00131394886325546,0.948387096774194,0.969780492669748,1082
"{taxa=Bacteria NA Proteobacteria Alphaproteobacteria Kiloniellales NA NA,device=membrane}","{Classification=Rare}",0.00125137986976711,0.945945945945946,0.967284275185398,1084
"{taxa=Bacteria NA Proteobacteria Alphaproteobacteria Kiloniellales NA NA}","{Classification=Rare}",0.00147930977461755,0.953890489913545,0.975408029493254,1085
"{taxa=Bacteria NA Proteobacteria Gammaproteobacteria Oceanospirillales Litoricolaceae NA,device=membrane,Sequencing_platform=Hiseq 2500 Rapid}","{Classification=Rare}",0.0011262418827904,1,1.02255766233885,1088
"{taxa=Bacteria NA Proteobacteria Gammaproteobacteria Oceanospirillales Litoricolaceae NA,Sequencing_platform=Hiseq 2500 Rapid}","{Classification=Rare}",0.00133182571853785,1,1.02255766233885,1089
"{taxa=Bacteria NA Proteobacteria Gammaproteobacteria Oceanospirillales Litoricolaceae NA,device=membrane}","{Classification=Rare}",0.00132735650471726,1,1.02255766233885,1091
"{taxa=Bacteria NA Proteobacteria Gammaproteobacteria Oceanospirillales Litoricolaceae NA}","{Classification=Rare}",0.00156422483720889,1,1.02255766233885,1092
"{taxa=Bacteria NA Proteobacteria Alphaproteobacteria Rhodospirillales Rhodospirillaceae Thalassospira,Sequencing_platform=Hiseq 2500 Rapid}","{Classification=Rare}",0.00113518031043159,1,1.02255766233885,1095
"{taxa=Bacteria NA Proteobacteria Alphaproteobacteria Rhodospirillales Rhodospirillaceae Thalassospira,device=membrane}","{Classification=Rare}",0.00133182571853785,1,1.02255766233885,1096
"{taxa=Bacteria NA Proteobacteria Alphaproteobacteria Rhodospirillales Rhodospirillaceae Thalassospira}","{Classification=Rare}",0.00156869405102948,1,1.02255766233885,1097
"{taxa=Bacteria NA Chloroflexi NA NA NA NA,device=membrane,Sequencing_platform=Hiseq 2500 Rapid}","{Classification=Rare}",0.00117987244863756,1,1.02255766233885,1100
"{taxa=Bacteria NA Chloroflexi NA NA NA NA,Sequencing_platform=Hiseq 2500 Rapid}","{Classification=Rare}",0.00138545628438501,1,1.02255766233885,1101
"{taxa=Bacteria NA Chloroflexi NA NA NA NA,device=membrane}","{Classification=Rare}",0.00133182571853785,1,1.02255766233885,1103
"{taxa=Bacteria NA Chloroflexi NA NA NA NA}","{Classification=Rare}",0.00158210169249127,1,1.02255766233885,1104
"{taxa=Bacteria NA Proteobacteria Alphaproteobacteria Caulobacterales NA NA,device=membrane,Sequencing_platform=Hiseq 2500 Rapid}","{Classification=Rare}",0.00102344996491667,1,1.02255766233885,1107
"{taxa=Bacteria NA Proteobacteria Alphaproteobacteria Caulobacterales NA NA,Sequencing_platform=Hiseq 2500 Rapid}","{Classification=Rare}",0.00120221851774054,1,1.02255766233885,1108
"{taxa=Bacteria NA Proteobacteria Alphaproteobacteria Caulobacterales NA NA,device=membrane}","{Classification=Rare}",0.00133629493235845,1,1.02255766233885,1110
"{taxa=Bacteria NA Proteobacteria Alphaproteobacteria Caulobacterales NA NA}","{Classification=Rare}",0.00158657090631187,1,1.02255766233885,1111
"{taxa=Bacteria NA Proteobacteria Betaproteobacteria Nitrosomonadales Methylophilaceae NA,device=membrane,Sequencing_platform=Hiseq 2500 Rapid}","{Classification=Rare}",0.00117987244863756,1,1.02255766233885,1114
"{taxa=Bacteria NA Proteobacteria Betaproteobacteria Nitrosomonadales Methylophilaceae NA,Sequencing_platform=Hiseq 2500 Rapid}","{Classification=Rare}",0.00138545628438501,1,1.02255766233885,1115
"{taxa=Bacteria NA Proteobacteria Betaproteobacteria Nitrosomonadales Methylophilaceae NA,device=membrane}","{Classification=Rare}",0.00134523335999964,1,1.02255766233885,1117
"{taxa=Bacteria NA Proteobacteria Betaproteobacteria Nitrosomonadales Methylophilaceae NA}","{Classification=Rare}",0.00158657090631187,1,1.02255766233885,1118
"{taxa=Eukaryota Bacillariophyta Bacillariophyta Coscinodiscophyceae NA NA NA,device=membrane}","{Classification=Rare}",0.0012647875112289,0.909967845659164,0.930494593060754,1121
"{taxa=Eukaryota Bacillariophyta Bacillariophyta Coscinodiscophyceae NA NA NA}","{Classification=Rare}",0.00146590213315576,0.921348314606742,0.942131778784108,1122
"{taxa=Bacteria NA Proteobacteria Alphaproteobacteria Rhizobiales Rhizobiaceae NA,device=membrane,Sequencing_platform=Hiseq 2500 Rapid}","{Classification=Rare}",0.00115752637953458,1,1.02255766233885,1124
"{taxa=Bacteria NA Proteobacteria Alphaproteobacteria Rhizobiales Rhizobiaceae NA,Sequencing_platform=Hiseq 2500 Rapid}","{Classification=Rare}",0.00135864100146143,1,1.02255766233885,1125
"{taxa=Bacteria NA Proteobacteria Alphaproteobacteria Rhizobiales Rhizobiaceae NA,device=membrane}","{Classification=Rare}",0.00135864100146143,1,1.02255766233885,1127
"{taxa=Bacteria NA Proteobacteria Alphaproteobacteria Rhizobiales Rhizobiaceae NA}","{Classification=Rare}",0.00159550933395306,1,1.02255766233885,1128
"{taxa=Bacteria NA Bacteroidetes Cytophagia Cytophagales NA NA,device=membrane,Sequencing_platform=Hiseq 2500 Rapid}","{Classification=Rare}",0.00117540323481696,0.996212121212121,1.01868433786029,1131
"{taxa=Bacteria NA Bacteroidetes Cytophagia Cytophagales NA NA,Sequencing_platform=Hiseq 2500 Rapid}","{Classification=Rare}",0.00138098707056442,0.996774193548387,1.01925908923453,1132
"{taxa=Bacteria NA Bacteroidetes Cytophagia Cytophagales NA NA,device=membrane}","{Classification=Rare}",0.00134076414617905,0.996677740863787,1.01916046080284,1134
"{taxa=Bacteria NA Bacteroidetes Cytophagia Cytophagales NA NA}","{Classification=Rare}",0.00159104012013247,0.997198879551821,1.01969335516143,1135
"{taxa=Bacteria NA Proteobacteria Gammaproteobacteria Vibrionales Vibrionaceae NA,device=membrane,Sequencing_platform=Hiseq 2500 Rapid}","{Classification=Rare}",0.00117987244863756,1,1.02255766233885,1138
"{taxa=Bacteria NA Proteobacteria Gammaproteobacteria Vibrionales Vibrionaceae NA,Sequencing_platform=Hiseq 2500 Rapid}","{Classification=Rare}",0.00138545628438501,1,1.02255766233885,1139
"{taxa=Bacteria NA Proteobacteria Gammaproteobacteria Vibrionales Vibrionaceae NA,device=membrane}","{Classification=Rare}",0.00134523335999964,1,1.02255766233885,1141
"{taxa=Bacteria NA Proteobacteria Gammaproteobacteria Vibrionales Vibrionaceae NA}","{Classification=Rare}",0.00159550933395306,1,1.02255766233885,1142
"{taxa=Bacteria NA Bacteroidetes Bacteroidia Bacteroidales NA NA,device=membrane,Sequencing_platform=Hiseq 2500 Rapid}","{Classification=Rare}",0.00119328009009935,1,1.02255766233885,1145
"{taxa=Bacteria NA Bacteroidetes Bacteroidia Bacteroidales NA NA,Sequencing_platform=Hiseq 2500 Rapid}","{Classification=Rare}",0.001407802353488,1,1.02255766233885,1146
"{taxa=Bacteria NA Bacteroidetes Bacteroidia Bacteroidales NA NA,device=membrane}","{Classification=Rare}",0.00137204864292322,1,1.02255766233885,1148
"{taxa=Bacteria NA Bacteroidetes Bacteroidia Bacteroidales NA NA}","{Classification=Rare}",0.00160444776159426,1,1.02255766233885,1149
"{taxa=Bacteria NA Proteobacteria Gammaproteobacteria Chromatiales Chromatiaceae Candidatus_Tenderia,device=membrane,Sequencing_platform=Hiseq 2500 Rapid}","{Classification=Rare}",0.00113518031043159,1,1.02255766233885,1152
"{taxa=Bacteria NA Proteobacteria Gammaproteobacteria Chromatiales Chromatiaceae Candidatus_Tenderia,Sequencing_platform=Hiseq 2500 Rapid}","{Classification=Rare}",0.00133182571853785,1,1.02255766233885,1153
"{taxa=Bacteria NA Proteobacteria Gammaproteobacteria Chromatiales Chromatiaceae Candidatus_Tenderia,device=membrane}","{Classification=Rare}",0.00136311021528203,1,1.02255766233885,1155
"{taxa=Bacteria NA Proteobacteria Gammaproteobacteria Chromatiales Chromatiaceae Candidatus_Tenderia}","{Classification=Rare}",0.00160444776159426,1,1.02255766233885,1156
"{taxa=Bacteria NA Proteobacteria Alphaproteobacteria Holosporales Holosporaceae NA,device=membrane,Sequencing_platform=Hiseq 2500 Rapid}","{Classification=Rare}",0.00101004232345488,1,1.02255766233885,1159
"{taxa=Bacteria NA Proteobacteria Alphaproteobacteria Holosporales Holosporaceae NA,Sequencing_platform=Hiseq 2500 Rapid}","{Classification=Rare}",0.00121115694538174,1,1.02255766233885,1160
"{taxa=Bacteria NA Proteobacteria Alphaproteobacteria Holosporales Holosporaceae NA,device=membrane}","{Classification=Rare}",0.00134076414617905,1,1.02255766233885,1162
"{taxa=Bacteria NA Proteobacteria Alphaproteobacteria Holosporales Holosporaceae NA}","{Classification=Rare}",0.00160891697541485,1,1.02255766233885,1163
"{taxa=Bacteria NA Proteobacteria Gammaproteobacteria Arenicellales Arenicellaceae NA,device=membrane,Sequencing_platform=Hiseq 2500 Rapid}","{Classification=Rare}",0.00117540323481696,1,1.02255766233885,1166
"{taxa=Bacteria NA Proteobacteria Gammaproteobacteria Arenicellales Arenicellaceae NA,Sequencing_platform=Hiseq 2500 Rapid}","{Classification=Rare}",0.00138098707056442,1,1.02255766233885,1167
"{taxa=Bacteria NA Proteobacteria Gammaproteobacteria Arenicellales Arenicellaceae NA,device=membrane}","{Classification=Rare}",0.00135864100146143,1,1.02255766233885,1169
"{taxa=Bacteria NA Proteobacteria Gammaproteobacteria Arenicellales Arenicellaceae NA}","{Classification=Rare}",0.00160891697541485,1,1.02255766233885,1170
"{taxa=Bacteria NA Proteobacteria Alphaproteobacteria Sphingomonadales Sphingomonadaceae Sphingomonas,device=membrane,Sequencing_platform=Hiseq 2500 Rapid}","{Classification=Rare}",0.00113518031043159,1,1.02255766233885,1173
"{taxa=Bacteria NA Proteobacteria Alphaproteobacteria Sphingomonadales Sphingomonadaceae Sphingomonas,Sequencing_platform=Hiseq 2500 Rapid}","{Classification=Rare}",0.00133629493235845,1,1.02255766233885,1174
"{taxa=Bacteria NA Proteobacteria Alphaproteobacteria Sphingomonadales Sphingomonadaceae Sphingomonas,device=membrane}","{Classification=Rare}",0.00137204864292322,1,1.02255766233885,1176
"{taxa=Bacteria NA Proteobacteria Alphaproteobacteria Sphingomonadales Sphingomonadaceae Sphingomonas}","{Classification=Rare}",0.00161338618923545,1,1.02255766233885,1177
"{taxa=Bacteria NA Proteobacteria Gammaproteobacteria Cellvibrionales Halieaceae Luminiphilus,device=membrane,Sequencing_platform=Hiseq 2500 Rapid}","{Classification=Rare}",0.00117987244863756,1,1.02255766233885,1180
"{taxa=Bacteria NA Proteobacteria Gammaproteobacteria Cellvibrionales Halieaceae Luminiphilus,Sequencing_platform=Hiseq 2500 Rapid}","{Classification=Rare}",0.00138545628438501,1,1.02255766233885,1181
"{taxa=Bacteria NA Proteobacteria Gammaproteobacteria Cellvibrionales Halieaceae Luminiphilus,device=membrane}","{Classification=Rare}",0.00136311021528203,1,1.02255766233885,1183
"{taxa=Bacteria NA Proteobacteria Gammaproteobacteria Cellvibrionales Halieaceae Luminiphilus}","{Classification=Rare}",0.00161338618923545,1,1.02255766233885,1184
"{taxa=Bacteria NA Actinobacteria Actinobacteria NA NA NA,device=membrane,Sequencing_platform=Hiseq 2500 Rapid}","{Classification=Rare}",0.00117540323481696,1,1.02255766233885,1187
"{taxa=Bacteria NA Actinobacteria Actinobacteria NA NA NA,Sequencing_platform=Hiseq 2500 Rapid}","{Classification=Rare}",0.00138098707056442,1,1.02255766233885,1188
"{taxa=Bacteria NA Actinobacteria Actinobacteria NA NA NA,device=membrane}","{Classification=Rare}",0.00136311021528203,1,1.02255766233885,1190
"{taxa=Bacteria NA Actinobacteria Actinobacteria NA NA NA}","{Classification=Rare}",0.00161785540305605,1,1.02255766233885,1191
"{taxa=Bacteria NA Proteobacteria Gammaproteobacteria Alteromonadales Pseudoalteromonadaceae Pseudoalteromonas,device=membrane,Sequencing_platform=Hiseq 2500 Rapid}","{Classification=Rare}",0.00123350301448472,1,1.02255766233885,1194
"{taxa=Bacteria NA Proteobacteria Gammaproteobacteria Alteromonadales Pseudoalteromonadaceae Pseudoalteromonas,Sequencing_platform=Hiseq 2500 Rapid}","{Classification=Rare}",0.00143908685023218,1,1.02255766233885,1195
"{taxa=Bacteria NA Proteobacteria Gammaproteobacteria Alteromonadales Pseudoalteromonadaceae Pseudoalteromonas,device=membrane}","{Classification=Rare}",0.00137204864292322,1,1.02255766233885,1197
"{taxa=Bacteria NA Proteobacteria Gammaproteobacteria Alteromonadales Pseudoalteromonadaceae Pseudoalteromonas}","{Classification=Rare}",0.00162232461687665,1,1.02255766233885,1198
"{taxa=Bacteria NA Bacteroidetes Cytophagia Cytophagales Cyclobacteriaceae NA,device=membrane,Sequencing_platform=Hiseq 2500 Rapid}","{Classification=Rare}",0.00117093402099637,0.992424242424242,1.01481101338174,1201
"{taxa=Bacteria NA Bacteroidetes Cytophagia Cytophagales Cyclobacteriaceae NA,Sequencing_platform=Hiseq 2500 Rapid}","{Classification=Rare}",0.00137651785674382,0.993548387096774,1.01596051613021,1202
"{taxa=Bacteria NA Bacteroidetes Cytophagia Cytophagales Cyclobacteriaceae NA,device=membrane}","{Classification=Rare}",0.00136757942910263,0.993506493506494,1.01591767751847,1204
"{taxa=Bacteria NA Bacteroidetes Cytophagia Cytophagales Cyclobacteriaceae NA}","{Classification=Rare}",0.00161338618923545,0.994490358126722,1.01692373582459,1205
"{taxa=Bacteria NA Proteobacteria Gammaproteobacteria Cellvibrionales Halieaceae Halioglobus,device=membrane,Sequencing_platform=Hiseq 2500 Rapid}","{Classification=Rare}",0.00117987244863756,1,1.02255766233885,1208
"{taxa=Bacteria NA Proteobacteria Gammaproteobacteria Cellvibrionales Halieaceae Halioglobus,Sequencing_platform=Hiseq 2500 Rapid}","{Classification=Rare}",0.00138545628438501,1,1.02255766233885,1209
"{taxa=Bacteria NA Proteobacteria Gammaproteobacteria Cellvibrionales Halieaceae Halioglobus,device=membrane}","{Classification=Rare}",0.00137204864292322,1,1.02255766233885,1211
"{taxa=Bacteria NA Proteobacteria Gammaproteobacteria Cellvibrionales Halieaceae Halioglobus}","{Classification=Rare}",0.00162232461687665,1,1.02255766233885,1212
"{taxa=Bacteria NA Chloroflexi Dehalococcoidia NA NA NA,device=membrane,Sequencing_platform=Hiseq 2500 Rapid}","{Classification=Rare}",0.00117093402099637,1,1.02255766233885,1215
"{taxa=Bacteria NA Chloroflexi Dehalococcoidia NA NA NA,Sequencing_platform=Hiseq 2500 Rapid}","{Classification=Rare}",0.00137651785674382,1,1.02255766233885,1216
"{taxa=Bacteria NA Chloroflexi Dehalococcoidia NA NA NA,device=membrane}","{Classification=Rare}",0.00137651785674382,1,1.02255766233885,1218
"{taxa=Bacteria NA Chloroflexi Dehalococcoidia NA NA NA}","{Classification=Rare}",0.00163126304451784,1,1.02255766233885,1219
"{taxa=Bacteria NA Bacteroidetes Saprospiria Saprospirales Saprospiraceae Aureispira,device=membrane,Sequencing_platform=Hiseq 2500 Rapid}","{Classification=Rare}",0.00117987244863756,1,1.02255766233885,1222
"{taxa=Bacteria NA Bacteroidetes Saprospiria Saprospirales Saprospiraceae Aureispira,Sequencing_platform=Hiseq 2500 Rapid}","{Classification=Rare}",0.00138545628438501,1,1.02255766233885,1223
"{taxa=Bacteria NA Bacteroidetes Saprospiria Saprospirales Saprospiraceae Aureispira,device=membrane}","{Classification=Rare}",0.00138545628438501,1,1.02255766233885,1225
"{taxa=Bacteria NA Bacteroidetes Saprospiria Saprospirales Saprospiraceae Aureispira}","{Classification=Rare}",0.00163126304451784,1,1.02255766233885,1226
"{taxa=Bacteria NA Proteobacteria Deltaproteobacteria Desulfuromonadales NA NA,device=membrane,Sequencing_platform=Hiseq 2500 Rapid}","{Classification=Rare}",0.00107261131694324,1,1.02255766233885,1229
"{taxa=Bacteria NA Proteobacteria Deltaproteobacteria Desulfuromonadales NA NA,Sequencing_platform=Hiseq 2500 Rapid}","{Classification=Rare}",0.00123350301448472,1,1.02255766233885,1230
"{taxa=Bacteria NA Proteobacteria Deltaproteobacteria Desulfuromonadales NA NA,device=membrane}","{Classification=Rare}",0.001407802353488,1,1.02255766233885,1232
"{taxa=Bacteria NA Proteobacteria Deltaproteobacteria Desulfuromonadales NA NA}","{Classification=Rare}",0.00163573225833844,1,1.02255766233885,1233
"{taxa=Bacteria NA Bacteroidetes Chitinophagia Chitinophagales NA NA,device=membrane,Sequencing_platform=Hiseq 2500 Rapid}","{Classification=Rare}",0.00117987244863756,1,1.02255766233885,1236
"{taxa=Bacteria NA Bacteroidetes Chitinophagia Chitinophagales NA NA,Sequencing_platform=Hiseq 2500 Rapid}","{Classification=Rare}",0.00138545628438501,1,1.02255766233885,1237
"{taxa=Bacteria NA Bacteroidetes Chitinophagia Chitinophagales NA NA,device=membrane}","{Classification=Rare}",0.00138545628438501,1,1.02255766233885,1239
"{taxa=Bacteria NA Bacteroidetes Chitinophagia Chitinophagales NA NA}","{Classification=Rare}",0.00163573225833844,1,1.02255766233885,1240
"{taxa=Bacteria NA Proteobacteria Gammaproteobacteria Chromatiales Woeseiaceae Woeseia,device=membrane,Sequencing_platform=Hiseq 2500 Rapid}","{Classification=Rare}",0.00118434166245816,1,1.02255766233885,1243
"{taxa=Bacteria NA Proteobacteria Gammaproteobacteria Chromatiales Woeseiaceae Woeseia,Sequencing_platform=Hiseq 2500 Rapid}","{Classification=Rare}",0.00138992549820561,1,1.02255766233885,1244
"{taxa=Bacteria NA Proteobacteria Gammaproteobacteria Chromatiales Woeseiaceae Woeseia,device=membrane}","{Classification=Rare}",0.00138545628438501,1,1.02255766233885,1246
"{taxa=Bacteria NA Proteobacteria Gammaproteobacteria Chromatiales Woeseiaceae Woeseia}","{Classification=Rare}",0.00163573225833844,1,1.02255766233885,1247
"{taxa=Bacteria NA Proteobacteria Alphaproteobacteria Rhodobacterales Rhodobacteraceae Ascidiaceihabitans,device=membrane,Sequencing_platform=Hiseq 2500 Rapid}","{Classification=Rare}",0.00116646480717577,1,1.02255766233885,1250
"{taxa=Bacteria NA Proteobacteria Alphaproteobacteria Rhodobacterales Rhodobacteraceae Ascidiaceihabitans,Sequencing_platform=Hiseq 2500 Rapid}","{Classification=Rare}",0.00137204864292322,1,1.02255766233885,1251
"{taxa=Bacteria NA Proteobacteria Alphaproteobacteria Rhodobacterales Rhodobacteraceae Ascidiaceihabitans,device=membrane}","{Classification=Rare}",0.00138545628438501,1,1.02255766233885,1253
"{taxa=Bacteria NA Proteobacteria Alphaproteobacteria Rhodobacterales Rhodobacteraceae Ascidiaceihabitans}","{Classification=Rare}",0.00163573225833844,1,1.02255766233885,1254
"{taxa=Bacteria NA Proteobacteria Deltaproteobacteria Myxococcales Nannocystaceae NA,device=membrane,Sequencing_platform=Hiseq 2500 Rapid}","{Classification=Rare}",0.00113964952425219,0.965909090909091,0.987697742031843,1257
"{taxa=Bacteria NA Proteobacteria Deltaproteobacteria Myxococcales Nannocystaceae NA,Sequencing_platform=Hiseq 2500 Rapid}","{Classification=Rare}",0.00134523335999964,0.970967741935484,0.992870504399979,1258
"{taxa=Bacteria NA Proteobacteria Deltaproteobacteria Myxococcales Nannocystaceae NA,device=membrane}","{Classification=Rare}",0.00133182571853785,0.964401294498382,0.986155933258826,1260
"{taxa=Bacteria NA Proteobacteria Deltaproteobacteria Myxococcales Nannocystaceae NA}","{Classification=Rare}",0.00159104012013247,0.970027247956403,0.991908795075287,1261
"{taxa=Bacteria NA Cyanobacteria NA Synechococcales Synechococcaceae NA,device=membrane,Sequencing_platform=Hiseq 2500 Rapid}","{Classification=Rare}",0.00117987244863756,1,1.02255766233885,1264
"{taxa=Bacteria NA Cyanobacteria NA Synechococcales Synechococcaceae NA,Sequencing_platform=Hiseq 2500 Rapid}","{Classification=Rare}",0.00138545628438501,1,1.02255766233885,1265
"{taxa=Bacteria NA Cyanobacteria NA Synechococcales Synechococcaceae NA,device=membrane}","{Classification=Rare}",0.00138545628438501,1,1.02255766233885,1267
"{taxa=Bacteria NA Cyanobacteria NA Synechococcales Synechococcaceae NA}","{Classification=Rare}",0.00164467068597963,1,1.02255766233885,1268
"{taxa=Bacteria NA Bacteroidetes Saprospiria Saprospirales Saprospiraceae Saprospira,device=membrane,Sequencing_platform=Hiseq 2500 Rapid}","{Classification=Rare}",0.00135864100146143,1,1.02255766233885,1277
"{taxa=Bacteria NA Bacteroidetes Saprospiria Saprospirales Saprospiraceae Saprospira,Sequencing_platform=Hiseq 2500 Rapid}","{Classification=Rare}",0.00157763247867068,1,1.02255766233885,1278
"{taxa=Bacteria NA Bacteroidetes Saprospiria Saprospirales Saprospiraceae Saprospira,device=membrane}","{Classification=Rare}",0.00142120999494979,1,1.02255766233885,1280
"{taxa=Bacteria NA Bacteroidetes Saprospiria Saprospirales Saprospiraceae Saprospira}","{Classification=Rare}",0.00164467068597963,1,1.02255766233885,1281
"{taxa=Bacteria NA Candidatus_Peregrinibacteria NA NA NA NA,device=membrane,Sequencing_platform=Hiseq 2500 Rapid}","{Classification=Rare}",0.00101898075109607,1,1.02255766233885,1284
"{taxa=Bacteria NA Candidatus_Peregrinibacteria NA NA NA NA,Sequencing_platform=Hiseq 2500 Rapid}","{Classification=Rare}",0.00122456458684353,1,1.02255766233885,1285
"{taxa=Bacteria NA Candidatus_Peregrinibacteria NA NA NA NA,device=membrane}","{Classification=Rare}",0.00137204864292322,1,1.02255766233885,1287
"{taxa=Bacteria NA Candidatus_Peregrinibacteria NA NA NA NA}","{Classification=Rare}",0.00164467068597963,1,1.02255766233885,1288
"{taxa=Bacteria NA Bacteroidetes Flavobacteriia Flavobacteriales Crocinitomicaceae Fluviicola}","{Classification=Rare}",0.00133182571853785,0.807588075880759,0.825805375005358,1294
"{taxa=Bacteria NA Bacteroidetes Cytophagia Cytophagales Cytophagaceae Marinoscillum,device=membrane,Sequencing_platform=Hiseq 2500 Rapid}","{Classification=Rare}",0.00114858795189338,0.973484848484849,0.995444390988956,1297
"{taxa=Bacteria NA Bacteroidetes Cytophagia Cytophagales Cytophagaceae Marinoscillum,Sequencing_platform=Hiseq 2500 Rapid}","{Classification=Rare}",0.00135417178764084,0.97741935483871,0.999467650608617,1298
"{taxa=Bacteria NA Bacteroidetes Cytophagia Cytophagales Cytophagaceae Marinoscillum,device=membrane}","{Classification=Rare}",0.00136757942910263,0.977635782747604,0.999688960625201,1300
"{taxa=Bacteria NA Bacteroidetes Cytophagia Cytophagales Cytophagaceae Marinoscillum}","{Classification=Rare}",0.00161785540305605,0.981029810298103,1.00315954950315,1301
"{taxa=Bacteria NA Chloroflexi Ardenticatenia Ardenticatenales NA NA,Sequencing_platform=Hiseq 2500 Rapid}","{Classification=Rare}",0.00117540323481696,1,1.02255766233885,1304
"{taxa=Bacteria NA Chloroflexi Ardenticatenia Ardenticatenales NA NA,device=membrane}","{Classification=Rare}",0.00138992549820561,1,1.02255766233885,1305
"{taxa=Bacteria NA Chloroflexi Ardenticatenia Ardenticatenales NA NA}","{Classification=Rare}",0.00165360911362082,1,1.02255766233885,1306
"{taxa=Bacteria NA Planctomycetes Phycisphaerae Phycisphaerales NA NA,device=membrane,Sequencing_platform=Hiseq 2500 Rapid}","{Classification=Rare}",0.00117987244863756,1,1.02255766233885,1309
"{taxa=Bacteria NA Planctomycetes Phycisphaerae Phycisphaerales NA NA,Sequencing_platform=Hiseq 2500 Rapid}","{Classification=Rare}",0.00138545628438501,1,1.02255766233885,1310
"{taxa=Bacteria NA Planctomycetes Phycisphaerae Phycisphaerales NA NA,device=membrane}","{Classification=Rare}",0.0013988639258468,1,1.02255766233885,1312
"{taxa=Bacteria NA Planctomycetes Phycisphaerae Phycisphaerales NA NA}","{Classification=Rare}",0.00165360911362082,1,1.02255766233885,1313
"{taxa=Bacteria NA Bacteroidetes Flavobacteriia NA NA NA,device=membrane,Sequencing_platform=Hiseq 2500 Rapid}","{Classification=Rare}",0.00123350301448472,1,1.02255766233885,1319
"{taxa=Bacteria NA Bacteroidetes Flavobacteriia NA NA NA,Sequencing_platform=Hiseq 2500 Rapid}","{Classification=Rare}",0.00143908685023218,1,1.02255766233885,1320
"{taxa=Bacteria NA Bacteroidetes Flavobacteriia NA NA NA,device=membrane}","{Classification=Rare}",0.00141227156730859,1,1.02255766233885,1322
"{taxa=Bacteria NA Bacteroidetes Flavobacteriia NA NA NA}","{Classification=Rare}",0.00166254754126202,1,1.02255766233885,1323
"{taxa=Bacteria NA Proteobacteria Oligoflexia Bacteriovoracales NA NA,device=membrane,Sequencing_platform=Hiseq 2500 Rapid}","{Classification=Rare}",0.00113964952425219,1,1.02255766233885,1326
"{taxa=Bacteria NA Proteobacteria Oligoflexia Bacteriovoracales NA NA,Sequencing_platform=Hiseq 2500 Rapid}","{Classification=Rare}",0.00134523335999964,1,1.02255766233885,1327
"{taxa=Bacteria NA Proteobacteria Oligoflexia Bacteriovoracales NA NA,device=membrane}","{Classification=Rare}",0.00138545628438501,1,1.02255766233885,1329
"{taxa=Bacteria NA Proteobacteria Oligoflexia Bacteriovoracales NA NA}","{Classification=Rare}",0.00166254754126202,1,1.02255766233885,1330
"{taxa=Bacteria NA Proteobacteria Alphaproteobacteria Rhizobiales Hyphomicrobiaceae NA,device=membrane,Sequencing_platform=Hiseq 2500 Rapid}","{Classification=Rare}",0.00107261131694324,1,1.02255766233885,1333
"{taxa=Bacteria NA Proteobacteria Alphaproteobacteria Rhizobiales Hyphomicrobiaceae NA,Sequencing_platform=Hiseq 2500 Rapid}","{Classification=Rare}",0.00121562615920233,1,1.02255766233885,1334
"{taxa=Bacteria NA Proteobacteria Alphaproteobacteria Rhizobiales Hyphomicrobiaceae NA,device=membrane}","{Classification=Rare}",0.00145249449169397,1,1.02255766233885,1336
"{taxa=Bacteria NA Proteobacteria Alphaproteobacteria Rhizobiales Hyphomicrobiaceae NA}","{Classification=Rare}",0.00166701675508261,1,1.02255766233885,1337
"{taxa=Bacteria NA Bacteroidetes Sphingobacteriia Sphingobacteriales NA NA,device=membrane,Sequencing_platform=Hiseq 2500 Rapid}","{Classification=Rare}",0.00121115694538174,0.981884057971015,1.00403306700662,1340
"{taxa=Bacteria NA Bacteroidetes Sphingobacteriia Sphingobacteriales NA NA,Sequencing_platform=Hiseq 2500 Rapid}","{Classification=Rare}",0.00141674078112919,0.984472049689441,1.00667943776837,1341
"{taxa=Bacteria NA Bacteroidetes Sphingobacteriia Sphingobacteriales NA NA,device=membrane}","{Classification=Rare}",0.00139439471202621,0.984227129337539,1.00642899258587,1343
"{taxa=Bacteria NA Bacteroidetes Sphingobacteriia Sphingobacteriales NA NA}","{Classification=Rare}",0.00164913989980023,0.986631016042781,1.00888710535571,1344
"{taxa=Bacteria NA Nitrospirae NA NA NA NA,device=membrane,Sequencing_platform=Hiseq 2500 Rapid}","{Classification=Rare}",0.00109942659986682,1,1.02255766233885,1347
"{taxa=Bacteria NA Nitrospirae NA NA NA NA,Sequencing_platform=Hiseq 2500 Rapid}","{Classification=Rare}",0.00129160279415248,1,1.02255766233885,1348
"{taxa=Bacteria NA Nitrospirae NA NA NA NA,device=membrane}","{Classification=Rare}",0.00141227156730859,1,1.02255766233885,1350
"{taxa=Bacteria NA Nitrospirae NA NA NA NA}","{Classification=Rare}",0.00167148596890321,1,1.02255766233885,1351
"{taxa=Eukaryota Bacillariophyta Bacillariophyta Coscinodiscophyceae Chaetocerotales Chaetocerotaceae NA,device=membrane}","{Classification=Rare}",0.00134076414617905,0.93167701863354,0.952693474228742,1354
"{taxa=Eukaryota Bacillariophyta Bacillariophyta Coscinodiscophyceae Chaetocerotales Chaetocerotaceae NA}","{Classification=Rare}",0.00157763247867068,0.941333333333333,0.96256761281497,1355
"{taxa=Eukaryota Bacillariophyta Bacillariophyta Bacillariophyceae Bacillariales Bacillariaceae Pseudo-nitzschia,device=membrane}","{Classification=Rare}",0.00138098707056442,0.980952380952381,1.00308037353239,1358
"{taxa=Eukaryota Bacillariophyta Bacillariophyta Bacillariophyceae Bacillariales Bacillariaceae Pseudo-nitzschia}","{Classification=Rare}",0.00164913989980023,0.984,1.00619673974143,1359
"{taxa=Eukaryota Bacillariophyta Bacillariophyta Coscinodiscophyceae Thalassiosirales NA NA,Sequencing_platform=Hiseq 2500 Rapid}","{Classification=Rare}",0.00103685760637846,0.962655601659751,0.984370861670594,1361
"{taxa=Eukaryota Bacillariophyta Bacillariophyta Coscinodiscophyceae Thalassiosirales NA NA,device=membrane}","{Classification=Rare}",0.00138545628438501,0.971786833855799,0.993708073119258,1362
"{taxa=Eukaryota Bacillariophyta Bacillariophyta Coscinodiscophyceae Thalassiosirales NA NA}","{Classification=Rare}",0.00163573225833844,0.976,0.998016278442717,1363
"{taxa=Bacteria NA Proteobacteria Gammaproteobacteria Pseudomonadales Moraxellaceae NA,device=membrane,Sequencing_platform=Hiseq 2500 Rapid}","{Classification=Rare}",0.00111283424132861,1,1.02255766233885,1370
"{taxa=Bacteria NA Proteobacteria Gammaproteobacteria Pseudomonadales Moraxellaceae NA,Sequencing_platform=Hiseq 2500 Rapid}","{Classification=Rare}",0.00130054122179367,1,1.02255766233885,1371
"{taxa=Bacteria NA Proteobacteria Gammaproteobacteria Pseudomonadales Moraxellaceae NA,device=membrane}","{Classification=Rare}",0.00143014842259098,1,1.02255766233885,1373
"{taxa=Bacteria NA Proteobacteria Gammaproteobacteria Pseudomonadales Moraxellaceae NA}","{Classification=Rare}",0.0016804243965444,1,1.02255766233885,1374
"{taxa=Bacteria NA Proteobacteria Gammaproteobacteria Thiotrichales Francisellaceae Francisella,device=membrane,Sequencing_platform=Hiseq 2500 Rapid}","{Classification=Rare}",0.00106367288930204,1,1.02255766233885,1377
"{taxa=Bacteria NA Proteobacteria Gammaproteobacteria Thiotrichales Francisellaceae Francisella,Sequencing_platform=Hiseq 2500 Rapid}","{Classification=Rare}",0.00125584908358771,1,1.02255766233885,1378
"{taxa=Bacteria NA Proteobacteria Gammaproteobacteria Thiotrichales Francisellaceae Francisella,device=membrane}","{Classification=Rare}",0.00142120999494979,1,1.02255766233885,1380
"{taxa=Bacteria NA Proteobacteria Gammaproteobacteria Thiotrichales Francisellaceae Francisella}","{Classification=Rare}",0.001684893610365,1,1.02255766233885,1381
"{taxa=Bacteria NA Verrucomicrobia Opitutae Puniceicoccales NA NA,device=membrane,Sequencing_platform=Hiseq 2500 Rapid}","{Classification=Rare}",0.00117987244863756,1,1.02255766233885,1384
"{taxa=Bacteria NA Verrucomicrobia Opitutae Puniceicoccales NA NA,Sequencing_platform=Hiseq 2500 Rapid}","{Classification=Rare}",0.00138545628438501,1,1.02255766233885,1385
"{taxa=Bacteria NA Verrucomicrobia Opitutae Puniceicoccales NA NA,device=membrane}","{Classification=Rare}",0.00141674078112919,1,1.02255766233885,1387
"{taxa=Bacteria NA Verrucomicrobia Opitutae Puniceicoccales NA NA}","{Classification=Rare}",0.001684893610365,1,1.02255766233885,1388
"{taxa=Bacteria NA Bacteroidetes Flavobacteriia Flavobacteriales Cryomorphaceae NA,device=membrane,Sequencing_platform=Hiseq 2500 Rapid}","{Classification=Rare}",0.00102344996491667,0.841911764705882,0.860903326013222,1391
"{taxa=Bacteria NA Bacteroidetes Flavobacteriia Flavobacteriales Cryomorphaceae NA,Sequencing_platform=Hiseq 2500 Rapid}","{Classification=Rare}",0.00119774930391995,0.842767295597484,0.861778155681797,1392
"{taxa=Bacteria NA Bacteroidetes Flavobacteriia Flavobacteriales Cryomorphaceae NA,device=membrane}","{Classification=Rare}",0.00124244144212592,0.863354037267081,0.882829286118634,1394
"{taxa=Bacteria NA Bacteroidetes Flavobacteriia Flavobacteriales Cryomorphaceae NA}","{Classification=Rare}",0.00146143291933516,0.865079365079365,0.884593533293132,1395
"{taxa=Bacteria NA Proteobacteria Betaproteobacteria Burkholderiales NA NA,device=membrane,Sequencing_platform=Hiseq 2500 Rapid}","{Classification=Rare}",0.00117987244863756,1,1.02255766233885,1398
"{taxa=Bacteria NA Proteobacteria Betaproteobacteria Burkholderiales NA NA,Sequencing_platform=Hiseq 2500 Rapid}","{Classification=Rare}",0.00138545628438501,1,1.02255766233885,1399
"{taxa=Bacteria NA Proteobacteria Betaproteobacteria Burkholderiales NA NA,device=membrane}","{Classification=Rare}",0.00143908685023218,1,1.02255766233885,1401
"{taxa=Bacteria NA Proteobacteria Betaproteobacteria Burkholderiales NA NA}","{Classification=Rare}",0.00169830125182679,1,1.02255766233885,1402
"{taxa=Bacteria NA Proteobacteria Epsilonproteobacteria NA NA Sulfurovum,device=membrane,Sequencing_platform=Hiseq 2500 Rapid}","{Classification=Rare}",0.00104132682019906,1,1.02255766233885,1405
"{taxa=Bacteria NA Proteobacteria Epsilonproteobacteria NA NA Sulfurovum,Sequencing_platform=Hiseq 2500 Rapid}","{Classification=Rare}",0.00124244144212592,1,1.02255766233885,1406
"{taxa=Bacteria NA Proteobacteria Epsilonproteobacteria NA NA Sulfurovum,device=membrane}","{Classification=Rare}",0.00143014842259098,1,1.02255766233885,1408
"{taxa=Bacteria NA Proteobacteria Epsilonproteobacteria NA NA Sulfurovum}","{Classification=Rare}",0.00169830125182679,1,1.02255766233885,1409
"{taxa=Bacteria NA Fusobacteria Fusobacteriia Fusobacteriales Fusobacteriaceae NA,device=membrane,Sequencing_platform=Hiseq 2500 Rapid}","{Classification=Rare}",0.00141227156730859,1,1.02255766233885,1412
"{taxa=Bacteria NA Fusobacteria Fusobacteriia Fusobacteriales Fusobacteriaceae NA,Sequencing_platform=Hiseq 2500 Rapid}","{Classification=Rare}",0.00166254754126202,1,1.02255766233885,1413
"{taxa=Bacteria NA Fusobacteria Fusobacteriia Fusobacteriales Fusobacteriaceae NA,device=membrane}","{Classification=Rare}",0.00145249449169397,1,1.02255766233885,1415
"{taxa=Bacteria NA Fusobacteria Fusobacteriia Fusobacteriales Fusobacteriaceae NA}","{Classification=Rare}",0.00170277046564739,1,1.02255766233885,1416
"{taxa=Bacteria NA Lentisphaerae Oligosphaeria NA NA NA,device=membrane,Sequencing_platform=Hiseq 2500 Rapid}","{Classification=Rare}",0.001130711096611,1,1.02255766233885,1419
"{taxa=Bacteria NA Lentisphaerae Oligosphaeria NA NA NA,Sequencing_platform=Hiseq 2500 Rapid}","{Classification=Rare}",0.00133629493235845,1,1.02255766233885,1420
"{taxa=Bacteria NA Lentisphaerae Oligosphaeria NA NA NA,device=membrane}","{Classification=Rare}",0.00143461763641158,1,1.02255766233885,1422
"{taxa=Bacteria NA Lentisphaerae Oligosphaeria NA NA NA}","{Classification=Rare}",0.00170723967946798,1,1.02255766233885,1423
"{taxa=Bacteria NA Proteobacteria Gammaproteobacteria Pseudomonadales NA NA,device=membrane,Sequencing_platform=Hiseq 2500 Rapid}","{Classification=Rare}",0.00117540323481696,1,1.02255766233885,1426
"{taxa=Bacteria NA Proteobacteria Gammaproteobacteria Pseudomonadales NA NA,Sequencing_platform=Hiseq 2500 Rapid}","{Classification=Rare}",0.00138098707056442,1,1.02255766233885,1427
"{taxa=Bacteria NA Proteobacteria Gammaproteobacteria Pseudomonadales NA NA,device=membrane}","{Classification=Rare}",0.00144802527787337,1,1.02255766233885,1429
"{taxa=Bacteria NA Proteobacteria Gammaproteobacteria Pseudomonadales NA NA}","{Classification=Rare}",0.00171170889328858,1,1.02255766233885,1430
"{taxa=Bacteria NA Cyanobacteria NA Synechococcales Prochloraceae Prochlorococcus,device=membrane,Sequencing_platform=Hiseq 2500 Rapid}","{Classification=Rare}",0.00134523335999964,1,1.02255766233885,1433
"{taxa=Bacteria NA Cyanobacteria NA Synechococcales Prochloraceae Prochlorococcus,Sequencing_platform=Hiseq 2500 Rapid}","{Classification=Rare}",0.00155975562338829,1,1.02255766233885,1434
"{taxa=Bacteria NA Cyanobacteria NA Synechococcales Prochloraceae Prochlorococcus,device=membrane}","{Classification=Rare}",0.00145249449169397,1,1.02255766233885,1436
"{taxa=Bacteria NA Cyanobacteria NA Synechococcales Prochloraceae Prochlorococcus}","{Classification=Rare}",0.00171170889328858,1,1.02255766233885,1437
"{taxa=Bacteria NA Bacteroidetes NA NA NA NA,device=membrane,Sequencing_platform=Hiseq 2500 Rapid}","{Classification=Rare}",0.00117540323481696,0.98134328358209,1.00348009401163,1440
"{taxa=Bacteria NA Bacteroidetes NA NA NA NA,Sequencing_platform=Hiseq 2500 Rapid}","{Classification=Rare}",0.00138098707056442,0.984076433121019,1.00627489701498,1441
"{taxa=Bacteria NA Bacteroidetes NA NA NA NA,device=membrane}","{Classification=Rare}",0.00143014842259098,0.98159509202454,1.0037375826639,1443
"{taxa=Bacteria NA Bacteroidetes NA NA NA NA}","{Classification=Rare}",0.0016893628241856,0.984375,1.0065801988648,1444
"{taxa=Eukaryota Bacillariophyta Bacillariophyta Coscinodiscophyceae Thalassiosirales Thalassiosiraceae Thalassiosira,device=membrane}","{Classification=Rare}",0.00146143291933516,0.979041916167665,1.00112681312815,1447
"{taxa=Eukaryota Bacillariophyta Bacillariophyta Coscinodiscophyceae Thalassiosirales Thalassiosiraceae Thalassiosira}","{Classification=Rare}",0.0016893628241856,0.981818181818182,1.00396570484178,1448
"{taxa=Bacteria NA Proteobacteria Epsilonproteobacteria Campylobacterales Helicobacteraceae Sulfurimonas,device=membrane,Sequencing_platform=Hiseq 2500 Rapid}","{Classification=Rare}",0.00103685760637846,1,1.02255766233885,1450
"{taxa=Bacteria NA Proteobacteria Epsilonproteobacteria Campylobacterales Helicobacteraceae Sulfurimonas,Sequencing_platform=Hiseq 2500 Rapid}","{Classification=Rare}",0.00124244144212592,1,1.02255766233885,1451
"{taxa=Bacteria NA Proteobacteria Epsilonproteobacteria Campylobacterales Helicobacteraceae Sulfurimonas,device=membrane}","{Classification=Rare}",0.00145249449169397,1,1.02255766233885,1453
"{taxa=Bacteria NA Proteobacteria Epsilonproteobacteria Campylobacterales Helicobacteraceae Sulfurimonas}","{Classification=Rare}",0.00172511653475037,1,1.02255766233885,1454
"{taxa=Bacteria NA Actinobacteria Actinobacteria Candidatus_Actinomarinales Candidatus_Actinomarinaceae Candidatus_Actinomarina,device=membrane,Sequencing_platform=Hiseq 2500 Rapid}","{Classification=Rare}",0.00101898075109607,0.863636363636364,0.883117981110825,1457
"{taxa=Bacteria NA Actinobacteria Actinobacteria Candidatus_Actinomarinales Candidatus_Actinomarinaceae Candidatus_Actinomarina,Sequencing_platform=Hiseq 2500 Rapid}","{Classification=Rare}",0.00118434166245816,0.854838709677419,0.8741218726445,1458
"{taxa=Bacteria NA Actinobacteria Actinobacteria Candidatus_Actinomarinales Candidatus_Actinomarinaceae Candidatus_Actinomarina,device=membrane}","{Classification=Rare}",0.00129160279415248,0.886503067484663,0.906500504343336,1460
"{taxa=Bacteria NA Actinobacteria Actinobacteria Candidatus_Actinomarinales Candidatus_Actinomarinaceae Candidatus_Actinomarina}","{Classification=Rare}",0.00151953269900292,0.880829015544041,0.900698459054945,1461
"{taxa=Bacteria NA Nitrospinae NA NA NA NA,device=membrane,Sequencing_platform=Hiseq 2500 Rapid}","{Classification=Rare}",0.00109495738604622,1,1.02255766233885,1464
"{taxa=Bacteria NA Nitrospinae NA NA NA NA,Sequencing_platform=Hiseq 2500 Rapid}","{Classification=Rare}",0.00129607200797308,1,1.02255766233885,1465
"{taxa=Bacteria NA Nitrospinae NA NA NA NA,device=membrane}","{Classification=Rare}",0.00146590213315576,1,1.02255766233885,1467
"{taxa=Bacteria NA Nitrospinae NA NA NA NA}","{Classification=Rare}",0.00172958574857097,1,1.02255766233885,1468
"{taxa=Bacteria NA Proteobacteria Gammaproteobacteria Cellvibrionales Porticoccaceae Porticoccus,device=membrane,Sequencing_platform=Hiseq 2500 Rapid}","{Classification=Rare}",0.00114858795189338,1,1.02255766233885,1471
"{taxa=Bacteria NA Proteobacteria Gammaproteobacteria Cellvibrionales Porticoccaceae Porticoccus,Sequencing_platform=Hiseq 2500 Rapid}","{Classification=Rare}",0.00135417178764084,1,1.02255766233885,1472
"{taxa=Bacteria NA Proteobacteria Gammaproteobacteria Cellvibrionales Porticoccaceae Porticoccus,device=membrane}","{Classification=Rare}",0.00144355606405277,1,1.02255766233885,1474
"{taxa=Bacteria NA Proteobacteria Gammaproteobacteria Cellvibrionales Porticoccaceae Porticoccus}","{Classification=Rare}",0.00172958574857097,1,1.02255766233885,1475
"{taxa=Bacteria NA Proteobacteria Oligoflexia Bdellovibrionales Bdellovibrionaceae Bdellovibrio,device=membrane,Sequencing_platform=Hiseq 2500 Rapid}","{Classification=Rare}",0.00113518031043159,1,1.02255766233885,1478
"{taxa=Bacteria NA Proteobacteria Oligoflexia Bdellovibrionales Bdellovibrionaceae Bdellovibrio,Sequencing_platform=Hiseq 2500 Rapid}","{Classification=Rare}",0.00134076414617905,1,1.02255766233885,1479
"{taxa=Bacteria NA Proteobacteria Oligoflexia Bdellovibrionales Bdellovibrionaceae Bdellovibrio,device=membrane}","{Classification=Rare}",0.00146143291933516,1,1.02255766233885,1481
"{taxa=Bacteria NA Proteobacteria Oligoflexia Bdellovibrionales Bdellovibrionaceae Bdellovibrio}","{Classification=Rare}",0.00173405496239157,1,1.02255766233885,1482
"{taxa=Archaea NA Thaumarchaeota NA Nitrosopumilales Nitrosopumilaceae Nitrosopumilus,device=membrane,Sequencing_platform=Hiseq 2500 Rapid}","{Classification=Rare}",0.00133182571853785,1,1.02255766233885,1485
"{taxa=Archaea NA Thaumarchaeota NA Nitrosopumilales Nitrosopumilaceae Nitrosopumilus,Sequencing_platform=Hiseq 2500 Rapid}","{Classification=Rare}",0.00160444776159426,1,1.02255766233885,1486
"{taxa=Archaea NA Thaumarchaeota NA Nitrosopumilales Nitrosopumilaceae Nitrosopumilus,device=membrane}","{Classification=Rare}",0.00142567920877039,1,1.02255766233885,1488
"{taxa=Archaea NA Thaumarchaeota NA Nitrosopumilales Nitrosopumilaceae Nitrosopumilus}","{Classification=Rare}",0.00173852417621216,1,1.02255766233885,1489
"{taxa=Bacteria NA Proteobacteria Gammaproteobacteria Legionellales NA NA,device=membrane,Sequencing_platform=Hiseq 2500 Rapid}","{Classification=Rare}",0.00117987244863756,1,1.02255766233885,1492
"{taxa=Bacteria NA Proteobacteria Gammaproteobacteria Legionellales NA NA,Sequencing_platform=Hiseq 2500 Rapid}","{Classification=Rare}",0.00138545628438501,1,1.02255766233885,1493
"{taxa=Bacteria NA Proteobacteria Gammaproteobacteria Legionellales NA NA,device=membrane}","{Classification=Rare}",0.00147484056079695,1,1.02255766233885,1495
"{taxa=Bacteria NA Proteobacteria Gammaproteobacteria Legionellales NA NA}","{Classification=Rare}",0.00174299339003276,1,1.02255766233885,1496
"{taxa=Bacteria NA Proteobacteria Deltaproteobacteria Myxococcales Sandaracinaceae NA,device=membrane,Sequencing_platform=Hiseq 2500 Rapid}","{Classification=Rare}",0.00109048817222562,1,1.02255766233885,1499
"{taxa=Bacteria NA Proteobacteria Deltaproteobacteria Myxococcales Sandaracinaceae NA,Sequencing_platform=Hiseq 2500 Rapid}","{Classification=Rare}",0.00128266436651129,1,1.02255766233885,1500
"{taxa=Bacteria NA Proteobacteria Deltaproteobacteria Myxococcales Sandaracinaceae NA,device=membrane}","{Classification=Rare}",0.00148377898843814,1,1.02255766233885,1502
"{taxa=Bacteria NA Proteobacteria Deltaproteobacteria Myxococcales Sandaracinaceae NA}","{Classification=Rare}",0.00174746260385336,1,1.02255766233885,1503
"{taxa=Bacteria NA Proteobacteria Alphaproteobacteria Rhodospirillales Rhodospirillaceae Magnetospira,device=membrane,Sequencing_platform=Hiseq 2500 Rapid}","{Classification=Rare}",0.00107708053076383,1,1.02255766233885,1506
"{taxa=Bacteria NA Proteobacteria Alphaproteobacteria Rhodospirillales Rhodospirillaceae Magnetospira,Sequencing_platform=Hiseq 2500 Rapid}","{Classification=Rare}",0.00128266436651129,1,1.02255766233885,1507
"{taxa=Bacteria NA Proteobacteria Alphaproteobacteria Rhodospirillales Rhodospirillaceae Magnetospira,device=membrane}","{Classification=Rare}",0.00143908685023218,1,1.02255766233885,1509
"{taxa=Bacteria NA Proteobacteria Alphaproteobacteria Rhodospirillales Rhodospirillaceae Magnetospira}","{Classification=Rare}",0.00175193181767395,1,1.02255766233885,1510
"{taxa=Bacteria NA Proteobacteria Betaproteobacteria Nitrosomonadales NA NA,device=membrane,Sequencing_platform=Hiseq 2500 Rapid}","{Classification=Rare}",0.00117987244863756,1,1.02255766233885,1513
"{taxa=Bacteria NA Proteobacteria Betaproteobacteria Nitrosomonadales NA NA,Sequencing_platform=Hiseq 2500 Rapid}","{Classification=Rare}",0.00138545628438501,1,1.02255766233885,1514
"{taxa=Bacteria NA Proteobacteria Betaproteobacteria Nitrosomonadales NA NA,device=membrane}","{Classification=Rare}",0.00147037134697635,1,1.02255766233885,1516
"{taxa=Bacteria NA Proteobacteria Betaproteobacteria Nitrosomonadales NA NA}","{Classification=Rare}",0.00175193181767395,1,1.02255766233885,1517
"{taxa=Bacteria NA Proteobacteria Gammaproteobacteria Legionellales Legionellaceae Legionella,device=membrane,Sequencing_platform=Hiseq 2500 Rapid}","{Classification=Rare}",0.00114858795189338,1,1.02255766233885,1520
"{taxa=Bacteria NA Proteobacteria Gammaproteobacteria Legionellales Legionellaceae Legionella,Sequencing_platform=Hiseq 2500 Rapid}","{Classification=Rare}",0.00135417178764084,1,1.02255766233885,1521
"{taxa=Bacteria NA Proteobacteria Gammaproteobacteria Legionellales Legionellaceae Legionella,device=membrane}","{Classification=Rare}",0.00147484056079695,1,1.02255766233885,1523
"{taxa=Bacteria NA Proteobacteria Gammaproteobacteria Legionellales Legionellaceae Legionella}","{Classification=Rare}",0.00175640103149455,1,1.02255766233885,1524
"{taxa=Bacteria NA Bacteroidetes Flavobacteriia Flavobacteriales Flavobacteriaceae Formosa,device=membrane,Sequencing_platform=Hiseq 2500 Rapid}","{Classification=Rare}",0.00130947964943487,1,1.02255766233885,1527
"{taxa=Bacteria NA Bacteroidetes Flavobacteriia Flavobacteriales Flavobacteriaceae Formosa,Sequencing_platform=Hiseq 2500 Rapid}","{Classification=Rare}",0.00153294034046471,1,1.02255766233885,1528
"{taxa=Bacteria NA Bacteroidetes Flavobacteriia Flavobacteriales Flavobacteriaceae Formosa,device=membrane}","{Classification=Rare}",0.00149718662989993,1,1.02255766233885,1530
"{taxa=Bacteria NA Bacteroidetes Flavobacteriia Flavobacteriales Flavobacteriaceae Formosa}","{Classification=Rare}",0.00176087024531515,1,1.02255766233885,1531
"{taxa=Bacteria NA Proteobacteria Alphaproteobacteria Parvularculales Parvularculaceae NA,device=membrane,Sequencing_platform=Hiseq 2500 Rapid}","{Classification=Rare}",0.0011217726689698,1,1.02255766233885,1534
"{taxa=Bacteria NA Proteobacteria Alphaproteobacteria Parvularculales Parvularculaceae NA,Sequencing_platform=Hiseq 2500 Rapid}","{Classification=Rare}",0.00129607200797308,1,1.02255766233885,1535
"{taxa=Bacteria NA Proteobacteria Alphaproteobacteria Parvularculales Parvularculaceae NA,device=membrane}","{Classification=Rare}",0.00151506348518232,1,1.02255766233885,1537
"{taxa=Bacteria NA Proteobacteria Alphaproteobacteria Parvularculales Parvularculaceae NA}","{Classification=Rare}",0.00176980867295634,1,1.02255766233885,1538
"{taxa=Bacteria NA Nitrospinae Nitrospinia Nitrospinales Nitrospinaceae Nitrospina,Sequencing_platform=Hiseq 2500 Rapid}","{Classification=Rare}",0.00118881087627875,1,1.02255766233885,1541
"{taxa=Bacteria NA Nitrospinae Nitrospinia Nitrospinales Nitrospinaceae Nitrospina,device=membrane}","{Classification=Rare}",0.00145249449169397,1,1.02255766233885,1542
"{taxa=Bacteria NA Nitrospinae Nitrospinia Nitrospinales Nitrospinaceae Nitrospina}","{Classification=Rare}",0.00177427788677694,1,1.02255766233885,1543
"{taxa=Bacteria NA Proteobacteria Betaproteobacteria Burkholderiales Burkholderiaceae NA,device=membrane,Sequencing_platform=Hiseq 2500 Rapid}","{Classification=Rare}",0.00117987244863756,1,1.02255766233885,1546
"{taxa=Bacteria NA Proteobacteria Betaproteobacteria Burkholderiales Burkholderiaceae NA,Sequencing_platform=Hiseq 2500 Rapid}","{Classification=Rare}",0.00138545628438501,1,1.02255766233885,1547
"{taxa=Bacteria NA Proteobacteria Betaproteobacteria Burkholderiales Burkholderiaceae NA,device=membrane}","{Classification=Rare}",0.00149718662989993,1,1.02255766233885,1549
"{taxa=Bacteria NA Proteobacteria Betaproteobacteria Burkholderiales Burkholderiaceae NA}","{Classification=Rare}",0.00178321631441813,1,1.02255766233885,1550
"{taxa=Bacteria NA Proteobacteria Gammaproteobacteria Alteromonadales NA NA,device=membrane,Sequencing_platform=Hiseq 2500 Rapid}","{Classification=Rare}",0.00117987244863756,1,1.02255766233885,1556
"{taxa=Bacteria NA Proteobacteria Gammaproteobacteria Alteromonadales NA NA,Sequencing_platform=Hiseq 2500 Rapid}","{Classification=Rare}",0.00138545628438501,1,1.02255766233885,1557
"{taxa=Bacteria NA Proteobacteria Gammaproteobacteria Alteromonadales NA NA,device=membrane}","{Classification=Rare}",0.00151506348518232,1,1.02255766233885,1559
"{taxa=Bacteria NA Proteobacteria Gammaproteobacteria Alteromonadales NA NA}","{Classification=Rare}",0.00179662395587992,1,1.02255766233885,1560
"{taxa=Bacteria NA Firmicutes Clostridia Clostridiales NA NA,device=membrane,Sequencing_platform=Hiseq 2500 Rapid}","{Classification=Rare}",0.00117987244863756,1,1.02255766233885,1563
"{taxa=Bacteria NA Firmicutes Clostridia Clostridiales NA NA,Sequencing_platform=Hiseq 2500 Rapid}","{Classification=Rare}",0.00138545628438501,1,1.02255766233885,1564
"{taxa=Bacteria NA Firmicutes Clostridia Clostridiales NA NA,device=membrane}","{Classification=Rare}",0.00152847112664411,1,1.02255766233885,1566
"{taxa=Bacteria NA Firmicutes Clostridia Clostridiales NA NA}","{Classification=Rare}",0.00179662395587992,1,1.02255766233885,1567
"{taxa=Bacteria NA Proteobacteria Betaproteobacteria Nitrosomonadales Nitrosomonadaceae NA,device=membrane,Sequencing_platform=Hiseq 2500 Rapid}","{Classification=Rare}",0.00117987244863756,1,1.02255766233885,1570
"{taxa=Bacteria NA Proteobacteria Betaproteobacteria Nitrosomonadales Nitrosomonadaceae NA,Sequencing_platform=Hiseq 2500 Rapid}","{Classification=Rare}",0.00138545628438501,1,1.02255766233885,1571
"{taxa=Bacteria NA Proteobacteria Betaproteobacteria Nitrosomonadales Nitrosomonadaceae NA,device=membrane}","{Classification=Rare}",0.00151953269900292,1,1.02255766233885,1573
"{taxa=Bacteria NA Proteobacteria Betaproteobacteria Nitrosomonadales Nitrosomonadaceae NA}","{Classification=Rare}",0.00180109316970052,1,1.02255766233885,1574
"{taxa=Bacteria NA Proteobacteria Gammaproteobacteria Cellvibrionales Cellvibrionaceae NA,device=membrane,Sequencing_platform=Hiseq 2500 Rapid}","{Classification=Rare}",0.00117987244863756,1,1.02255766233885,1577
"{taxa=Bacteria NA Proteobacteria Gammaproteobacteria Cellvibrionales Cellvibrionaceae NA,Sequencing_platform=Hiseq 2500 Rapid}","{Classification=Rare}",0.00138545628438501,1,1.02255766233885,1578
"{taxa=Bacteria NA Proteobacteria Gammaproteobacteria Cellvibrionales Cellvibrionaceae NA,device=membrane}","{Classification=Rare}",0.00151506348518232,1,1.02255766233885,1580
"{taxa=Bacteria NA Proteobacteria Gammaproteobacteria Cellvibrionales Cellvibrionaceae NA}","{Classification=Rare}",0.00180556238352111,1,1.02255766233885,1581
"{taxa=Bacteria NA Lentisphaerae Lentisphaeria Lentisphaerales Lentisphaeraceae Lentisphaera,device=membrane,Sequencing_platform=Hiseq 2500 Rapid}","{Classification=Rare}",0.00117093402099637,1,1.02255766233885,1584
"{taxa=Bacteria NA Lentisphaerae Lentisphaeria Lentisphaerales Lentisphaeraceae Lentisphaera,Sequencing_platform=Hiseq 2500 Rapid}","{Classification=Rare}",0.00137651785674382,1,1.02255766233885,1585
"{taxa=Bacteria NA Lentisphaerae Lentisphaeria Lentisphaerales Lentisphaeraceae Lentisphaera,device=membrane}","{Classification=Rare}",0.00151953269900292,1,1.02255766233885,1587
"{taxa=Bacteria NA Lentisphaerae Lentisphaeria Lentisphaerales Lentisphaeraceae Lentisphaera}","{Classification=Rare}",0.00181003159734171,1,1.02255766233885,1588
"{taxa=Bacteria NA Proteobacteria Gammaproteobacteria Cellvibrionales Porticoccaceae NA,device=membrane,Sequencing_platform=Hiseq 2500 Rapid}","{Classification=Rare}",0.00116199559335517,0.915492957746479,0.936144338760918,1591
"{taxa=Bacteria NA Proteobacteria Gammaproteobacteria Cellvibrionales Porticoccaceae NA,Sequencing_platform=Hiseq 2500 Rapid}","{Classification=Rare}",0.00137204864292322,0.924698795180723,0.94555783836755,1592
"{taxa=Bacteria NA Proteobacteria Gammaproteobacteria Cellvibrionales Porticoccaceae NA,device=membrane}","{Classification=Rare}",0.00141227156730859,0.923976608187134,0.944819360523615,1594
"{taxa=Bacteria NA Proteobacteria Gammaproteobacteria Cellvibrionales Porticoccaceae NA}","{Classification=Rare}",0.0016893628241856,0.933333333333333,0.95438715151626,1595
"{taxa=Bacteria NA Proteobacteria Alphaproteobacteria Sneathiellales Sneathiellaceae NA,device=membrane,Sequencing_platform=Hiseq 2500 Rapid}","{Classification=Rare}",0.00110389581368741,1,1.02255766233885,1606
"{taxa=Bacteria NA Proteobacteria Alphaproteobacteria Sneathiellales Sneathiellaceae NA,Sequencing_platform=Hiseq 2500 Rapid}","{Classification=Rare}",0.00130947964943487,1,1.02255766233885,1607
"{taxa=Bacteria NA Proteobacteria Alphaproteobacteria Sneathiellales Sneathiellaceae NA,device=membrane}","{Classification=Rare}",0.00152847112664411,1,1.02255766233885,1609
"{taxa=Bacteria NA Proteobacteria Alphaproteobacteria Sneathiellales Sneathiellaceae NA}","{Classification=Rare}",0.0018323776664447,1,1.02255766233885,1610
"{taxa=Bacteria NA Proteobacteria Gammaproteobacteria Vibrionales Vibrionaceae Vibrio,device=membrane,Sequencing_platform=Hiseq 2500 Rapid}","{Classification=Rare}",0.00117987244863756,1,1.02255766233885,1613
"{taxa=Bacteria NA Proteobacteria Gammaproteobacteria Vibrionales Vibrionaceae Vibrio,Sequencing_platform=Hiseq 2500 Rapid}","{Classification=Rare}",0.00138545628438501,1,1.02255766233885,1614
"{taxa=Bacteria NA Proteobacteria Gammaproteobacteria Vibrionales Vibrionaceae Vibrio,device=membrane}","{Classification=Rare}",0.00153740955428531,1,1.02255766233885,1616
"{taxa=Bacteria NA Proteobacteria Gammaproteobacteria Vibrionales Vibrionaceae Vibrio}","{Classification=Rare}",0.00183684688026529,1,1.02255766233885,1617
"{taxa=Bacteria NA Proteobacteria Alphaproteobacteria Rickettsiales Rickettsiaceae NA,device=membrane,Sequencing_platform=Hiseq 2500 Rapid}","{Classification=Rare}",0.00117987244863756,1,1.02255766233885,1620
"{taxa=Bacteria NA Proteobacteria Alphaproteobacteria Rickettsiales Rickettsiaceae NA,Sequencing_platform=Hiseq 2500 Rapid}","{Classification=Rare}",0.00138545628438501,1,1.02255766233885,1621
"{taxa=Bacteria NA Proteobacteria Alphaproteobacteria Rickettsiales Rickettsiaceae NA,device=membrane}","{Classification=Rare}",0.0015508171957471,1,1.02255766233885,1623
"{taxa=Bacteria NA Proteobacteria Alphaproteobacteria Rickettsiales Rickettsiaceae NA}","{Classification=Rare}",0.00184131609408589,1,1.02255766233885,1624
"{taxa=Bacteria NA Proteobacteria Alphaproteobacteria Sphingomonadales Erythrobacteraceae NA,device=membrane,Sequencing_platform=Hiseq 2500 Rapid}","{Classification=Rare}",0.00117987244863756,1,1.02255766233885,1627
"{taxa=Bacteria NA Proteobacteria Alphaproteobacteria Sphingomonadales Erythrobacteraceae NA,Sequencing_platform=Hiseq 2500 Rapid}","{Classification=Rare}",0.00138545628438501,1,1.02255766233885,1628
"{taxa=Bacteria NA Proteobacteria Alphaproteobacteria Sphingomonadales Erythrobacteraceae NA,device=membrane}","{Classification=Rare}",0.00157316326485008,1,1.02255766233885,1630
"{taxa=Bacteria NA Proteobacteria Alphaproteobacteria Sphingomonadales Erythrobacteraceae NA}","{Classification=Rare}",0.00184131609408589,1,1.02255766233885,1631
"{taxa=Bacteria NA Proteobacteria Betaproteobacteria NA NA NA,device=membrane,Sequencing_platform=Hiseq 2500 Rapid}","{Classification=Rare}",0.00117987244863756,1,1.02255766233885,1634
"{taxa=Bacteria NA Proteobacteria Betaproteobacteria NA NA NA,Sequencing_platform=Hiseq 2500 Rapid}","{Classification=Rare}",0.00138545628438501,1,1.02255766233885,1635
"{taxa=Bacteria NA Proteobacteria Betaproteobacteria NA NA NA,device=membrane}","{Classification=Rare}",0.0015418787681059,1,1.02255766233885,1637
"{taxa=Bacteria NA Proteobacteria Betaproteobacteria NA NA NA}","{Classification=Rare}",0.00184578530790649,1,1.02255766233885,1638
"{taxa=Bacteria NA Proteobacteria Oligoflexia Oligoflexales NA NA,device=membrane,Sequencing_platform=Hiseq 2500 Rapid}","{Classification=Rare}",0.00117093402099637,1,1.02255766233885,1641
"{taxa=Bacteria NA Proteobacteria Oligoflexia Oligoflexales NA NA,Sequencing_platform=Hiseq 2500 Rapid}","{Classification=Rare}",0.00137651785674382,1,1.02255766233885,1642
"{taxa=Bacteria NA Proteobacteria Oligoflexia Oligoflexales NA NA,device=membrane}","{Classification=Rare}",0.00157316326485008,1,1.02255766233885,1644
"{taxa=Bacteria NA Proteobacteria Oligoflexia Oligoflexales NA NA}","{Classification=Rare}",0.00184578530790649,1,1.02255766233885,1645
"{taxa=Bacteria NA Proteobacteria Gammaproteobacteria Oceanospirillales Halomonadaceae Halomonas,device=membrane,Sequencing_platform=Hiseq 2500 Rapid}","{Classification=Rare}",0.00117987244863756,1,1.02255766233885,1648
"{taxa=Bacteria NA Proteobacteria Gammaproteobacteria Oceanospirillales Halomonadaceae Halomonas,Sequencing_platform=Hiseq 2500 Rapid}","{Classification=Rare}",0.00138545628438501,1,1.02255766233885,1649
"{taxa=Bacteria NA Proteobacteria Gammaproteobacteria Oceanospirillales Halomonadaceae Halomonas,device=membrane}","{Classification=Rare}",0.00157316326485008,1,1.02255766233885,1651
"{taxa=Bacteria NA Proteobacteria Gammaproteobacteria Oceanospirillales Halomonadaceae Halomonas}","{Classification=Rare}",0.00184578530790649,1,1.02255766233885,1652
"{taxa=Bacteria NA Proteobacteria Gammaproteobacteria Legionellales Coxiellaceae NA,device=membrane,Sequencing_platform=Hiseq 2500 Rapid}","{Classification=Rare}",0.00117093402099637,1,1.02255766233885,1655
"{taxa=Bacteria NA Proteobacteria Gammaproteobacteria Legionellales Coxiellaceae NA,Sequencing_platform=Hiseq 2500 Rapid}","{Classification=Rare}",0.00137651785674382,1,1.02255766233885,1656
"{taxa=Bacteria NA Proteobacteria Gammaproteobacteria Legionellales Coxiellaceae NA,device=membrane}","{Classification=Rare}",0.00157316326485008,1,1.02255766233885,1658
"{taxa=Bacteria NA Proteobacteria Gammaproteobacteria Legionellales Coxiellaceae NA}","{Classification=Rare}",0.00185025452172708,1,1.02255766233885,1659
"{taxa=Bacteria NA Proteobacteria Oligoflexia Bacteriovoracales Bacteriovoracaceae Peredibacter,device=membrane,Sequencing_platform=Hiseq 2500 Rapid}","{Classification=Rare}",0.00116199559335517,1,1.02255766233885,1662
"{taxa=Bacteria NA Proteobacteria Oligoflexia Bacteriovoracales Bacteriovoracaceae Peredibacter,Sequencing_platform=Hiseq 2500 Rapid}","{Classification=Rare}",0.00136757942910263,1,1.02255766233885,1663
"{taxa=Bacteria NA Proteobacteria Oligoflexia Bacteriovoracales Bacteriovoracaceae Peredibacter,device=membrane}","{Classification=Rare}",0.00157316326485008,1,1.02255766233885,1665
"{taxa=Bacteria NA Proteobacteria Oligoflexia Bacteriovoracales Bacteriovoracaceae Peredibacter}","{Classification=Rare}",0.00185919294936828,1,1.02255766233885,1666
"{taxa=Bacteria NA Verrucomicrobia Verrucomicrobiae Verrucomicrobiales Rubritaleaceae Rubritalea,device=membrane,Sequencing_platform=Hiseq 2500 Rapid}","{Classification=Rare}",0.00117987244863756,1,1.02255766233885,1669
"{taxa=Bacteria NA Verrucomicrobia Verrucomicrobiae Verrucomicrobiales Rubritaleaceae Rubritalea,Sequencing_platform=Hiseq 2500 Rapid}","{Classification=Rare}",0.00138545628438501,1,1.02255766233885,1670
"{taxa=Bacteria NA Verrucomicrobia Verrucomicrobiae Verrucomicrobiales Rubritaleaceae Rubritalea,device=membrane}","{Classification=Rare}",0.00158657090631187,1,1.02255766233885,1672
"{taxa=Bacteria NA Verrucomicrobia Verrucomicrobiae Verrucomicrobiales Rubritaleaceae Rubritalea}","{Classification=Rare}",0.00186366216318887,1,1.02255766233885,1673
"{taxa=Bacteria NA Proteobacteria Gammaproteobacteria Oceanospirillales Halomonadaceae NA,device=membrane,Sequencing_platform=Hiseq 2500 Rapid}","{Classification=Rare}",0.00117540323481696,1,1.02255766233885,1676
"{taxa=Bacteria NA Proteobacteria Gammaproteobacteria Oceanospirillales Halomonadaceae NA,Sequencing_platform=Hiseq 2500 Rapid}","{Classification=Rare}",0.00138098707056442,1,1.02255766233885,1677
"{taxa=Bacteria NA Proteobacteria Gammaproteobacteria Oceanospirillales Halomonadaceae NA,device=membrane}","{Classification=Rare}",0.00159550933395306,1,1.02255766233885,1679
"{taxa=Bacteria NA Proteobacteria Gammaproteobacteria Oceanospirillales Halomonadaceae NA}","{Classification=Rare}",0.00186813137700947,1,1.02255766233885,1680
"{taxa=Bacteria NA Bacteroidetes Saprospiria Saprospirales Lewinellaceae Lewinella,device=membrane,Sequencing_platform=Hiseq 2500 Rapid}","{Classification=Rare}",0.00158657090631187,1,1.02255766233885,1683
"{taxa=Bacteria NA Bacteroidetes Saprospiria Saprospirales Lewinellaceae Lewinella,Sequencing_platform=Hiseq 2500 Rapid}","{Classification=Rare}",0.00181450081116231,1,1.02255766233885,1684
"{taxa=Bacteria NA Bacteroidetes Saprospiria Saprospirales Lewinellaceae Lewinella,device=membrane}","{Classification=Rare}",0.00164467068597963,1,1.02255766233885,1686
"{taxa=Bacteria NA Bacteroidetes Saprospiria Saprospirales Lewinellaceae Lewinella}","{Classification=Rare}",0.00187260059083007,1,1.02255766233885,1687
"{taxa=Bacteria NA Proteobacteria Deltaproteobacteria Desulfobacterales Desulfobacteraceae NA,device=membrane,Sequencing_platform=Hiseq 2500 Rapid}","{Classification=Rare}",0.00116646480717577,1,1.02255766233885,1690
"{taxa=Bacteria NA Proteobacteria Deltaproteobacteria Desulfobacterales Desulfobacteraceae NA,Sequencing_platform=Hiseq 2500 Rapid}","{Classification=Rare}",0.00137204864292322,1,1.02255766233885,1691
"{taxa=Bacteria NA Proteobacteria Deltaproteobacteria Desulfobacterales Desulfobacteraceae NA,device=membrane}","{Classification=Rare}",0.00160444776159426,1,1.02255766233885,1693
"{taxa=Bacteria NA Proteobacteria Deltaproteobacteria Desulfobacterales Desulfobacteraceae NA}","{Classification=Rare}",0.00187706980465066,1,1.02255766233885,1694
"{taxa=Bacteria NA Proteobacteria Gammaproteobacteria Enterobacterales NA NA,device=membrane,Sequencing_platform=Hiseq 2500 Rapid}","{Classification=Rare}",0.00115305716571398,1,1.02255766233885,1697
"{taxa=Bacteria NA Proteobacteria Gammaproteobacteria Enterobacterales NA NA,Sequencing_platform=Hiseq 2500 Rapid}","{Classification=Rare}",0.00135417178764084,1,1.02255766233885,1698
"{taxa=Bacteria NA Proteobacteria Gammaproteobacteria Enterobacterales NA NA,device=membrane}","{Classification=Rare}",0.00160891697541485,1,1.02255766233885,1700
"{taxa=Bacteria NA Proteobacteria Gammaproteobacteria Enterobacterales NA NA}","{Classification=Rare}",0.00188153901847126,1,1.02255766233885,1701
"{taxa=Bacteria NA Actinobacteria Acidimicrobiia NA NA NA,device=membrane,Sequencing_platform=Hiseq 2500 Rapid}","{Classification=Rare}",0.00116199559335517,0.984848484848485,1.00706436442462,1704
"{taxa=Bacteria NA Actinobacteria Acidimicrobiia NA NA NA,Sequencing_platform=Hiseq 2500 Rapid}","{Classification=Rare}",0.00136757942910263,0.987096774193548,1.00936336992157,1705
"{taxa=Bacteria NA Actinobacteria Acidimicrobiia NA NA NA,device=membrane}","{Classification=Rare}",0.00156869405102948,0.983193277310924,1.00537181927433,1707
"{taxa=Bacteria NA Actinobacteria Acidimicrobiia NA NA NA}","{Classification=Rare}",0.00185919294936828,0.985781990521327,1.00801892780323,1708
"{taxa=Bacteria NA Proteobacteria Alphaproteobacteria Sphingomonadales Sphingomonadaceae NA,device=membrane,Sequencing_platform=Hiseq 2500 Rapid}","{Classification=Rare}",0.00117540323481696,0.996212121212121,1.01868433786029,1711
"{taxa=Bacteria NA Proteobacteria Alphaproteobacteria Sphingomonadales Sphingomonadaceae NA,Sequencing_platform=Hiseq 2500 Rapid}","{Classification=Rare}",0.00138098707056442,0.996774193548387,1.01925908923453,1712
"{taxa=Bacteria NA Proteobacteria Alphaproteobacteria Sphingomonadales Sphingomonadaceae NA,device=membrane}","{Classification=Rare}",0.00158210169249127,0.997183098591549,1.01967721821959,1714
"{taxa=Bacteria NA Proteobacteria Alphaproteobacteria Sphingomonadales Sphingomonadaceae NA}","{Classification=Rare}",0.00188153901847126,0.997630331753555,1.02013453991625,1715
"{taxa=Bacteria NA Kiritimatiellaeota Kiritimatiellae Kiritimatiellales Kiritimatiellaceae NA,device=membrane,Sequencing_platform=Hiseq 2500 Rapid}","{Classification=Rare}",0.00117987244863756,1,1.02255766233885,1718
"{taxa=Bacteria NA Kiritimatiellaeota Kiritimatiellae Kiritimatiellales Kiritimatiellaceae NA,Sequencing_platform=Hiseq 2500 Rapid}","{Classification=Rare}",0.00138545628438501,1,1.02255766233885,1719
"{taxa=Bacteria NA Kiritimatiellaeota Kiritimatiellae Kiritimatiellales Kiritimatiellaceae NA,device=membrane}","{Classification=Rare}",0.00158210169249127,1,1.02255766233885,1721
"{taxa=Bacteria NA Kiritimatiellaeota Kiritimatiellae Kiritimatiellales Kiritimatiellaceae NA}","{Classification=Rare}",0.00189494665993305,1,1.02255766233885,1722
"{taxa=Bacteria NA Proteobacteria Gammaproteobacteria Thiotrichales NA NA,device=membrane,Sequencing_platform=Hiseq 2500 Rapid}","{Classification=Rare}",0.00117987244863756,1,1.02255766233885,1725
"{taxa=Bacteria NA Proteobacteria Gammaproteobacteria Thiotrichales NA NA,Sequencing_platform=Hiseq 2500 Rapid}","{Classification=Rare}",0.00138545628438501,1,1.02255766233885,1726
"{taxa=Bacteria NA Proteobacteria Gammaproteobacteria Thiotrichales NA NA,device=membrane}","{Classification=Rare}",0.00160891697541485,1,1.02255766233885,1728
"{taxa=Bacteria NA Proteobacteria Gammaproteobacteria Thiotrichales NA NA}","{Classification=Rare}",0.00189494665993305,1,1.02255766233885,1729
"{taxa=Eukaryota Bacillariophyta Bacillariophyta Bacillariophyceae NA NA NA,Sequencing_platform=Hiseq 2500 Rapid}","{Classification=Rare}",0.00115752637953458,0.938405797101449,0.959574038209283,1732
"{taxa=Eukaryota Bacillariophyta Bacillariophyta Bacillariophyceae NA NA NA,device=membrane}","{Classification=Rare}",0.0014033331396674,0.884507042253521,0.90445945344901,1734
"{taxa=Eukaryota Bacillariophyta Bacillariophyta Bacillariophyceae NA NA NA}","{Classification=Rare}",0.00171617810710918,0.903529411764706,0.923910923148513,1735
"{taxa=Bacteria NA Proteobacteria Oligoflexia Bacteriovoracales Bacteriovoracaceae NA,device=membrane,Sequencing_platform=Hiseq 2500 Rapid}","{Classification=Rare}",0.00116646480717577,1,1.02255766233885,1738
"{taxa=Bacteria NA Proteobacteria Oligoflexia Bacteriovoracales Bacteriovoracaceae NA,Sequencing_platform=Hiseq 2500 Rapid}","{Classification=Rare}",0.00137204864292322,1,1.02255766233885,1739
"{taxa=Bacteria NA Proteobacteria Oligoflexia Bacteriovoracales Bacteriovoracaceae NA,device=membrane}","{Classification=Rare}",0.00159104012013247,1,1.02255766233885,1741
"{taxa=Bacteria NA Proteobacteria Oligoflexia Bacteriovoracales Bacteriovoracaceae NA}","{Classification=Rare}",0.00190388508757424,1,1.02255766233885,1742
"{taxa=Bacteria NA Nitrospinae Nitrospinia Nitrospinales Nitrospinaceae NA,device=membrane,Sequencing_platform=Hiseq 2500 Rapid}","{Classification=Rare}",0.00113518031043159,1,1.02255766233885,1745
"{taxa=Bacteria NA Nitrospinae Nitrospinia Nitrospinales Nitrospinaceae NA,Sequencing_platform=Hiseq 2500 Rapid}","{Classification=Rare}",0.00134076414617905,1,1.02255766233885,1746
"{taxa=Bacteria NA Nitrospinae Nitrospinia Nitrospinales Nitrospinaceae NA,device=membrane}","{Classification=Rare}",0.00159997854777366,1,1.02255766233885,1748
"{taxa=Bacteria NA Nitrospinae Nitrospinia Nitrospinales Nitrospinaceae NA}","{Classification=Rare}",0.00190835430139484,1,1.02255766233885,1749
"{taxa=Bacteria NA Planctomycetes Phycisphaerae NA NA NA,device=membrane,Sequencing_platform=Hiseq 2500 Rapid}","{Classification=Rare}",0.00115752637953458,1,1.02255766233885,1752
"{taxa=Bacteria NA Planctomycetes Phycisphaerae NA NA NA,Sequencing_platform=Hiseq 2500 Rapid}","{Classification=Rare}",0.00136311021528203,1,1.02255766233885,1753
"{taxa=Bacteria NA Planctomycetes Phycisphaerae NA NA NA,device=membrane}","{Classification=Rare}",0.00160444776159426,1,1.02255766233885,1755
"{taxa=Bacteria NA Planctomycetes Phycisphaerae NA NA NA}","{Classification=Rare}",0.00190835430139484,1,1.02255766233885,1756
"{taxa=Bacteria NA Proteobacteria Alphaproteobacteria Sphingomonadales Erythrobacteraceae Altererythrobacter,Sequencing_platform=Hiseq 2500 Rapid}","{Classification=Rare}",0.00108601895840503,1,1.02255766233885,1759
"{taxa=Bacteria NA Proteobacteria Alphaproteobacteria Sphingomonadales Erythrobacteraceae Altererythrobacter,device=membrane}","{Classification=Rare}",0.00164467068597963,1,1.02255766233885,1760
"{taxa=Bacteria NA Proteobacteria Alphaproteobacteria Sphingomonadales Erythrobacteraceae Altererythrobacter}","{Classification=Rare}",0.00190835430139484,1,1.02255766233885,1761
"{taxa=Bacteria NA Proteobacteria Gammaproteobacteria Alteromonadales Alteromonadaceae Alteromonas,device=membrane,Sequencing_platform=Hiseq 2500 Rapid}","{Classification=Rare}",0.00131841807707606,1,1.02255766233885,1764
"{taxa=Bacteria NA Proteobacteria Gammaproteobacteria Alteromonadales Alteromonadaceae Alteromonas,Sequencing_platform=Hiseq 2500 Rapid}","{Classification=Rare}",0.00158657090631187,1,1.02255766233885,1765
"{taxa=Bacteria NA Proteobacteria Gammaproteobacteria Alteromonadales Alteromonadaceae Alteromonas,device=membrane}","{Classification=Rare}",0.00156869405102948,1,1.02255766233885,1767
"{taxa=Bacteria NA Proteobacteria Gammaproteobacteria Alteromonadales Alteromonadaceae Alteromonas}","{Classification=Rare}",0.00190835430139484,1,1.02255766233885,1768
"{taxa=Bacteria NA Proteobacteria Gammaproteobacteria Thiotrichales NA Candidatus_Endoecteinascidia,device=membrane,Sequencing_platform=Hiseq 2500 Rapid}","{Classification=Rare}",0.00115752637953458,1,1.02255766233885,1771
"{taxa=Bacteria NA Proteobacteria Gammaproteobacteria Thiotrichales NA Candidatus_Endoecteinascidia,Sequencing_platform=Hiseq 2500 Rapid}","{Classification=Rare}",0.00136311021528203,1,1.02255766233885,1772
"{taxa=Bacteria NA Proteobacteria Gammaproteobacteria Thiotrichales NA Candidatus_Endoecteinascidia,device=membrane}","{Classification=Rare}",0.00161785540305605,1,1.02255766233885,1774
"{taxa=Bacteria NA Proteobacteria Gammaproteobacteria Thiotrichales NA Candidatus_Endoecteinascidia}","{Classification=Rare}",0.00191282351521544,1,1.02255766233885,1775
"{taxa=Bacteria NA Actinobacteria NA NA NA NA,device=membrane,Sequencing_platform=Hiseq 2500 Rapid}","{Classification=Rare}",0.00117987244863756,1,1.02255766233885,1778
"{taxa=Bacteria NA Actinobacteria NA NA NA NA,Sequencing_platform=Hiseq 2500 Rapid}","{Classification=Rare}",0.00138545628438501,1,1.02255766233885,1779
"{taxa=Bacteria NA Actinobacteria NA NA NA NA,device=membrane}","{Classification=Rare}",0.00160891697541485,1,1.02255766233885,1781
"{taxa=Bacteria NA Actinobacteria NA NA NA NA}","{Classification=Rare}",0.00191729272903604,1,1.02255766233885,1782
"{taxa=Bacteria NA Proteobacteria Deltaproteobacteria Desulfobacterales Desulfobulbaceae NA,device=membrane,Sequencing_platform=Hiseq 2500 Rapid}","{Classification=Rare}",0.00117987244863756,1,1.02255766233885,1785
"{taxa=Bacteria NA Proteobacteria Deltaproteobacteria Desulfobacterales Desulfobulbaceae NA,Sequencing_platform=Hiseq 2500 Rapid}","{Classification=Rare}",0.00138545628438501,1,1.02255766233885,1786
"{taxa=Bacteria NA Proteobacteria Deltaproteobacteria Desulfobacterales Desulfobulbaceae NA,device=membrane}","{Classification=Rare}",0.00164467068597963,1,1.02255766233885,1788
"{taxa=Bacteria NA Proteobacteria Deltaproteobacteria Desulfobacterales Desulfobulbaceae NA}","{Classification=Rare}",0.00192176194285663,1,1.02255766233885,1789
"{taxa=Bacteria NA Verrucomicrobia Opitutae Puniceicoccales Puniceicoccaceae Cerasicoccus,device=membrane,Sequencing_platform=Hiseq 2500 Rapid}","{Classification=Rare}",0.00118881087627875,1,1.02255766233885,1792
"{taxa=Bacteria NA Verrucomicrobia Opitutae Puniceicoccales Puniceicoccaceae Cerasicoccus,Sequencing_platform=Hiseq 2500 Rapid}","{Classification=Rare}",0.00139439471202621,1,1.02255766233885,1793
"{taxa=Bacteria NA Verrucomicrobia Opitutae Puniceicoccales Puniceicoccaceae Cerasicoccus,device=membrane}","{Classification=Rare}",0.00161338618923545,1,1.02255766233885,1795
"{taxa=Bacteria NA Verrucomicrobia Opitutae Puniceicoccales Puniceicoccaceae Cerasicoccus}","{Classification=Rare}",0.00192176194285663,1,1.02255766233885,1796
"{taxa=Bacteria NA Verrucomicrobia Opitutae Puniceicoccales Puniceicoccaceae Pelagicoccus,device=membrane,Sequencing_platform=Hiseq 2500 Rapid}","{Classification=Rare}",0.00113964952425219,1,1.02255766233885,1799
"{taxa=Bacteria NA Verrucomicrobia Opitutae Puniceicoccales Puniceicoccaceae Pelagicoccus,Sequencing_platform=Hiseq 2500 Rapid}","{Classification=Rare}",0.00134523335999964,1,1.02255766233885,1800
"{taxa=Bacteria NA Verrucomicrobia Opitutae Puniceicoccales Puniceicoccaceae Pelagicoccus,device=membrane}","{Classification=Rare}",0.00161338618923545,1,1.02255766233885,1802
"{taxa=Bacteria NA Verrucomicrobia Opitutae Puniceicoccales Puniceicoccaceae Pelagicoccus}","{Classification=Rare}",0.00192623115667723,1,1.02255766233885,1803
"{taxa=Bacteria NA Proteobacteria Epsilonproteobacteria Campylobacterales Campylobacteraceae Arcobacter,device=membrane,Sequencing_platform=Hiseq 2500 Rapid}","{Classification=Rare}",0.0011217726689698,1,1.02255766233885,1806
"{taxa=Bacteria NA Proteobacteria Epsilonproteobacteria Campylobacterales Campylobacteraceae Arcobacter,Sequencing_platform=Hiseq 2500 Rapid}","{Classification=Rare}",0.00132735650471726,1,1.02255766233885,1807
"{taxa=Bacteria NA Proteobacteria Epsilonproteobacteria Campylobacterales Campylobacteraceae Arcobacter,device=membrane}","{Classification=Rare}",0.00162679383069724,1,1.02255766233885,1809
"{taxa=Bacteria NA Proteobacteria Epsilonproteobacteria Campylobacterales Campylobacteraceae Arcobacter}","{Classification=Rare}",0.00192623115667723,1,1.02255766233885,1810
"{taxa=Bacteria NA Proteobacteria Gammaproteobacteria Pseudomonadales Pseudomonadaceae Pseudomonas,device=membrane,Sequencing_platform=Hiseq 2500 Rapid}","{Classification=Rare}",0.00122903380066413,1,1.02255766233885,1813
"{taxa=Bacteria NA Proteobacteria Gammaproteobacteria Pseudomonadales Pseudomonadaceae Pseudomonas,Sequencing_platform=Hiseq 2500 Rapid}","{Classification=Rare}",0.00145249449169397,1,1.02255766233885,1814
"{taxa=Bacteria NA Proteobacteria Gammaproteobacteria Pseudomonadales Pseudomonadaceae Pseudomonas,device=membrane}","{Classification=Rare}",0.00163573225833844,1,1.02255766233885,1816
"{taxa=Bacteria NA Proteobacteria Gammaproteobacteria Pseudomonadales Pseudomonadaceae Pseudomonas}","{Classification=Rare}",0.00193516958431842,1,1.02255766233885,1817
"{taxa=Bacteria NA Proteobacteria Gammaproteobacteria Chromatiales NA NA,device=membrane,Sequencing_platform=Hiseq 2500 Rapid}","{Classification=Rare}",0.00117987244863756,1,1.02255766233885,1820
"{taxa=Bacteria NA Proteobacteria Gammaproteobacteria Chromatiales NA NA,Sequencing_platform=Hiseq 2500 Rapid}","{Classification=Rare}",0.00138545628438501,1,1.02255766233885,1821
"{taxa=Bacteria NA Proteobacteria Gammaproteobacteria Chromatiales NA NA,device=membrane}","{Classification=Rare}",0.00163573225833844,1,1.02255766233885,1823
"{taxa=Bacteria NA Proteobacteria Gammaproteobacteria Chromatiales NA NA}","{Classification=Rare}",0.00193516958431842,1,1.02255766233885,1824
"{taxa=Bacteria NA Proteobacteria Gammaproteobacteria Legionellales Legionellaceae NA,device=membrane,Sequencing_platform=Hiseq 2500 Rapid}","{Classification=Rare}",0.00117987244863756,1,1.02255766233885,1827
"{taxa=Bacteria NA Proteobacteria Gammaproteobacteria Legionellales Legionellaceae NA,Sequencing_platform=Hiseq 2500 Rapid}","{Classification=Rare}",0.00138545628438501,1,1.02255766233885,1828
"{taxa=Bacteria NA Proteobacteria Gammaproteobacteria Legionellales Legionellaceae NA,device=membrane}","{Classification=Rare}",0.00162679383069724,1,1.02255766233885,1830
"{taxa=Bacteria NA Proteobacteria Gammaproteobacteria Legionellales Legionellaceae NA}","{Classification=Rare}",0.00193963879813902,1,1.02255766233885,1831
"{taxa=Bacteria NA Proteobacteria Gammaproteobacteria Cellvibrionales Spongiibacteraceae NA,device=membrane,Sequencing_platform=Hiseq 2500 Rapid}","{Classification=Rare}",0.0011262418827904,0.954545454545455,0.976077768596174,1834
"{taxa=Bacteria NA Proteobacteria Gammaproteobacteria Cellvibrionales Spongiibacteraceae NA,Sequencing_platform=Hiseq 2500 Rapid}","{Classification=Rare}",0.00133182571853785,0.961290322580645,0.982974785087023,1835
"{taxa=Bacteria NA Proteobacteria Gammaproteobacteria Cellvibrionales Spongiibacteraceae NA,device=membrane}","{Classification=Rare}",0.00160891697541485,0.967741935483871,0.989571931295661,1837
"{taxa=Bacteria NA Proteobacteria Gammaproteobacteria Cellvibrionales Spongiibacteraceae NA}","{Classification=Rare}",0.00188600823229186,0.972350230414747,0.994284178587545,1838
"{taxa=Bacteria NA Verrucomicrobia Verrucomicrobiae Verrucomicrobiales Verrucomicrobiaceae NA,device=membrane,Sequencing_platform=Hiseq 2500 Rapid}","{Classification=Rare}",0.00117987244863756,1,1.02255766233885,1841
"{taxa=Bacteria NA Verrucomicrobia Verrucomicrobiae Verrucomicrobiales Verrucomicrobiaceae NA,Sequencing_platform=Hiseq 2500 Rapid}","{Classification=Rare}",0.00138545628438501,1,1.02255766233885,1842
"{taxa=Bacteria NA Verrucomicrobia Verrucomicrobiae Verrucomicrobiales Verrucomicrobiaceae NA,device=membrane}","{Classification=Rare}",0.00163126304451784,1,1.02255766233885,1844
"{taxa=Bacteria NA Verrucomicrobia Verrucomicrobiae Verrucomicrobiales Verrucomicrobiaceae NA}","{Classification=Rare}",0.00194410801195962,1,1.02255766233885,1845
"{taxa=Bacteria NA Proteobacteria Oligoflexia Oligoflexales Oligoflexaceae NA,device=membrane,Sequencing_platform=Hiseq 2500 Rapid}","{Classification=Rare}",0.00117987244863756,1,1.02255766233885,1848
"{taxa=Bacteria NA Proteobacteria Oligoflexia Oligoflexales Oligoflexaceae NA,Sequencing_platform=Hiseq 2500 Rapid}","{Classification=Rare}",0.00138545628438501,1,1.02255766233885,1849
"{taxa=Bacteria NA Proteobacteria Oligoflexia Oligoflexales Oligoflexaceae NA,device=membrane}","{Classification=Rare}",0.00164020147215903,1,1.02255766233885,1851
"{taxa=Bacteria NA Proteobacteria Oligoflexia Oligoflexales Oligoflexaceae NA}","{Classification=Rare}",0.00194410801195962,1,1.02255766233885,1852
"{taxa=Bacteria NA Gemmatimonadetes Gemmatimonadetes NA NA NA,device=membrane,Sequencing_platform=Hiseq 2500 Rapid}","{Classification=Rare}",0.00117987244863756,1,1.02255766233885,1855
"{taxa=Bacteria NA Gemmatimonadetes Gemmatimonadetes NA NA NA,Sequencing_platform=Hiseq 2500 Rapid}","{Classification=Rare}",0.00138545628438501,1,1.02255766233885,1856
"{taxa=Bacteria NA Gemmatimonadetes Gemmatimonadetes NA NA NA,device=membrane}","{Classification=Rare}",0.00165807832744142,1,1.02255766233885,1858
"{taxa=Bacteria NA Gemmatimonadetes Gemmatimonadetes NA NA NA}","{Classification=Rare}",0.00194857722578021,1,1.02255766233885,1859
"{taxa=Bacteria NA Proteobacteria Deltaproteobacteria Desulfarculales Desulfarculaceae NA,device=membrane,Sequencing_platform=Hiseq 2500 Rapid}","{Classification=Rare}",0.00117987244863756,1,1.02255766233885,1862
"{taxa=Bacteria NA Proteobacteria Deltaproteobacteria Desulfarculales Desulfarculaceae NA,Sequencing_platform=Hiseq 2500 Rapid}","{Classification=Rare}",0.00138545628438501,1,1.02255766233885,1863
"{taxa=Bacteria NA Proteobacteria Deltaproteobacteria Desulfarculales Desulfarculaceae NA,device=membrane}","{Classification=Rare}",0.00166701675508261,1,1.02255766233885,1865
"{taxa=Bacteria NA Proteobacteria Deltaproteobacteria Desulfarculales Desulfarculaceae NA}","{Classification=Rare}",0.00197539250870379,1,1.02255766233885,1866
"{taxa=Bacteria NA Proteobacteria Gammaproteobacteria Thiotrichales Francisellaceae NA,device=membrane,Sequencing_platform=Hiseq 2500 Rapid}","{Classification=Rare}",0.00142120999494979,1,1.02255766233885,1869
"{taxa=Bacteria NA Proteobacteria Gammaproteobacteria Thiotrichales Francisellaceae NA,Sequencing_platform=Hiseq 2500 Rapid}","{Classification=Rare}",0.00164020147215903,1,1.02255766233885,1870
"{taxa=Bacteria NA Proteobacteria Gammaproteobacteria Thiotrichales Francisellaceae NA,device=membrane}","{Classification=Rare}",0.00170277046564739,1,1.02255766233885,1872
"{taxa=Bacteria NA Proteobacteria Gammaproteobacteria Thiotrichales Francisellaceae NA}","{Classification=Rare}",0.00197539250870379,1,1.02255766233885,1873
"{taxa=Bacteria NA Verrucomicrobia NA NA NA Lentimonas,device=membrane,Sequencing_platform=Hiseq 2500 Rapid}","{Classification=Rare}",0.00110389581368741,1,1.02255766233885,1876
"{taxa=Bacteria NA Verrucomicrobia NA NA NA Lentimonas,Sequencing_platform=Hiseq 2500 Rapid}","{Classification=Rare}",0.00130947964943487,1,1.02255766233885,1877
"{taxa=Bacteria NA Verrucomicrobia NA NA NA Lentimonas,device=membrane}","{Classification=Rare}",0.00166254754126202,1,1.02255766233885,1879
"{taxa=Bacteria NA Verrucomicrobia NA NA NA Lentimonas}","{Classification=Rare}",0.00197539250870379,1,1.02255766233885,1880
"{taxa=Bacteria NA Proteobacteria Gammaproteobacteria Alteromonadales Alteromonadaceae NA,device=membrane,Sequencing_platform=Hiseq 2500 Rapid}","{Classification=Rare}",0.00117987244863756,1,1.02255766233885,1883
"{taxa=Bacteria NA Proteobacteria Gammaproteobacteria Alteromonadales Alteromonadaceae NA,Sequencing_platform=Hiseq 2500 Rapid}","{Classification=Rare}",0.00138545628438501,1,1.02255766233885,1884
"{taxa=Bacteria NA Proteobacteria Gammaproteobacteria Alteromonadales Alteromonadaceae NA,device=membrane}","{Classification=Rare}",0.00167148596890321,1,1.02255766233885,1886
"{taxa=Bacteria NA Proteobacteria Gammaproteobacteria Alteromonadales Alteromonadaceae NA}","{Classification=Rare}",0.00197986172252439,1,1.02255766233885,1887
"{taxa=Bacteria NA Kiritimatiellaeota Kiritimatiellae NA NA NA,device=membrane,Sequencing_platform=Hiseq 2500 Rapid}","{Classification=Rare}",0.00117093402099637,1,1.02255766233885,1890
"{taxa=Bacteria NA Kiritimatiellaeota Kiritimatiellae NA NA NA,Sequencing_platform=Hiseq 2500 Rapid}","{Classification=Rare}",0.00137204864292322,1,1.02255766233885,1891
"{taxa=Bacteria NA Kiritimatiellaeota Kiritimatiellae NA NA NA,device=membrane}","{Classification=Rare}",0.001684893610365,1,1.02255766233885,1893
"{taxa=Bacteria NA Kiritimatiellaeota Kiritimatiellae NA NA NA}","{Classification=Rare}",0.00199326936398618,1,1.02255766233885,1894
"{taxa=Bacteria NA Proteobacteria Gammaproteobacteria Oceanospirillales Litoricolaceae Litoricola,device=membrane,Sequencing_platform=Hiseq 2500 Rapid}","{Classification=Rare}",0.00115305716571398,1,1.02255766233885,1897
"{taxa=Bacteria NA Proteobacteria Gammaproteobacteria Oceanospirillales Litoricolaceae Litoricola,Sequencing_platform=Hiseq 2500 Rapid}","{Classification=Rare}",0.00135864100146143,1,1.02255766233885,1898
"{taxa=Bacteria NA Proteobacteria Gammaproteobacteria Oceanospirillales Litoricolaceae Litoricola,device=membrane}","{Classification=Rare}",0.0016804243965444,1,1.02255766233885,1900
"{taxa=Bacteria NA Proteobacteria Gammaproteobacteria Oceanospirillales Litoricolaceae Litoricola}","{Classification=Rare}",0.00199326936398618,1,1.02255766233885,1901
"{taxa=Bacteria NA Balneolaeota Balneolia Balneolales Balneolaceae NA,device=membrane,Sequencing_platform=Hiseq 2500 Rapid}","{Classification=Rare}",0.00117540323481696,0.996212121212121,1.01868433786029,1904
"{taxa=Bacteria NA Balneolaeota Balneolia Balneolales Balneolaceae NA,Sequencing_platform=Hiseq 2500 Rapid}","{Classification=Rare}",0.00138098707056442,0.996774193548387,1.01925908923453,1905
"{taxa=Bacteria NA Balneolaeota Balneolia Balneolales Balneolaceae NA,device=membrane}","{Classification=Rare}",0.0016893628241856,0.997361477572559,1.01985962101342,1907
"{taxa=Bacteria NA Balneolaeota Balneolia Balneolales Balneolaceae NA}","{Classification=Rare}",0.00200220779162737,0.997772828507795,1.02028025106415,1908
"{taxa=Bacteria NA Proteobacteria Gammaproteobacteria Cellvibrionales NA NA,Sequencing_platform=Hiseq 2500 Rapid}","{Classification=Rare}",0.00118881087627875,0.858064516129032,0.877420445748819,1911
"{taxa=Bacteria NA Proteobacteria Gammaproteobacteria Cellvibrionales NA NA,device=membrane}","{Classification=Rare}",0.00150612505754113,0.882198952879581,0.902099298974325,1913
"{taxa=Bacteria NA Proteobacteria Gammaproteobacteria Cellvibrionales NA NA}","{Classification=Rare}",0.00181003159734171,0.9,0.920301896104964,1914
"{taxa=Bacteria NA Proteobacteria Alphaproteobacteria Kiloniellales Kiloniellaceae NA,device=membrane,Sequencing_platform=Hiseq 2500 Rapid}","{Classification=Rare}",0.00117987244863756,1,1.02255766233885,1917
"{taxa=Bacteria NA Proteobacteria Alphaproteobacteria Kiloniellales Kiloniellaceae NA,Sequencing_platform=Hiseq 2500 Rapid}","{Classification=Rare}",0.00138545628438501,1,1.02255766233885,1918
"{taxa=Bacteria NA Proteobacteria Alphaproteobacteria Kiloniellales Kiloniellaceae NA,device=membrane}","{Classification=Rare}",0.00169830125182679,1,1.02255766233885,1920
"{taxa=Bacteria NA Proteobacteria Alphaproteobacteria Kiloniellales Kiloniellaceae NA}","{Classification=Rare}",0.00201114621926857,1,1.02255766233885,1921
"{taxa=Archaea NA Thaumarchaeota NA Nitrosopumilales Nitrosopumilaceae NA,device=membrane,Sequencing_platform=Hiseq 2500 Rapid}","{Classification=Rare}",0.00108601895840503,0.920454545454545,0.941217848289168,1924
"{taxa=Archaea NA Thaumarchaeota NA Nitrosopumilales Nitrosopumilaceae NA,Sequencing_platform=Hiseq 2500 Rapid}","{Classification=Rare}",0.00127819515269069,0.92258064516129,0.943391907835196,1925
"{taxa=Archaea NA Thaumarchaeota NA Nitrosopumilales Nitrosopumilaceae NA,device=membrane}","{Classification=Rare}",0.00161785540305605,0.942708333333333,0.963973629600686,1927
"{taxa=Archaea NA Thaumarchaeota NA Nitrosopumilales Nitrosopumilaceae NA}","{Classification=Rare}",0.00191729272903604,0.944933920704846,0.966249421020631,1928
"{taxa=Bacteria NA Proteobacteria Deltaproteobacteria Bradymonadales NA NA,device=membrane,Sequencing_platform=Hiseq 2500 Rapid}","{Classification=Rare}",0.00117540323481696,0.996212121212121,1.01868433786029,1931
"{taxa=Bacteria NA Proteobacteria Deltaproteobacteria Bradymonadales NA NA,Sequencing_platform=Hiseq 2500 Rapid}","{Classification=Rare}",0.00138098707056442,0.996774193548387,1.01925908923453,1932
"{taxa=Bacteria NA Proteobacteria Deltaproteobacteria Bradymonadales NA NA,device=membrane}","{Classification=Rare}",0.00172511653475037,0.997416020671835,1.01991539447751,1934
"{taxa=Bacteria NA Proteobacteria Deltaproteobacteria Bradymonadales NA NA}","{Classification=Rare}",0.00202902307455096,0.997802197802198,1.02031028286118,1935
"{taxa=Bacteria NA Proteobacteria Gammaproteobacteria Thiotrichales Fastidiosibacteraceae Fangia,device=membrane,Sequencing_platform=Hiseq 2500 Rapid}","{Classification=Rare}",0.00137651785674382,1,1.02255766233885,1938
"{taxa=Bacteria NA Proteobacteria Gammaproteobacteria Thiotrichales Fastidiosibacteraceae Fangia,Sequencing_platform=Hiseq 2500 Rapid}","{Classification=Rare}",0.00157316326485008,1,1.02255766233885,1939
"{taxa=Bacteria NA Proteobacteria Gammaproteobacteria Thiotrichales Fastidiosibacteraceae Fangia,device=membrane}","{Classification=Rare}",0.00174746260385336,1,1.02255766233885,1941
"{taxa=Bacteria NA Proteobacteria Gammaproteobacteria Thiotrichales Fastidiosibacteraceae Fangia}","{Classification=Rare}",0.00203349228837155,1,1.02255766233885,1942
"{taxa=Bacteria NA Proteobacteria Gammaproteobacteria Oceanospirillales NA NA,device=membrane,Sequencing_platform=Hiseq 2500 Rapid}","{Classification=Rare}",0.00117987244863756,1,1.02255766233885,1945
"{taxa=Bacteria NA Proteobacteria Gammaproteobacteria Oceanospirillales NA NA,Sequencing_platform=Hiseq 2500 Rapid}","{Classification=Rare}",0.00138545628438501,1,1.02255766233885,1946
"{taxa=Bacteria NA Proteobacteria Gammaproteobacteria Oceanospirillales NA NA,device=membrane}","{Classification=Rare}",0.00159104012013247,0.919896640826873,0.940647358637288,1948
"{taxa=Bacteria NA Proteobacteria Gammaproteobacteria Oceanospirillales NA NA}","{Classification=Rare}",0.00184131609408589,0.901531728665208,0.921868176988197,1949
"{taxa=Archaea NA Thaumarchaeota NA NA NA Candidatus_Nitrosopelagicus,device=membrane,Sequencing_platform=Hiseq 2500 Rapid}","{Classification=Rare}",0.00104132682019906,0.882575757575758,0.902484603503606,1952
"{taxa=Archaea NA Thaumarchaeota NA NA NA Candidatus_Nitrosopelagicus,Sequencing_platform=Hiseq 2500 Rapid}","{Classification=Rare}",0.00121115694538174,0.874193548387097,0.893913311270413,1953
"{taxa=Archaea NA Thaumarchaeota NA NA NA Candidatus_Nitrosopelagicus,device=membrane}","{Classification=Rare}",0.00159104012013247,0.919896640826873,0.940647358637288,1955
"{taxa=Archaea NA Thaumarchaeota NA NA NA Candidatus_Nitrosopelagicus}","{Classification=Rare}",0.00186813137700947,0.914660831509847,0.935293441701617,1956
"{taxa=Bacteria NA Proteobacteria Gammaproteobacteria NA NA Pseudohongiella,device=membrane,Sequencing_platform=Hiseq 2500 Rapid}","{Classification=Rare}",0.00117987244863756,1,1.02255766233885,1959
"{taxa=Bacteria NA Proteobacteria Gammaproteobacteria NA NA Pseudohongiella,Sequencing_platform=Hiseq 2500 Rapid}","{Classification=Rare}",0.00138545628438501,1,1.02255766233885,1960
"{taxa=Bacteria NA Proteobacteria Gammaproteobacteria NA NA Pseudohongiella,device=membrane}","{Classification=Rare}",0.00172511653475037,0.997416020671835,1.01991539447751,1962
"{taxa=Bacteria NA Proteobacteria Gammaproteobacteria NA NA Pseudohongiella}","{Classification=Rare}",0.00203796150219215,0.99781181619256,1.02032011821995,1963
"{taxa=Bacteria NA Proteobacteria Alphaproteobacteria Rhodospirillales Rhodospirillaceae NA,device=membrane,Sequencing_platform=Hiseq 2500 Rapid}","{Classification=Rare}",0.00117093402099637,1,1.02255766233885,1966
"{taxa=Bacteria NA Proteobacteria Alphaproteobacteria Rhodospirillales Rhodospirillaceae NA,Sequencing_platform=Hiseq 2500 Rapid}","{Classification=Rare}",0.00137651785674382,1,1.02255766233885,1967
"{taxa=Bacteria NA Proteobacteria Alphaproteobacteria Rhodospirillales Rhodospirillaceae NA,device=membrane}","{Classification=Rare}",0.00172064732092978,1,1.02255766233885,1969
"{taxa=Bacteria NA Proteobacteria Alphaproteobacteria Rhodospirillales Rhodospirillaceae NA}","{Classification=Rare}",0.00204689992983334,1,1.02255766233885,1970
"{taxa=Bacteria NA Proteobacteria Alphaproteobacteria Rhodobacterales Hyphomonadaceae NA,device=membrane,Sequencing_platform=Hiseq 2500 Rapid}","{Classification=Rare}",0.00117987244863756,0.992481203007519,1.01486925886262,1973
"{taxa=Bacteria NA Proteobacteria Alphaproteobacteria Rhodobacterales Hyphomonadaceae NA,Sequencing_platform=Hiseq 2500 Rapid}","{Classification=Rare}",0.00138545628438501,0.993589743589744,1.01600280552898,1974
"{taxa=Bacteria NA Proteobacteria Alphaproteobacteria Rhodobacterales Hyphomonadaceae NA,device=membrane}","{Classification=Rare}",0.00173852417621216,0.994884910485934,1.01732718836269,1976
"{taxa=Bacteria NA Proteobacteria Alphaproteobacteria Rhodobacterales Hyphomonadaceae NA}","{Classification=Rare}",0.00204243071601275,0.995642701525055,1.0181020733962,1977
"{taxa=Bacteria NA Verrucomicrobia Verrucomicrobiae Verrucomicrobiales Verrucomicrobiaceae Roseibacillus,device=membrane,Sequencing_platform=Hiseq 2500 Rapid}","{Classification=Rare}",0.00116646480717577,0.988636363636364,1.01093768890318,1985
"{taxa=Bacteria NA Verrucomicrobia Verrucomicrobiae Verrucomicrobiales Verrucomicrobiaceae Roseibacillus,Sequencing_platform=Hiseq 2500 Rapid}","{Classification=Rare}",0.00137204864292322,0.990322580645161,1.01266194302589,1986
"{taxa=Bacteria NA Verrucomicrobia Verrucomicrobiae Verrucomicrobiales Verrucomicrobiaceae Roseibacillus,device=membrane}","{Classification=Rare}",0.00172511653475037,0.992287917737789,1.01467161352904,1988
"{taxa=Bacteria NA Verrucomicrobia Verrucomicrobiae Verrucomicrobiales Verrucomicrobiaceae Roseibacillus}","{Classification=Rare}",0.00203796150219215,0.993464052287582,1.01587427892487,1989
"{taxa=Bacteria NA Proteobacteria Gammaproteobacteria Legionellales Coxiellaceae Coxiella,device=membrane,Sequencing_platform=Hiseq 2500 Rapid}","{Classification=Rare}",0.00117987244863756,1,1.02255766233885,1992
"{taxa=Bacteria NA Proteobacteria Gammaproteobacteria Legionellales Coxiellaceae Coxiella,Sequencing_platform=Hiseq 2500 Rapid}","{Classification=Rare}",0.00138545628438501,1,1.02255766233885,1993
"{taxa=Bacteria NA Proteobacteria Gammaproteobacteria Legionellales Coxiellaceae Coxiella,device=membrane}","{Classification=Rare}",0.00174299339003276,1,1.02255766233885,1995
"{taxa=Bacteria NA Proteobacteria Gammaproteobacteria Legionellales Coxiellaceae Coxiella}","{Classification=Rare}",0.00205583835747454,1,1.02255766233885,1996
"{taxa=Bacteria NA Planctomycetes Planctomycetia Planctomycetales NA NA,device=membrane,Sequencing_platform=Hiseq 2500 Rapid}","{Classification=Rare}",0.00109942659986682,0.931818181818182,0.952837821724837,1999
"{taxa=Bacteria NA Planctomycetes Planctomycetia Planctomycetales NA NA,Sequencing_platform=Hiseq 2500 Rapid}","{Classification=Rare}",0.00130501043561427,0.941935483870968,0.96318334646111,2000
"{taxa=Bacteria NA Planctomycetes Planctomycetia Planctomycetales NA NA,device=membrane}","{Classification=Rare}",0.00166701675508261,0.953964194373402,0.975483396553429,2002
"{taxa=Bacteria NA Planctomycetes Planctomycetia Planctomycetales NA NA}","{Classification=Rare}",0.00197986172252439,0.960954446854664,0.982631332789827,2003
"{taxa=Bacteria NA Verrucomicrobia Verrucomicrobiae Verrucomicrobiales NA NA,device=membrane,Sequencing_platform=Hiseq 2500 Rapid}","{Classification=Rare}",0.0011173034551492,0.946969696969697,0.968331119639062,2006
"{taxa=Bacteria NA Verrucomicrobia Verrucomicrobiae Verrucomicrobiales NA NA,Sequencing_platform=Hiseq 2500 Rapid}","{Classification=Rare}",0.00132288729089666,0.954838709677419,0.976377638878385,2007
"{taxa=Bacteria NA Verrucomicrobia Verrucomicrobiae Verrucomicrobiales NA NA,device=membrane}","{Classification=Rare}",0.001684893610365,0.964194373401535,0.985944344505745,2009
"{taxa=Bacteria NA Verrucomicrobia Verrucomicrobiae Verrucomicrobiales NA NA}","{Classification=Rare}",0.00199773857780678,0.969631236442516,0.991503850467388,2010
"{taxa=Bacteria NA Proteobacteria Gammaproteobacteria Thiotrichales Thiotrichaceae NA,device=membrane,Sequencing_platform=Hiseq 2500 Rapid}","{Classification=Rare}",0.00107261131694324,0.909090909090909,0.929597874853499,2013
"{taxa=Bacteria NA Proteobacteria Gammaproteobacteria Thiotrichales Thiotrichaceae NA,Sequencing_platform=Hiseq 2500 Rapid}","{Classification=Rare}",0.0012647875112289,0.912903225806452,0.93349618852224,2014
"{taxa=Bacteria NA Proteobacteria Gammaproteobacteria Thiotrichales Thiotrichaceae NA,device=membrane}","{Classification=Rare}",0.00164020147215903,0.938618925831202,0.959791974624956,2016
"{taxa=Bacteria NA Proteobacteria Gammaproteobacteria Thiotrichales Thiotrichaceae NA}","{Classification=Rare}",0.00193963879813902,0.941431670281996,0.962668168015316,2017
"{taxa=Bacteria NA Verrucomicrobia Opitutae Puniceicoccales Puniceicoccaceae NA,device=membrane,Sequencing_platform=Hiseq 2500 Rapid}","{Classification=Rare}",0.00117540323481696,0.996212121212121,1.01868433786029,2020
"{taxa=Bacteria NA Verrucomicrobia Opitutae Puniceicoccales Puniceicoccaceae NA,Sequencing_platform=Hiseq 2500 Rapid}","{Classification=Rare}",0.00138098707056442,0.996774193548387,1.01925908923453,2021
"{taxa=Bacteria NA Verrucomicrobia Opitutae Puniceicoccales Puniceicoccaceae NA,device=membrane}","{Classification=Rare}",0.00173405496239157,0.989795918367347,1.01212340047825,2023
"{taxa=Bacteria NA Verrucomicrobia Opitutae Puniceicoccales Puniceicoccaceae NA}","{Classification=Rare}",0.00204689992983334,0.991341991341991,1.01370434924501,2024
"{taxa=Bacteria NA Proteobacteria Gammaproteobacteria Chromatiales Ectothiorhodospiraceae NA,device=membrane,Sequencing_platform=Hiseq 2500 Rapid}","{Classification=Rare}",0.00109495738604622,0.921052631578947,0.941829425838414,2027
"{taxa=Bacteria NA Proteobacteria Gammaproteobacteria Chromatiales Ectothiorhodospiraceae NA,Sequencing_platform=Hiseq 2500 Rapid}","{Classification=Rare}",0.00127372593887009,0.913461538461538,0.93406709540568,2028
"{taxa=Bacteria NA Proteobacteria Gammaproteobacteria Chromatiales Ectothiorhodospiraceae NA,device=membrane}","{Classification=Rare}",0.00165807832744142,0.946428571428571,0.967777787570697,2030
"{taxa=Bacteria NA Proteobacteria Gammaproteobacteria Chromatiales Ectothiorhodospiraceae NA}","{Classification=Rare}",0.00194410801195962,0.941558441558442,0.96279779895541,2031
"{taxa=Eukaryota Bacillariophyta Bacillariophyta NA NA NA NA,device=membrane,Sequencing_platform=Hiseq 2500 Rapid}","{Classification=Rare}",0.00101898075109607,0.863636363636364,0.883117981110825,2039
"{taxa=Eukaryota Bacillariophyta Bacillariophyta NA NA NA NA,Sequencing_platform=Hiseq 2500 Rapid}","{Classification=Rare}",0.00121562615920233,0.87741935483871,0.897211884374732,2040
"{taxa=Bacteria NA Planctomycetes Phycisphaerae Phycisphaerales Phycisphaeraceae NA,device=membrane,Sequencing_platform=Hiseq 2500 Rapid}","{Classification=Rare}",0.00108601895840503,0.920454545454545,0.941217848289168,2046
"{taxa=Bacteria NA Planctomycetes Phycisphaerae Phycisphaerales Phycisphaeraceae NA,Sequencing_platform=Hiseq 2500 Rapid}","{Classification=Rare}",0.00129160279415248,0.932258064516129,0.953287627148153,2047
"{taxa=Bacteria NA Planctomycetes Phycisphaerae Phycisphaerales Phycisphaeraceae NA,device=membrane}","{Classification=Rare}",0.00165807832744142,0.944020356234097,0.965315248671026,2049
"{taxa=Bacteria NA Planctomycetes Phycisphaerae Phycisphaerales Phycisphaeraceae NA}","{Classification=Rare}",0.0019709232948832,0.952483801295896,0.973969609268753,2050
"{taxa=Bacteria NA Proteobacteria Alphaproteobacteria Pelagibacterales NA NA,device=membrane,Sequencing_platform=Hiseq 2500 Rapid}","{Classification=Abundant}",0.00100557310963428,0.852272727272727,175.759059488898,2053
"{taxa=Bacteria NA Proteobacteria Alphaproteobacteria Pelagibacterales NA NA,device=membrane}","{Classification=Abundant}",0.00150165584372053,0.854961832061069,176.313617335632,2054
"{taxa=Bacteria NA Proteobacteria Alphaproteobacteria Pelagibacterales NA NA,Sequencing_platform=Hiseq 2500 Rapid}","{Classification=Abundant}",0.00121115694538174,0.874193548387097,180.279658094247,2055
"{taxa=Bacteria NA Proteobacteria Alphaproteobacteria Pelagibacterales NA NA}","{Classification=Abundant}",0.00181450081116231,0.876889848812095,180.835699853689,2059
"{taxa=Bacteria NA Proteobacteria Alphaproteobacteria Rickettsiales NA NA,Sequencing_platform=Hiseq 2500 Rapid}","{Classification=Rare}",0.00116646480717577,0.841935483870968,0.860927580227225,2060
"{taxa=Bacteria NA Proteobacteria Alphaproteobacteria Rickettsiales NA NA,device=membrane}","{Classification=Rare}",0.00153294034046471,0.872773536895674,0.89246126763925,2062
"{taxa=Bacteria NA Proteobacteria Alphaproteobacteria Rickettsiales NA NA}","{Classification=Rare}",0.0018279084526241,0.883369330453564,0.903296077530431,2063
"{taxa=Bacteria NA Proteobacteria Alphaproteobacteria Sphingomonadales NA NA,device=membrane,Sequencing_platform=Hiseq 2500 Rapid}","{Classification=Rare}",0.00117987244863756,1,1.02255766233885,2066
"{taxa=Bacteria NA Proteobacteria Alphaproteobacteria Sphingomonadales NA NA,Sequencing_platform=Hiseq 2500 Rapid}","{Classification=Rare}",0.00138545628438501,1,1.02255766233885,2067
"{taxa=Bacteria NA Proteobacteria Alphaproteobacteria Sphingomonadales NA NA,device=membrane}","{Classification=Rare}",0.00176087024531515,1,1.02255766233885,2069
"{taxa=Bacteria NA Proteobacteria Alphaproteobacteria Sphingomonadales NA NA}","{Classification=Rare}",0.00207371521275692,1,1.02255766233885,2070
"{taxa=Bacteria NA Proteobacteria Alphaproteobacteria Rhizobiales NA NA,device=membrane,Sequencing_platform=Hiseq 2500 Rapid}","{Classification=Rare}",0.00117093402099637,0.992424242424242,1.01481101338174,2073
"{taxa=Bacteria NA Proteobacteria Alphaproteobacteria Rhizobiales NA NA,Sequencing_platform=Hiseq 2500 Rapid}","{Classification=Rare}",0.00137651785674382,0.993548387096774,1.01596051613021,2074
"{taxa=Bacteria NA Proteobacteria Alphaproteobacteria Rhizobiales NA NA,device=membrane}","{Classification=Rare}",0.00175193181767395,0.99492385786802,1.01736701430667,2076
"{taxa=Bacteria NA Proteobacteria Alphaproteobacteria Rhizobiales NA NA}","{Classification=Rare}",0.00206477678511573,0.995689655172414,1.01815008620808,2077
"{taxa=Bacteria NA Proteobacteria Alphaproteobacteria Rhodobacterales Rhodobacteraceae NA,device=membrane,Sequencing_platform=Hiseq 2500 Rapid}","{Classification=Undetermined}",0.00102791917873727,0.867924528301887,50.4286463207302,2080
"{taxa=Bacteria NA Proteobacteria Alphaproteobacteria Rhodobacterales Rhodobacteraceae NA,Sequencing_platform=Hiseq 2500 Rapid}","{Classification=Undetermined}",0.00121115694538174,0.865814696485623,50.3060596683323,2082
"{taxa=Bacteria NA Proteobacteria Deltaproteobacteria Myxococcales NA NA,device=membrane,Sequencing_platform=Hiseq 2500 Rapid}","{Classification=Rare}",0.00120668773156114,1,1.02255766233885,2087
"{taxa=Bacteria NA Proteobacteria Deltaproteobacteria Myxococcales NA NA,Sequencing_platform=Hiseq 2500 Rapid}","{Classification=Rare}",0.00141227156730859,1,1.02255766233885,2088
"{taxa=Bacteria NA Proteobacteria Deltaproteobacteria Myxococcales NA NA,device=membrane}","{Classification=Rare}",0.00176980867295634,1,1.02255766233885,2090
"{taxa=Bacteria NA Proteobacteria Deltaproteobacteria Myxococcales NA NA}","{Classification=Rare}",0.00208265364039812,1,1.02255766233885,2091
"{taxa=Bacteria NA Proteobacteria Alphaproteobacteria Rhodobacterales NA NA,device=membrane,Sequencing_platform=Hiseq 2500 Rapid}","{Classification=Rare}",0.00116646480717577,0.97752808988764,0.999578838466066,2094
"{taxa=Bacteria NA Proteobacteria Alphaproteobacteria Rhodobacterales NA NA,Sequencing_platform=Hiseq 2500 Rapid}","{Classification=Rare}",0.00137651785674382,0.980891719745223,1.00301834395021,2095
"{taxa=Bacteria NA Proteobacteria Alphaproteobacteria Rhodobacterales NA NA,device=membrane}","{Classification=Rare}",0.00174299339003276,0.984848484848485,1.00706436442462,2097
"{taxa=Bacteria NA Proteobacteria Alphaproteobacteria Rhodobacterales NA NA}","{Classification=Rare}",0.00206030757129513,0.987152034261242,1.00941987652722,2098
"{taxa=Bacteria NA Proteobacteria Gammaproteobacteria Pseudomonadales Moraxellaceae Acinetobacter,device=membrane,Sequencing_platform=Hiseq 2500 Rapid}","{Classification=Rare}",0.00138098707056442,1,1.02255766233885,2101
"{taxa=Bacteria NA Proteobacteria Gammaproteobacteria Pseudomonadales Moraxellaceae Acinetobacter,Sequencing_platform=Hiseq 2500 Rapid}","{Classification=Rare}",0.00158657090631187,1,1.02255766233885,2102
"{taxa=Bacteria NA Proteobacteria Gammaproteobacteria Pseudomonadales Moraxellaceae Acinetobacter,device=membrane}","{Classification=Rare}",0.00183684688026529,1,1.02255766233885,2104
"{taxa=Bacteria NA Proteobacteria Gammaproteobacteria Pseudomonadales Moraxellaceae Acinetobacter}","{Classification=Rare}",0.00212287656478349,1,1.02255766233885,2105
"{taxa=Bacteria NA Verrucomicrobia Verrucomicrobiae NA NA NA,device=membrane,Sequencing_platform=Hiseq 2500 Rapid}","{Classification=Rare}",0.00117987244863756,1,1.02255766233885,2108
"{taxa=Bacteria NA Verrucomicrobia Verrucomicrobiae NA NA NA,Sequencing_platform=Hiseq 2500 Rapid}","{Classification=Rare}",0.00138545628438501,1,1.02255766233885,2109
"{taxa=Bacteria NA Verrucomicrobia Verrucomicrobiae NA NA NA,device=membrane}","{Classification=Rare}",0.00180556238352111,1,1.02255766233885,2111
"{taxa=Bacteria NA Verrucomicrobia Verrucomicrobiae NA NA NA}","{Classification=Rare}",0.00212734577860409,1,1.02255766233885,2112
"{taxa=Bacteria NA Proteobacteria Alphaproteobacteria Rhodobacterales Rhodobacteraceae Amylibacter,device=membrane,Sequencing_platform=Hiseq 2500 Rapid}","{Classification=Rare}",0.0012692567250495,1,1.02255766233885,2115
"{taxa=Bacteria NA Proteobacteria Alphaproteobacteria Rhodobacterales Rhodobacteraceae Amylibacter,Sequencing_platform=Hiseq 2500 Rapid}","{Classification=Rare}",0.00147930977461755,1,1.02255766233885,2116
"{taxa=Bacteria NA Proteobacteria Alphaproteobacteria Rhodobacterales Rhodobacteraceae Amylibacter,device=membrane}","{Classification=Rare}",0.00181450081116231,1,1.02255766233885,2118
"{taxa=Bacteria NA Proteobacteria Alphaproteobacteria Rhodobacterales Rhodobacteraceae Amylibacter}","{Classification=Rare}",0.00213181499242468,1,1.02255766233885,2119
"{taxa=Bacteria NA Acidobacteria NA NA NA NA,device=membrane,Sequencing_platform=Hiseq 2500 Rapid}","{Classification=Rare}",0.00125137986976711,0.99644128113879,1.01891866709921,2122
"{taxa=Bacteria NA Acidobacteria NA NA NA NA,Sequencing_platform=Hiseq 2500 Rapid}","{Classification=Rare}",0.00145696370551456,0.996941896024465,1.01943057468644,2123
"{taxa=Bacteria NA Acidobacteria NA NA NA NA,device=membrane}","{Classification=Rare}",0.0018279084526241,0.997560975609756,1.02006361925997,2125
"{taxa=Bacteria NA Acidobacteria NA NA NA NA}","{Classification=Rare}",0.00214075342006588,0.997916666666667,1.02042733387564,2126
"{taxa=Archaea NA Thaumarchaeota NA NA NA NA,device=membrane,Sequencing_platform=Hiseq 2500 Rapid}","{Classification=Rare}",0.00121115694538174,1,1.02255766233885,2129
"{taxa=Archaea NA Thaumarchaeota NA NA NA NA,Sequencing_platform=Hiseq 2500 Rapid}","{Classification=Rare}",0.00144355606405277,1,1.02255766233885,2130
"{taxa=Archaea NA Thaumarchaeota NA NA NA NA,device=membrane}","{Classification=Rare}",0.00180109316970052,1,1.02255766233885,2132
"{taxa=Archaea NA Thaumarchaeota NA NA NA NA}","{Classification=Rare}",0.00216309948916886,1,1.02255766233885,2133
"{taxa=Bacteria NA Cyanobacteria NA Synechococcales Synechococcaceae Synechococcus,device=membrane,Sequencing_platform=Hiseq 2500 Rapid}","{Classification=Rare}",0.00147037134697635,1,1.02255766233885,2136
"{taxa=Bacteria NA Cyanobacteria NA Synechococcales Synechococcaceae Synechococcus,Sequencing_platform=Hiseq 2500 Rapid}","{Classification=Rare}",0.00173852417621216,1,1.02255766233885,2137
"{taxa=Bacteria NA Cyanobacteria NA Synechococcales Synechococcaceae Synechococcus,device=membrane}","{Classification=Rare}",0.00188153901847126,1,1.02255766233885,2139
"{taxa=Bacteria NA Cyanobacteria NA Synechococcales Synechococcaceae Synechococcus}","{Classification=Rare}",0.00223907612411901,1,1.02255766233885,2140
"{taxa=Bacteria NA Candidatus_Marinimicrobia NA NA NA NA,device=membrane,Sequencing_platform=Hiseq 2500 Rapid}","{Classification=Rare}",0.00162679383069724,0.952879581151832,0.97437431699304,2143
"{taxa=Bacteria NA Candidatus_Marinimicrobia NA NA NA NA,Sequencing_platform=Hiseq 2500 Rapid}","{Classification=Rare}",0.00207818442657752,0.95482546201232,0.97636409237693,2144
"{taxa=Bacteria NA Candidatus_Marinimicrobia NA NA NA NA,device=membrane}","{Classification=Rare}",0.00169830125182679,0.954773869346734,0.976311335901414,2146
"{taxa=Bacteria NA Candidatus_Marinimicrobia NA NA NA NA}","{Classification=Rare}",0.00214969184770707,0.956262425447316,0.977833470347886,2147
"{taxa=Bacteria NA Planctomycetes Planctomycetia Planctomycetales Planctomycetaceae NA,device=membrane,Sequencing_platform=Hiseq 2500 Rapid}","{Classification=Rare}",0.00125137986976711,0.936454849498328,0.957579081788889,2150
"{taxa=Bacteria NA Planctomycetes Planctomycetia Planctomycetales Planctomycetaceae NA,Sequencing_platform=Hiseq 2500 Rapid}","{Classification=Rare}",0.00145696370551456,0.944927536231884,0.966242892528884,2151
"{taxa=Bacteria NA Planctomycetes Planctomycetia Planctomycetales Planctomycetaceae NA,device=membrane}","{Classification=Rare}",0.00185025452172708,0.956120092378753,0.977687926578022,2153
"{taxa=Bacteria NA Planctomycetes Planctomycetia Planctomycetales Planctomycetaceae NA}","{Classification=Rare}",0.00218097634445125,0.962524654832347,0.984236960988873,2154
"{taxa=Eukaryota Bacillariophyta Bacillariophyta Coscinodiscophyceae Leptocylindrales Leptocylindraceae Leptocylindrus,Sequencing_strategy=MetaB18SV9,Sequencing_platform=Hiseq 2500R}","{Classification=Rare}",0.001130711096611,1,1.02255766233885,2163
"{taxa=Eukaryota Bacillariophyta Bacillariophyta Coscinodiscophyceae Leptocylindrales Leptocylindraceae Leptocylindrus,Sequencing_platform=Hiseq 2500R}","{Classification=Rare}",0.001130711096611,1,1.02255766233885,2164
"{taxa=Eukaryota Bacillariophyta Bacillariophyta Coscinodiscophyceae Leptocylindrales Leptocylindraceae Leptocylindrus,Sequencing_strategy=MetaB18SV9,device=membrane}","{Classification=Rare}",0.00103238839255787,1,1.02255766233885,2166
"{taxa=Eukaryota Bacillariophyta Bacillariophyta Coscinodiscophyceae Leptocylindrales Leptocylindraceae Leptocylindrus,Sequencing_strategy=MetaB18SV9}","{Classification=Rare}",0.00119774930391995,1,1.02255766233885,2167
"{taxa=Eukaryota Bacillariophyta Bacillariophyta Coscinodiscophyceae Leptocylindrales Leptocylindraceae Leptocylindrus,device=membrane,method=filter>filter>filtrate>filter}","{Classification=Rare}",0.00111283424132861,1,1.02255766233885,2169
"{taxa=Eukaryota Bacillariophyta Bacillariophyta Coscinodiscophyceae Leptocylindrales Leptocylindraceae Leptocylindrus,method=filter>filter>filtrate>filter}","{Classification=Rare}",0.00111283424132861,1,1.02255766233885,2170
"{taxa=Eukaryota Bacillariophyta Bacillariophyta Coscinodiscophyceae Leptocylindrales Leptocylindraceae Leptocylindrus,Sequencing_platform=Hiseq 2500 Rapid}","{Classification=Rare}",0.00109942659986682,0.995951417004049,1.01841775277472,2172
"{taxa=Eukaryota Bacillariophyta Bacillariophyta Coscinodiscophyceae Leptocylindrales Leptocylindraceae Leptocylindrus,device=membrane}","{Classification=Rare}",0.00215863027534826,0.997933884297521,1.020444939896,2173
"{taxa=Eukaryota Bacillariophyta Bacillariophyta Coscinodiscophyceae Leptocylindrales Leptocylindraceae Leptocylindrus}","{Classification=Rare}",0.0025251058086372,0.998233215547703,1.02075102335945,2174
"{taxa=Bacteria NA Verrucomicrobia Opitutae Puniceicoccales Puniceicoccaceae Coraliomargarita,device=membrane,method=filter>filter>filtrate>filter}","{Classification=Rare}",0.00111283424132861,1,1.02255766233885,2180
"{taxa=Bacteria NA Verrucomicrobia Opitutae Puniceicoccales Puniceicoccaceae Coraliomargarita,method=filter>filter>filtrate>filter}","{Classification=Rare}",0.00111283424132861,1,1.02255766233885,2181
"{taxa=Bacteria NA Verrucomicrobia Opitutae Puniceicoccales Puniceicoccaceae Coraliomargarita,device=membrane,Sequencing_platform=Hiseq 2500 Rapid}","{Classification=Rare}",0.00136311021528203,1,1.02255766233885,2183
"{taxa=Bacteria NA Verrucomicrobia Opitutae Puniceicoccales Puniceicoccaceae Coraliomargarita,Sequencing_platform=Hiseq 2500 Rapid}","{Classification=Rare}",0.00164467068597963,1,1.02255766233885,2184
"{taxa=Bacteria NA Verrucomicrobia Opitutae Puniceicoccales Puniceicoccaceae Coraliomargarita,device=membrane}","{Classification=Rare}",0.00216756870298946,1,1.02255766233885,2186
"{taxa=Bacteria NA Verrucomicrobia Opitutae Puniceicoccales Puniceicoccaceae Coraliomargarita}","{Classification=Rare}",0.00265024379561391,1,1.02255766233885,2187
"{size_fraction=>0.22 µm,Sequencing_strategy=MetaG,device=sterivex,method=filter,Sequencing_platform=Hiseq 4000,volume=1}","{Classification=Rare}",0.00263683615415212,0.965630114566285,0.987412472634896,2191
"{Sequencing_strategy=MetaG,device=sterivex,method=filter,Sequencing_platform=Hiseq 4000,volume=1}","{Classification=Rare}",0.00263683615415212,0.965630114566285,0.987412472634896,2192
"{size_fraction=>0.22 µm,Sequencing_strategy=MetaG,device=sterivex,Sequencing_platform=Hiseq 4000,volume=1}","{Classification=Rare}",0.00263683615415212,0.965630114566285,0.987412472634896,2194
"{Sequencing_strategy=MetaG,device=sterivex,Sequencing_platform=Hiseq 4000,volume=1}","{Classification=Rare}",0.00263683615415212,0.965630114566285,0.987412472634896,2195
"{size_fraction=>0.22 µm,Sequencing_strategy=MetaG,method=filter,Sequencing_platform=Hiseq 4000,volume=1}","{Classification=Rare}",0.00263683615415212,0.965630114566285,0.987412472634896,2198
"{Sequencing_strategy=MetaG,method=filter,Sequencing_platform=Hiseq 4000,volume=1}","{Classification=Rare}",0.00263683615415212,0.965630114566285,0.987412472634896,2199
"{size_fraction=>0.22 µm,Sequencing_strategy=MetaG,Sequencing_platform=Hiseq 4000,volume=1}","{Classification=Rare}",0.00263683615415212,0.965630114566285,0.987412472634896,2201
"{Sequencing_strategy=MetaG,Sequencing_platform=Hiseq 4000,volume=1}","{Classification=Rare}",0.00263683615415212,0.965630114566285,0.987412472634896,2202
"{size_fraction=>0.22 µm,device=sterivex,method=filter,Sequencing_platform=Hiseq 4000,volume=1}","{Classification=Rare}",0.00263683615415212,0.965630114566285,0.987412472634896,2206
"{device=sterivex,method=filter,Sequencing_platform=Hiseq 4000,volume=1}","{Classification=Rare}",0.00263683615415212,0.965630114566285,0.987412472634896,2207
"{size_fraction=>0.22 µm,device=sterivex,Sequencing_platform=Hiseq 4000,volume=1}","{Classification=Rare}",0.00263683615415212,0.965630114566285,0.987412472634896,2209
"{device=sterivex,Sequencing_platform=Hiseq 4000,volume=1}","{Classification=Rare}",0.00263683615415212,0.965630114566285,0.987412472634896,2210
"{size_fraction=>0.22 µm,method=filter,Sequencing_platform=Hiseq 4000,volume=1}","{Classification=Rare}",0.00263683615415212,0.965630114566285,0.987412472634896,2213
"{method=filter,Sequencing_platform=Hiseq 4000,volume=1}","{Classification=Rare}",0.00263683615415212,0.965630114566285,0.987412472634896,2214
"{size_fraction=>0.22 µm,Sequencing_platform=Hiseq 4000,volume=1}","{Classification=Rare}",0.00263683615415212,0.965630114566285,0.987412472634896,2216
"{Sequencing_platform=Hiseq 4000,volume=1}","{Classification=Rare}",0.00263683615415212,0.965630114566285,0.987412472634896,2217
"{size_fraction=>0.22 µm,Sequencing_strategy=MetaG,device=sterivex,method=filter,volume=1}","{Classification=Rare}",0.00263683615415212,0.965630114566285,0.987412472634896,2222
"{Sequencing_strategy=MetaG,device=sterivex,method=filter,volume=1}","{Classification=Rare}",0.00263683615415212,0.965630114566285,0.987412472634896,2223
"{size_fraction=>0.22 µm,Sequencing_strategy=MetaG,device=sterivex,volume=1}","{Classification=Rare}",0.00263683615415212,0.965630114566285,0.987412472634896,2225
"{Sequencing_strategy=MetaG,device=sterivex,volume=1}","{Classification=Rare}",0.00263683615415212,0.965630114566285,0.987412472634896,2226
"{size_fraction=>0.22 µm,Sequencing_strategy=MetaG,method=filter,volume=1}","{Classification=Rare}",0.00263683615415212,0.965630114566285,0.987412472634896,2229
"{Sequencing_strategy=MetaG,method=filter,volume=1}","{Classification=Rare}",0.00263683615415212,0.965630114566285,0.987412472634896,2230
"{size_fraction=>0.22 µm,Sequencing_strategy=MetaG,volume=1}","{Classification=Rare}",0.00263683615415212,0.965630114566285,0.987412472634896,2232
"{Sequencing_strategy=MetaG,volume=1}","{Classification=Rare}",0.00263683615415212,0.965630114566285,0.987412472634896,2233
"{size_fraction=>0.22 µm,device=sterivex,method=filter,volume=1}","{Classification=Rare}",0.00263683615415212,0.965630114566285,0.987412472634896,2237
"{device=sterivex,method=filter,volume=1}","{Classification=Rare}",0.00263683615415212,0.965630114566285,0.987412472634896,2238
"{size_fraction=>0.22 µm,device=sterivex,volume=1}","{Classification=Rare}",0.00263683615415212,0.965630114566285,0.987412472634896,2240
"{device=sterivex,volume=1}","{Classification=Rare}",0.00263683615415212,0.965630114566285,0.987412472634896,2241
"{size_fraction=>0.22 µm,method=filter,volume=1}","{Classification=Rare}",0.00263683615415212,0.965630114566285,0.987412472634896,2244
"{method=filter,volume=1}","{Classification=Rare}",0.00263683615415212,0.965630114566285,0.987412472634896,2245
"{size_fraction=>0.22 µm,volume=1}","{Classification=Rare}",0.00263683615415212,0.965630114566285,0.987412472634896,2247
"{volume=1}","{Classification=Rare}",0.00263683615415212,0.965630114566285,0.987412472634896,2248
"{taxa=Bacteria NA Proteobacteria Alphaproteobacteria NA NA Candidatus_Puniceispirillum,device=membrane,method=filter>filter>filtrate>filter,Sequencing_platform=Hiseq 2500 Rapid}","{Classification=Rare}",0.00103685760637846,1,1.02255766233885,2254
"{taxa=Bacteria NA Proteobacteria Alphaproteobacteria NA NA Candidatus_Puniceispirillum,method=filter>filter>filtrate>filter,Sequencing_platform=Hiseq 2500 Rapid}","{Classification=Rare}",0.00103685760637846,1,1.02255766233885,2255
"{taxa=Bacteria NA Proteobacteria Alphaproteobacteria NA NA Candidatus_Puniceispirillum,device=membrane,method=filter>filter>filtrate>filter}","{Classification=Rare}",0.00120668773156114,1,1.02255766233885,2257
"{taxa=Bacteria NA Proteobacteria Alphaproteobacteria NA NA Candidatus_Puniceispirillum,method=filter>filter>filtrate>filter}","{Classification=Rare}",0.00120668773156114,1,1.02255766233885,2258
"{taxa=Bacteria NA Proteobacteria Alphaproteobacteria NA NA Candidatus_Puniceispirillum,device=membrane,Sequencing_platform=Hiseq 2500 Rapid}","{Classification=Rare}",0.00202008464690976,1,1.02255766233885,2261
"{taxa=Bacteria NA Proteobacteria Alphaproteobacteria NA NA Candidatus_Puniceispirillum,Sequencing_platform=Hiseq 2500 Rapid}","{Classification=Rare}",0.00243125231840467,1,1.02255766233885,2262
"{taxa=Bacteria NA Proteobacteria Alphaproteobacteria NA NA Candidatus_Puniceispirillum,device=membrane}","{Classification=Rare}",0.00228823747614557,1,1.02255766233885,2264
"{taxa=Bacteria NA Proteobacteria Alphaproteobacteria NA NA Candidatus_Puniceispirillum}","{Classification=Rare}",0.00277091256877003,1,1.02255766233885,2265
"{taxa=Bacteria NA Proteobacteria Alphaproteobacteria Pelagibacterales Pelagibacteraceae Candidatus_Pelagibacter,device=membrane,method=filter>filter>filtrate>filter}","{Classification=Rare}",0.00134523335999964,1,1.02255766233885,2277
"{taxa=Bacteria NA Proteobacteria Alphaproteobacteria Pelagibacterales Pelagibacteraceae Candidatus_Pelagibacter,method=filter>filter>filtrate>filter}","{Classification=Rare}",0.00134523335999964,1,1.02255766233885,2278
"{taxa=Bacteria NA Proteobacteria Alphaproteobacteria Pelagibacterales Pelagibacteraceae Candidatus_Pelagibacter,device=membrane,Sequencing_platform=Hiseq 2500 Rapid}","{Classification=Rare}",0.00178768552823873,1,1.02255766233885,2280
"{taxa=Bacteria NA Proteobacteria Alphaproteobacteria Pelagibacterales Pelagibacteraceae Candidatus_Pelagibacter,Sequencing_platform=Hiseq 2500 Rapid}","{Classification=Rare}",0.00215416106152767,1,1.02255766233885,2281
"{taxa=Bacteria NA Proteobacteria Alphaproteobacteria Pelagibacterales Pelagibacteraceae Candidatus_Pelagibacter,device=membrane}","{Classification=Rare}",0.00259214401594615,1,1.02255766233885,2283
"{taxa=Bacteria NA Proteobacteria Alphaproteobacteria Pelagibacterales Pelagibacteraceae Candidatus_Pelagibacter}","{Classification=Rare}",0.00312844967441777,1,1.02255766233885,2284
"{size_fraction=0.22-3 µm,Sequencing_strategy=MetaG,device=membrane,method=filter>filter>filtrate>filter,Sequencing_platform=RHS4000,volume=716}","{Classification=Rare}",0.00106814210312264,0.967611336032389,0.98943838582585,2303
"{size_fraction=0.22-3 µm,Sequencing_strategy=MetaG,method=filter>filter>filtrate>filter,Sequencing_platform=RHS4000,volume=716}","{Classification=Rare}",0.00106814210312264,0.967611336032389,0.98943838582585,2304
"{size_fraction=0.22-3 µm,Sequencing_strategy=MetaG,device=membrane,Sequencing_platform=RHS4000,volume=716}","{Classification=Rare}",0.00106814210312264,0.967611336032389,0.98943838582585,2306
"{size_fraction=0.22-3 µm,Sequencing_strategy=MetaG,Sequencing_platform=RHS4000,volume=716}","{Classification=Rare}",0.00106814210312264,0.967611336032389,0.98943838582585,2307
"{size_fraction=3-20 µm,Sequencing_strategy=MetaG,device=membrane,method=filter>filter>filtrate>filter,Sequencing_platform=RHS4000,volume=716}","{Classification=Rare}",0.00101451153727548,0.974248927038627,0.99622570536875,2310
"{size_fraction=3-20 µm,Sequencing_strategy=MetaG,method=filter>filter>filtrate>filter,Sequencing_platform=RHS4000,volume=716}","{Classification=Rare}",0.00101451153727548,0.974248927038627,0.99622570536875,2311
"{size_fraction=3-20 µm,Sequencing_strategy=MetaG,device=membrane,Sequencing_platform=RHS4000,volume=716}","{Classification=Rare}",0.00101451153727548,0.974248927038627,0.99622570536875,2313
"{size_fraction=3-20 µm,Sequencing_strategy=MetaG,Sequencing_platform=RHS4000,volume=716}","{Classification=Rare}",0.00101451153727548,0.974248927038627,0.99622570536875,2314
"{Sequencing_strategy=MetaG,device=membrane,method=filter>filter>filtrate>filter,Sequencing_platform=RHS4000,volume=716}","{Classification=Rare}",0.00208265364039812,0.970833333333333,0.992733063853966,2317
"{Sequencing_strategy=MetaG,method=filter>filter>filtrate>filter,Sequencing_platform=RHS4000,volume=716}","{Classification=Rare}",0.00208265364039812,0.970833333333333,0.992733063853966,2318
"{Sequencing_strategy=MetaG,device=membrane,Sequencing_platform=RHS4000,volume=716}","{Classification=Rare}",0.00208265364039812,0.970833333333333,0.992733063853966,2320
"{Sequencing_strategy=MetaG,Sequencing_platform=RHS4000,volume=716}","{Classification=Rare}",0.00208265364039812,0.970833333333333,0.992733063853966,2321
"{size_fraction=0.22-3 µm,device=membrane,method=filter>filter>filtrate>filter,Sequencing_platform=RHS4000,volume=716}","{Classification=Rare}",0.00106814210312264,0.967611336032389,0.98943838582585,2326
"{size_fraction=0.22-3 µm,method=filter>filter>filtrate>filter,Sequencing_platform=RHS4000,volume=716}","{Classification=Rare}",0.00106814210312264,0.967611336032389,0.98943838582585,2327
"{size_fraction=0.22-3 µm,device=membrane,Sequencing_platform=RHS4000,volume=716}","{Classification=Rare}",0.00106814210312264,0.967611336032389,0.98943838582585,2329
"{size_fraction=0.22-3 µm,Sequencing_platform=RHS4000,volume=716}","{Classification=Rare}",0.00106814210312264,0.967611336032389,0.98943838582585,2330
"{size_fraction=3-20 µm,device=membrane,method=filter>filter>filtrate>filter,Sequencing_platform=RHS4000,volume=716}","{Classification=Rare}",0.00101451153727548,0.974248927038627,0.99622570536875,2333
"{size_fraction=3-20 µm,method=filter>filter>filtrate>filter,Sequencing_platform=RHS4000,volume=716}","{Classification=Rare}",0.00101451153727548,0.974248927038627,0.99622570536875,2334
"{size_fraction=3-20 µm,device=membrane,Sequencing_platform=RHS4000,volume=716}","{Classification=Rare}",0.00101451153727548,0.974248927038627,0.99622570536875,2336
"{size_fraction=3-20 µm,Sequencing_platform=RHS4000,volume=716}","{Classification=Rare}",0.00101451153727548,0.974248927038627,0.99622570536875,2337
"{device=membrane,method=filter>filter>filtrate>filter,Sequencing_platform=RHS4000,volume=716}","{Classification=Rare}",0.00208265364039812,0.970833333333333,0.992733063853966,2340
"{method=filter>filter>filtrate>filter,Sequencing_platform=RHS4000,volume=716}","{Classification=Rare}",0.00208265364039812,0.970833333333333,0.992733063853966,2341
"{device=membrane,Sequencing_platform=RHS4000,volume=716}","{Classification=Rare}",0.00208265364039812,0.970833333333333,0.992733063853966,2343
"{Sequencing_platform=RHS4000,volume=716}","{Classification=Rare}",0.00208265364039812,0.970833333333333,0.992733063853966,2344
"{size_fraction=0.22-3 µm,Sequencing_strategy=MetaG,device=membrane,method=filter>filter>filtrate>filter,Sequencing_platform=RHS4000}","{Classification=Rare}",0.00106814210312264,0.967611336032389,0.98943838582585,2350
"{size_fraction=0.22-3 µm,Sequencing_strategy=MetaG,method=filter>filter>filtrate>filter,Sequencing_platform=RHS4000}","{Classification=Rare}",0.00106814210312264,0.967611336032389,0.98943838582585,2351
"{size_fraction=0.22-3 µm,Sequencing_strategy=MetaG,device=membrane,Sequencing_platform=RHS4000}","{Classification=Rare}",0.00106814210312264,0.967611336032389,0.98943838582585,2353
"{size_fraction=0.22-3 µm,Sequencing_strategy=MetaG,Sequencing_platform=RHS4000}","{Classification=Rare}",0.00106814210312264,0.967611336032389,0.98943838582585,2354
"{size_fraction=3-20 µm,Sequencing_strategy=MetaG,device=membrane,method=filter>filter>filtrate>filter,Sequencing_platform=RHS4000}","{Classification=Rare}",0.00101451153727548,0.974248927038627,0.99622570536875,2357
"{size_fraction=3-20 µm,Sequencing_strategy=MetaG,method=filter>filter>filtrate>filter,Sequencing_platform=RHS4000}","{Classification=Rare}",0.00101451153727548,0.974248927038627,0.99622570536875,2358
"{size_fraction=3-20 µm,Sequencing_strategy=MetaG,device=membrane,Sequencing_platform=RHS4000}","{Classification=Rare}",0.00101451153727548,0.974248927038627,0.99622570536875,2360
"{size_fraction=3-20 µm,Sequencing_strategy=MetaG,Sequencing_platform=RHS4000}","{Classification=Rare}",0.00101451153727548,0.974248927038627,0.99622570536875,2361
"{Sequencing_strategy=MetaG,device=membrane,method=filter>filter>filtrate>filter,Sequencing_platform=RHS4000}","{Classification=Rare}",0.00303906539800584,0.945757997218359,0.967092086773877,2367
"{Sequencing_strategy=MetaG,method=filter>filter>filtrate>filter,Sequencing_platform=RHS4000}","{Classification=Rare}",0.00303906539800584,0.945757997218359,0.967092086773877,2368
"{Sequencing_strategy=MetaG,device=membrane,Sequencing_platform=RHS4000}","{Classification=Rare}",0.00303906539800584,0.945757997218359,0.967092086773877,2370
"{Sequencing_strategy=MetaG,Sequencing_platform=RHS4000}","{Classification=Rare}",0.00303906539800584,0.945757997218359,0.967092086773877,2371
"{size_fraction=0.22-3 µm,device=membrane,method=filter>filter>filtrate>filter,Sequencing_platform=RHS4000}","{Classification=Rare}",0.00106814210312264,0.967611336032389,0.98943838582585,2377
"{size_fraction=0.22-3 µm,method=filter>filter>filtrate>filter,Sequencing_platform=RHS4000}","{Classification=Rare}",0.00106814210312264,0.967611336032389,0.98943838582585,2378
"{size_fraction=0.22-3 µm,device=membrane,Sequencing_platform=RHS4000}","{Classification=Rare}",0.00106814210312264,0.967611336032389,0.98943838582585,2380
"{size_fraction=0.22-3 µm,Sequencing_platform=RHS4000}","{Classification=Rare}",0.00106814210312264,0.967611336032389,0.98943838582585,2381
"{size_fraction=3-20 µm,device=membrane,method=filter>filter>filtrate>filter,Sequencing_platform=RHS4000}","{Classification=Rare}",0.00101451153727548,0.974248927038627,0.99622570536875,2384
"{size_fraction=3-20 µm,method=filter>filter>filtrate>filter,Sequencing_platform=RHS4000}","{Classification=Rare}",0.00101451153727548,0.974248927038627,0.99622570536875,2385
"{size_fraction=3-20 µm,device=membrane,Sequencing_platform=RHS4000}","{Classification=Rare}",0.00101451153727548,0.974248927038627,0.99622570536875,2387
"{size_fraction=3-20 µm,Sequencing_platform=RHS4000}","{Classification=Rare}",0.00101451153727548,0.974248927038627,0.99622570536875,2388
"{device=membrane,method=filter>filter>filtrate>filter,Sequencing_platform=RHS4000}","{Classification=Rare}",0.00303906539800584,0.945757997218359,0.967092086773877,2394
"{method=filter>filter>filtrate>filter,Sequencing_platform=RHS4000}","{Classification=Rare}",0.00303906539800584,0.945757997218359,0.967092086773877,2395
"{device=membrane,Sequencing_platform=RHS4000}","{Classification=Rare}",0.00303906539800584,0.945757997218359,0.967092086773877,2397
"{Sequencing_platform=RHS4000}","{Classification=Rare}",0.00303906539800584,0.945757997218359,0.967092086773877,2398
"{taxa=Bacteria NA Verrucomicrobia NA NA NA NA,device=membrane,volume=100}","{Classification=Rare}",0.00105026524784025,1,1.02255766233885,2407
"{taxa=Bacteria NA Verrucomicrobia NA NA NA NA,volume=100}","{Classification=Rare}",0.00105026524784025,1,1.02255766233885,2408
"{taxa=Bacteria NA Verrucomicrobia NA NA NA NA,device=membrane,method=filter>filter>filtrate>filter}","{Classification=Rare}",0.00142567920877039,0.996875,1.01936216964404,2410
"{taxa=Bacteria NA Verrucomicrobia NA NA NA NA,method=filter>filter>filtrate>filter}","{Classification=Rare}",0.00142567920877039,0.996875,1.01936216964404,2411
"{taxa=Bacteria NA Verrucomicrobia NA NA NA NA,device=membrane,Sequencing_platform=Hiseq 2500 Rapid}","{Classification=Rare}",0.00194857722578021,1,1.02255766233885,2413
"{taxa=Bacteria NA Verrucomicrobia NA NA NA NA,Sequencing_platform=Hiseq 2500 Rapid}","{Classification=Rare}",0.00231952197288975,1,1.02255766233885,2414
"{taxa=Bacteria NA Verrucomicrobia NA NA NA NA,device=membrane}","{Classification=Rare}",0.00284241998989958,0.995305164319249,1.01775692214008,2416
"{taxa=Bacteria NA Verrucomicrobia NA NA NA NA}","{Classification=Rare}",0.00340107171747418,0.996073298429319,1.01854238356003,2417
"{taxa=Eukaryota Bacillariophyta Bacillariophyta Coscinodiscophyceae Rhizosoleniales Rhizosoleniaceae Rhizosolenia,size_fraction=3-20 µm,device=membrane}","{Classification=Rare}",0.00108154974458443,0.979757085020243,1.00185811451823,2422
"{taxa=Eukaryota Bacillariophyta Bacillariophyta Coscinodiscophyceae Rhizosoleniales Rhizosoleniaceae Rhizosolenia,size_fraction=3-20 µm}","{Classification=Rare}",0.00108154974458443,0.979757085020243,1.00185811451823,2423
"{taxa=Eukaryota Bacillariophyta Bacillariophyta Coscinodiscophyceae Rhizosoleniales Rhizosoleniaceae Rhizosolenia,device=membrane,method=filter>filter>filtrate>filter,volume=100}","{Classification=Rare}",0.00103238839255787,0.982978723404255,1.00515242553308,2425
"{taxa=Eukaryota Bacillariophyta Bacillariophyta Coscinodiscophyceae Rhizosoleniales Rhizosoleniaceae Rhizosolenia,method=filter>filter>filtrate>filter,volume=100}","{Classification=Rare}",0.00103238839255787,0.982978723404255,1.00515242553308,2426
"{taxa=Eukaryota Bacillariophyta Bacillariophyta Coscinodiscophyceae Rhizosoleniales Rhizosoleniaceae Rhizosolenia,device=membrane,volume=100}","{Classification=Rare}",0.00122456458684353,0.97508896797153,0.997084695661369,2428
"{taxa=Eukaryota Bacillariophyta Bacillariophyta Coscinodiscophyceae Rhizosoleniales Rhizosoleniaceae Rhizosolenia,volume=100}","{Classification=Rare}",0.00122456458684353,0.97508896797153,0.997084695661369,2429
"{taxa=Eukaryota Bacillariophyta Bacillariophyta Coscinodiscophyceae Rhizosoleniales Rhizosoleniaceae Rhizosolenia,size_fraction=>20 µm,device=membrane}","{Classification=Rare}",0.00133182571853785,0.94006309148265,0.96126871727753,2432
"{taxa=Eukaryota Bacillariophyta Bacillariophyta Coscinodiscophyceae Rhizosoleniales Rhizosoleniaceae Rhizosolenia,size_fraction=>20 µm}","{Classification=Rare}",0.00133182571853785,0.94006309148265,0.96126871727753,2433
"{taxa=Eukaryota Bacillariophyta Bacillariophyta Coscinodiscophyceae Rhizosoleniales Rhizosoleniaceae Rhizosolenia,Sequencing_strategy=MetaB16SV4V5,Sequencing_platform=Hiseq 2500 Rapid}","{Classification=Rare}",0.00113964952425219,1,1.02255766233885,2435
"{taxa=Eukaryota Bacillariophyta Bacillariophyta Coscinodiscophyceae Rhizosoleniales Rhizosoleniaceae Rhizosolenia,Sequencing_strategy=MetaB16SV4V5,device=membrane}","{Classification=Rare}",0.00103685760637846,1,1.02255766233885,2436
"{taxa=Eukaryota Bacillariophyta Bacillariophyta Coscinodiscophyceae Rhizosoleniales Rhizosoleniaceae Rhizosolenia,Sequencing_strategy=MetaB16SV4V5}","{Classification=Rare}",0.00120221851774054,1,1.02255766233885,2437
"{taxa=Eukaryota Bacillariophyta Bacillariophyta Coscinodiscophyceae Rhizosoleniales Rhizosoleniaceae Rhizosolenia,device=membrane,method=filter>filter>filtrate>filter,Sequencing_platform=Hiseq 2500 Rapid}","{Classification=Rare}",0.00111283424132861,0.984189723320158,1.00639074277618,2440
"{taxa=Eukaryota Bacillariophyta Bacillariophyta Coscinodiscophyceae Rhizosoleniales Rhizosoleniaceae Rhizosolenia,method=filter>filter>filtrate>filter,Sequencing_platform=Hiseq 2500 Rapid}","{Classification=Rare}",0.00111283424132861,0.984189723320158,1.00639074277618,2441
"{taxa=Eukaryota Bacillariophyta Bacillariophyta Coscinodiscophyceae Rhizosoleniales Rhizosoleniaceae Rhizosolenia,device=membrane,method=filter>filter>filtrate>filter}","{Classification=Rare}",0.00173405496239157,0.97979797979798,1.00189993178655,2443
"{taxa=Eukaryota Bacillariophyta Bacillariophyta Coscinodiscophyceae Rhizosoleniales Rhizosoleniaceae Rhizosolenia,method=filter>filter>filtrate>filter}","{Classification=Rare}",0.00173405496239157,0.97979797979798,1.00189993178655,2444
"{taxa=Eukaryota Bacillariophyta Bacillariophyta Coscinodiscophyceae Rhizosoleniales Rhizosoleniaceae Rhizosolenia,device=membrane,Sequencing_platform=Hiseq 2500 Rapid}","{Classification=Rare}",0.00212734577860409,0.96551724137931,0.987297053292682,2447
"{taxa=Eukaryota Bacillariophyta Bacillariophyta Coscinodiscophyceae Rhizosoleniales Rhizosoleniaceae Rhizosolenia,Sequencing_platform=Hiseq 2500 Rapid}","{Classification=Rare}",0.00246253681514885,0.970070422535211,0.991952943571665,2448
"{taxa=Eukaryota Bacillariophyta Bacillariophyta Coscinodiscophyceae Rhizosoleniales Rhizosoleniaceae Rhizosolenia,device=membrane}","{Classification=Rare}",0.00324018001993269,0.966666666666667,0.988472406927554,2450
"{taxa=Eukaryota Bacillariophyta Bacillariophyta Coscinodiscophyceae Rhizosoleniales Rhizosoleniaceae Rhizosolenia}","{Classification=Rare}",0.00375413960930133,0.971098265895954,0.993003972675877,2451
"{taxa=Bacteria NA Proteobacteria Alphaproteobacteria Pelagibacterales Pelagibacteraceae NA,Sequencing_strategy=MetaB18SV9,Sequencing_platform=Hiseq 2500R}","{Classification=Rare}",0.00108601895840503,1,1.02255766233885,2459
"{taxa=Bacteria NA Proteobacteria Alphaproteobacteria Pelagibacterales Pelagibacteraceae NA,Sequencing_platform=Hiseq 2500R}","{Classification=Rare}",0.00108601895840503,1,1.02255766233885,2460
"{taxa=Bacteria NA Proteobacteria Alphaproteobacteria Pelagibacterales Pelagibacteraceae NA,Sequencing_strategy=MetaB18SV9}","{Classification=Rare}",0.00115752637953458,1,1.02255766233885,2462
"{taxa=Bacteria NA Proteobacteria Alphaproteobacteria Pelagibacterales Pelagibacteraceae NA,size_fraction=>0.22 µm,method=filter}","{Classification=Rare}",0.00114411873807279,1,1.02255766233885,2463
"{taxa=Bacteria NA Proteobacteria Alphaproteobacteria Pelagibacterales Pelagibacteraceae NA,method=filter}","{Classification=Rare}",0.00114411873807279,1,1.02255766233885,2464
"{taxa=Bacteria NA Proteobacteria Alphaproteobacteria Pelagibacterales Pelagibacteraceae NA,size_fraction=>0.22 µm}","{Classification=Rare}",0.00114411873807279,1,1.02255766233885,2466
"{taxa=Bacteria NA Proteobacteria Alphaproteobacteria Pelagibacterales Pelagibacteraceae NA,size_fraction=0.22-3 µm,device=membrane}","{Classification=Rare}",0.00130947964943487,1,1.02255766233885,2467
"{taxa=Bacteria NA Proteobacteria Alphaproteobacteria Pelagibacterales Pelagibacteraceae NA,size_fraction=0.22-3 µm}","{Classification=Rare}",0.00130947964943487,1,1.02255766233885,2468
"{taxa=Bacteria NA Proteobacteria Alphaproteobacteria Pelagibacterales Pelagibacteraceae NA,volume=10}","{Classification=Rare}",0.00110836502750801,1,1.02255766233885,2470
"{taxa=Bacteria NA Proteobacteria Alphaproteobacteria Pelagibacterales Pelagibacteraceae NA,size_fraction=3-20 µm,device=membrane}","{Classification=Rare}",0.00104132682019906,1,1.02255766233885,2471
"{taxa=Bacteria NA Proteobacteria Alphaproteobacteria Pelagibacterales Pelagibacteraceae NA,size_fraction=3-20 µm}","{Classification=Rare}",0.00104132682019906,1,1.02255766233885,2472
"{taxa=Bacteria NA Proteobacteria Alphaproteobacteria Pelagibacterales Pelagibacteraceae NA,device=membrane,method=filter>filter>filtrate>filter,volume=100}","{Classification=Rare}",0.00109048817222562,1,1.02255766233885,2474
"{taxa=Bacteria NA Proteobacteria Alphaproteobacteria Pelagibacterales Pelagibacteraceae NA,method=filter>filter>filtrate>filter,volume=100}","{Classification=Rare}",0.00109048817222562,1,1.02255766233885,2475
"{taxa=Bacteria NA Proteobacteria Alphaproteobacteria Pelagibacterales Pelagibacteraceae NA,device=membrane,volume=100}","{Classification=Rare}",0.00132735650471726,1,1.02255766233885,2477
"{taxa=Bacteria NA Proteobacteria Alphaproteobacteria Pelagibacterales Pelagibacteraceae NA,volume=100}","{Classification=Rare}",0.00132735650471726,1,1.02255766233885,2478
"{taxa=Bacteria NA Proteobacteria Alphaproteobacteria Pelagibacterales Pelagibacteraceae NA,Sequencing_strategy=MetaB16SV4V5,Sequencing_platform=Hiseq 2500 Rapid}","{Classification=Rare}",0.00103238839255787,1,1.02255766233885,2481
"{taxa=Bacteria NA Proteobacteria Alphaproteobacteria Pelagibacterales Pelagibacteraceae NA,Sequencing_strategy=MetaB16SV4V5}","{Classification=Rare}",0.00108601895840503,1,1.02255766233885,2482
"{taxa=Bacteria NA Proteobacteria Alphaproteobacteria Pelagibacterales Pelagibacteraceae NA,device=membrane,method=filter>filter>filtrate>filter,Sequencing_platform=Hiseq 2500 Rapid}","{Classification=Rare}",0.00110836502750801,1,1.02255766233885,2484
"{taxa=Bacteria NA Proteobacteria Alphaproteobacteria Pelagibacterales Pelagibacteraceae NA,method=filter>filter>filtrate>filter,Sequencing_platform=Hiseq 2500 Rapid}","{Classification=Rare}",0.00110836502750801,1,1.02255766233885,2485
"{taxa=Bacteria NA Proteobacteria Alphaproteobacteria Pelagibacterales Pelagibacteraceae NA,device=membrane,method=filter>filter>filtrate>filter}","{Classification=Rare}",0.00184578530790649,1,1.02255766233885,2487
"{taxa=Bacteria NA Proteobacteria Alphaproteobacteria Pelagibacterales Pelagibacteraceae NA,method=filter>filter>filtrate>filter}","{Classification=Rare}",0.00184578530790649,1,1.02255766233885,2488
"{taxa=Bacteria NA Proteobacteria Alphaproteobacteria Pelagibacterales Pelagibacteraceae NA,device=membrane,Sequencing_platform=Hiseq 2500 Rapid}","{Classification=Rare}",0.0021139381371423,1,1.02255766233885,2491
"{taxa=Bacteria NA Proteobacteria Alphaproteobacteria Pelagibacterales Pelagibacteraceae NA,Sequencing_platform=Hiseq 2500 Rapid}","{Classification=Rare}",0.00262342851269033,1,1.02255766233885,2492
"{taxa=Bacteria NA Proteobacteria Alphaproteobacteria Pelagibacterales Pelagibacteraceae NA,device=membrane}","{Classification=Rare}",0.00345470228332134,1,1.02255766233885,2494
"{taxa=Bacteria NA Proteobacteria Alphaproteobacteria Pelagibacterales Pelagibacteraceae NA}","{Classification=Rare}",0.00427256841249056,1,1.02255766233885,2495
"{taxa=Bacteria NA Proteobacteria Deltaproteobacteria NA NA NA,size_fraction=0.22-3 µm,device=membrane}","{Classification=Rare}",0.00101451153727548,1,1.02255766233885,2543
"{taxa=Bacteria NA Proteobacteria Deltaproteobacteria NA NA NA,size_fraction=0.22-3 µm}","{Classification=Rare}",0.00101451153727548,1,1.02255766233885,2544
"{taxa=Bacteria NA Proteobacteria Deltaproteobacteria NA NA NA,volume=10}","{Classification=Rare}",0.00108154974458443,0.971887550200803,0.993811061389564,2547
"{taxa=Bacteria NA Proteobacteria Deltaproteobacteria NA NA NA,Sequencing_strategy=MetaB16SV4V5 Sizing 400 bp,Sequencing_platform=Hiseq 2500 Rapid}","{Classification=Rare}",0.00106814210312264,0.983539094650206,1.00572543744438,2548
"{taxa=Bacteria NA Proteobacteria Deltaproteobacteria NA NA NA,Sequencing_strategy=MetaB16SV4V5 Sizing 400 bp}","{Classification=Rare}",0.00106814210312264,0.983539094650206,1.00572543744438,2549
"{taxa=Bacteria NA Proteobacteria Deltaproteobacteria NA NA NA,size_fraction=3-20 µm,device=membrane}","{Classification=Rare}",0.00105026524784025,0.967078189300412,0.988893212549916,2551
"{taxa=Bacteria NA Proteobacteria Deltaproteobacteria NA NA NA,size_fraction=3-20 µm}","{Classification=Rare}",0.00105026524784025,0.967078189300412,0.988893212549916,2552
"{taxa=Bacteria NA Proteobacteria Deltaproteobacteria NA NA NA,device=membrane,method=filter>filter>filtrate>filter,volume=100}","{Classification=Rare}",0.00107261131694324,0.983606557377049,1.00579442197264,2554
"{taxa=Bacteria NA Proteobacteria Deltaproteobacteria NA NA NA,method=filter>filter>filtrate>filter,volume=100}","{Classification=Rare}",0.00107261131694324,0.983606557377049,1.00579442197264,2555
"{taxa=Bacteria NA Proteobacteria Deltaproteobacteria NA NA NA,device=membrane,volume=100}","{Classification=Rare}",0.00130054122179367,0.97979797979798,1.00189993178655,2557
"{taxa=Bacteria NA Proteobacteria Deltaproteobacteria NA NA NA,volume=100}","{Classification=Rare}",0.00130054122179367,0.97979797979798,1.00189993178655,2558
"{taxa=Bacteria NA Proteobacteria Deltaproteobacteria NA NA NA,size_fraction=>20 µm,device=membrane,Sequencing_platform=Hiseq 2500 Rapid}","{Classification=Rare}",0.00103685760637846,0.931726907630522,0.952744488604872,2561
"{taxa=Bacteria NA Proteobacteria Deltaproteobacteria NA NA NA,size_fraction=>20 µm,Sequencing_platform=Hiseq 2500 Rapid}","{Classification=Rare}",0.00103685760637846,0.931726907630522,0.952744488604872,2562
"{taxa=Bacteria NA Proteobacteria Deltaproteobacteria NA NA NA,size_fraction=>20 µm,device=membrane}","{Classification=Rare}",0.00127819515269069,0.92258064516129,0.943391907835196,2564
"{taxa=Bacteria NA Proteobacteria Deltaproteobacteria NA NA NA,size_fraction=>20 µm}","{Classification=Rare}",0.00127819515269069,0.92258064516129,0.943391907835196,2565
"{taxa=Bacteria NA Proteobacteria Deltaproteobacteria NA NA NA,Sequencing_strategy=MetaB16SV4V5,device=membrane,Sequencing_platform=Hiseq 2500 Rapid}","{Classification=Rare}",0.00104132682019906,0.978991596638655,1.0010753585082,2568
"{taxa=Bacteria NA Proteobacteria Deltaproteobacteria NA NA NA,Sequencing_strategy=MetaB16SV4V5,Sequencing_platform=Hiseq 2500 Rapid}","{Classification=Rare}",0.00120221851774054,0.981751824817518,1.0038978509823,2569
"{taxa=Bacteria NA Proteobacteria Deltaproteobacteria NA NA NA,Sequencing_strategy=MetaB16SV4V5,device=membrane}","{Classification=Rare}",0.00110836502750801,0.980237154150198,1.00234901288551,2571
"{taxa=Bacteria NA Proteobacteria Deltaproteobacteria NA NA NA,Sequencing_strategy=MetaB16SV4V5}","{Classification=Rare}",0.0012692567250495,0.982698961937716,1.00486635330184,2572
"{taxa=Bacteria NA Proteobacteria Deltaproteobacteria NA NA NA,device=membrane,method=filter>filter>filtrate>filter,Sequencing_platform=Hiseq 2500 Rapid}","{Classification=Rare}",0.0012692567250495,0.986111111111111,1.00835547258414,2575
"{taxa=Bacteria NA Proteobacteria Deltaproteobacteria NA NA NA,method=filter>filter>filtrate>filter,Sequencing_platform=Hiseq 2500 Rapid}","{Classification=Rare}",0.0012692567250495,0.986111111111111,1.00835547258414,2576
"{taxa=Bacteria NA Proteobacteria Deltaproteobacteria NA NA NA,device=membrane,method=filter>filter>filtrate>filter}","{Classification=Rare}",0.00181897002498291,0.980722891566265,1.0028457074022,2578
"{taxa=Bacteria NA Proteobacteria Deltaproteobacteria NA NA NA,method=filter>filter>filtrate>filter}","{Classification=Rare}",0.00181897002498291,0.980722891566265,1.0028457074022,2579
"{taxa=Bacteria NA Proteobacteria Deltaproteobacteria NA NA NA,device=membrane,Sequencing_platform=Hiseq 2500 Rapid}","{Classification=Rare}",0.00260555165740795,0.963636363636364,0.985373747344709,2582
"{taxa=Bacteria NA Proteobacteria Deltaproteobacteria NA NA NA,Sequencing_platform=Hiseq 2500 Rapid}","{Classification=Rare}",0.00298990404597927,0.968162083936324,0.990001557315037,2583
"{taxa=Bacteria NA Proteobacteria Deltaproteobacteria NA NA NA,device=membrane}","{Classification=Rare}",0.00362900162232462,0.962085308056872,0.983787703577187,2585
"{taxa=Bacteria NA Proteobacteria Deltaproteobacteria NA NA NA}","{Classification=Rare}",0.00422340706046399,0.967246673490276,0.989065497349245,2586
"{taxa=Eukaryota Bacillariophyta Bacillariophyta Coscinodiscophyceae Chaetocerotales Chaetocerotaceae Chaetoceros,size_fraction=>0.22 µm,device=sterivex,method=filter}","{Classification=Rare}",0.00104132682019906,0.995726495726496,1.01818775779894,2639
"{taxa=Eukaryota Bacillariophyta Bacillariophyta Coscinodiscophyceae Chaetocerotales Chaetocerotaceae Chaetoceros,device=sterivex,method=filter}","{Classification=Rare}",0.00104132682019906,0.995726495726496,1.01818775779894,2640
"{taxa=Eukaryota Bacillariophyta Bacillariophyta Coscinodiscophyceae Chaetocerotales Chaetocerotaceae Chaetoceros,size_fraction=>0.22 µm,device=sterivex}","{Classification=Rare}",0.00104132682019906,0.995726495726496,1.01818775779894,2642
"{taxa=Eukaryota Bacillariophyta Bacillariophyta Coscinodiscophyceae Chaetocerotales Chaetocerotaceae Chaetoceros,device=sterivex}","{Classification=Rare}",0.00104132682019906,0.995726495726496,1.01818775779894,2643
"{taxa=Eukaryota Bacillariophyta Bacillariophyta Coscinodiscophyceae Chaetocerotales Chaetocerotaceae Chaetoceros,size_fraction=>0.22 µm,method=filter}","{Classification=Rare}",0.00143014842259098,0.993788819875776,1.01620637251066,2646
"{taxa=Eukaryota Bacillariophyta Bacillariophyta Coscinodiscophyceae Chaetocerotales Chaetocerotaceae Chaetoceros,method=filter}","{Classification=Rare}",0.00143014842259098,0.993788819875776,1.01620637251066,2647
"{taxa=Eukaryota Bacillariophyta Bacillariophyta Coscinodiscophyceae Chaetocerotales Chaetocerotaceae Chaetoceros,size_fraction=>0.22 µm}","{Classification=Rare}",0.00143014842259098,0.993788819875776,1.01620637251066,2649
"{taxa=Eukaryota Bacillariophyta Bacillariophyta Coscinodiscophyceae Chaetocerotales Chaetocerotaceae Chaetoceros,size_fraction=0.22-3 µm,device=membrane}","{Classification=Rare}",0.00114858795189338,1,1.02255766233885,2650
"{taxa=Eukaryota Bacillariophyta Bacillariophyta Coscinodiscophyceae Chaetocerotales Chaetocerotaceae Chaetoceros,size_fraction=0.22-3 µm}","{Classification=Rare}",0.00114858795189338,1,1.02255766233885,2651
"{taxa=Eukaryota Bacillariophyta Bacillariophyta Coscinodiscophyceae Chaetocerotales Chaetocerotaceae Chaetoceros,Sequencing_strategy=MetaB16SV4V5 Sizing 500 bp,device=membrane,Sequencing_platform=Hiseq 2500 Rapid}","{Classification=Rare}",0.00133182571853785,0.908536585365854,0.929031046881028,2653
"{taxa=Eukaryota Bacillariophyta Bacillariophyta Coscinodiscophyceae Chaetocerotales Chaetocerotaceae Chaetoceros,Sequencing_strategy=MetaB16SV4V5 Sizing 500 bp,Sequencing_platform=Hiseq 2500 Rapid}","{Classification=Rare}",0.00158210169249127,0.919480519480519,0.940221850566111,2654
"{taxa=Eukaryota Bacillariophyta Bacillariophyta Coscinodiscophyceae Chaetocerotales Chaetocerotaceae Chaetoceros,Sequencing_strategy=MetaB16SV4V5 Sizing 500 bp,device=membrane}","{Classification=Rare}",0.00133182571853785,0.908536585365854,0.929031046881028,2656
"{taxa=Eukaryota Bacillariophyta Bacillariophyta Coscinodiscophyceae Chaetocerotales Chaetocerotaceae Chaetoceros,Sequencing_strategy=MetaB16SV4V5 Sizing 500 bp}","{Classification=Rare}",0.00158210169249127,0.919480519480519,0.940221850566111,2657
"{taxa=Eukaryota Bacillariophyta Bacillariophyta Coscinodiscophyceae Chaetocerotales Chaetocerotaceae Chaetoceros,device=membrane,method=filter>filter>filter}","{Classification=Rare}",0.00135417178764084,0.875722543352601,0.895476796788067,2661
"{taxa=Eukaryota Bacillariophyta Bacillariophyta Coscinodiscophyceae Chaetocerotales Chaetocerotaceae Chaetoceros,method=filter>filter>filter}","{Classification=Rare}",0.00135417178764084,0.875722543352601,0.895476796788067,2662
"{taxa=Eukaryota Bacillariophyta Bacillariophyta Coscinodiscophyceae Chaetocerotales Chaetocerotaceae Chaetoceros,Sequencing_platform=Hiseq 2500 Rapid,volume=10}","{Classification=Rare}",0.00105920367548145,0.983402489626556,1.00558575093074,2665
"{taxa=Eukaryota Bacillariophyta Bacillariophyta Coscinodiscophyceae Chaetocerotales Chaetocerotaceae Chaetoceros,device=membrane,volume=10}","{Classification=Rare}",0.00109048817222562,0.931297709923664,0.952305609201066,2666
"{taxa=Eukaryota Bacillariophyta Bacillariophyta Coscinodiscophyceae Chaetocerotales Chaetocerotaceae Chaetoceros,volume=10}","{Classification=Rare}",0.00153294034046471,0.950138504155125,0.971571407706995,2667
"{taxa=Eukaryota Bacillariophyta Bacillariophyta Coscinodiscophyceae Chaetocerotales Chaetocerotaceae Chaetoceros,size_fraction=3-20 µm,device=membrane,Sequencing_platform=Hiseq 2500 Rapid}","{Classification=Rare}",0.00106814210312264,0.971544715447154,0.993460493085305,2670
"{taxa=Eukaryota Bacillariophyta Bacillariophyta Coscinodiscophyceae Chaetocerotales Chaetocerotaceae Chaetoceros,size_fraction=3-20 µm,Sequencing_platform=Hiseq 2500 Rapid}","{Classification=Rare}",0.00106814210312264,0.971544715447154,0.993460493085305,2671
"{taxa=Eukaryota Bacillariophyta Bacillariophyta Coscinodiscophyceae Chaetocerotales Chaetocerotaceae Chaetoceros,size_fraction=3-20 µm,device=membrane}","{Classification=Rare}",0.00161785540305605,0.918781725888325,0.939507293824019,2673
"{taxa=Eukaryota Bacillariophyta Bacillariophyta Coscinodiscophyceae Chaetocerotales Chaetocerotaceae Chaetoceros,size_fraction=3-20 µm}","{Classification=Rare}",0.00161785540305605,0.918781725888325,0.939507293824019,2674
"{taxa=Eukaryota Bacillariophyta Bacillariophyta Coscinodiscophyceae Chaetocerotales Chaetocerotaceae Chaetoceros,device=membrane,method=filter>filter>filtrate>filter,Sequencing_platform=Hiseq 2500 Rapid,volume=100}","{Classification=Rare}",0.00121115694538174,0.971326164874552,0.993237012522681,2678
"{taxa=Eukaryota Bacillariophyta Bacillariophyta Coscinodiscophyceae Chaetocerotales Chaetocerotaceae Chaetoceros,method=filter>filter>filtrate>filter,Sequencing_platform=Hiseq 2500 Rapid,volume=100}","{Classification=Rare}",0.00121115694538174,0.971326164874552,0.993237012522681,2679
"{taxa=Eukaryota Bacillariophyta Bacillariophyta Coscinodiscophyceae Chaetocerotales Chaetocerotaceae Chaetoceros,device=membrane,method=filter>filter>filtrate>filter,volume=100}","{Classification=Rare}",0.00166254754126202,0.911764705882353,0.932331986250127,2681
"{taxa=Eukaryota Bacillariophyta Bacillariophyta Coscinodiscophyceae Chaetocerotales Chaetocerotaceae Chaetoceros,method=filter>filter>filtrate>filter,volume=100}","{Classification=Rare}",0.00166254754126202,0.911764705882353,0.932331986250127,2682
"{taxa=Eukaryota Bacillariophyta Bacillariophyta Coscinodiscophyceae Chaetocerotales Chaetocerotaceae Chaetoceros,device=membrane,Sequencing_platform=Hiseq 2500 Rapid,volume=100}","{Classification=Rare}",0.00143461763641158,0.966867469879518,0.988677739791478,2685
"{taxa=Eukaryota Bacillariophyta Bacillariophyta Coscinodiscophyceae Chaetocerotales Chaetocerotaceae Chaetoceros,Sequencing_platform=Hiseq 2500 Rapid,volume=100}","{Classification=Rare}",0.00143461763641158,0.966867469879518,0.988677739791478,2686
"{taxa=Eukaryota Bacillariophyta Bacillariophyta Coscinodiscophyceae Chaetocerotales Chaetocerotaceae Chaetoceros,device=membrane,volume=100}","{Classification=Rare}",0.00200667700544797,0.908906882591093,0.929409697146039,2688
"{taxa=Eukaryota Bacillariophyta Bacillariophyta Coscinodiscophyceae Chaetocerotales Chaetocerotaceae Chaetoceros,volume=100}","{Classification=Rare}",0.00200667700544797,0.908906882591093,0.929409697146039,2689
"{taxa=Eukaryota Bacillariophyta Bacillariophyta Coscinodiscophyceae Chaetocerotales Chaetocerotaceae Chaetoceros,size_fraction=>20 µm,device=membrane,method=filter>filter>filtrate>filter,Sequencing_platform=Hiseq 2500 Rapid}","{Classification=Rare}",0.00105473446166085,0.959349593495935,0.980990277690929,2694
"{taxa=Eukaryota Bacillariophyta Bacillariophyta Coscinodiscophyceae Chaetocerotales Chaetocerotaceae Chaetoceros,size_fraction=>20 µm,method=filter>filter>filtrate>filter,Sequencing_platform=Hiseq 2500 Rapid}","{Classification=Rare}",0.00105473446166085,0.959349593495935,0.980990277690929,2695
"{taxa=Eukaryota Bacillariophyta Bacillariophyta Coscinodiscophyceae Chaetocerotales Chaetocerotaceae Chaetoceros,size_fraction=>20 µm,device=membrane,method=filter>filter>filtrate>filter}","{Classification=Rare}",0.00139439471202621,0.864265927977839,0.883761746952136,2697
"{taxa=Eukaryota Bacillariophyta Bacillariophyta Coscinodiscophyceae Chaetocerotales Chaetocerotaceae Chaetoceros,size_fraction=>20 µm,method=filter>filter>filtrate>filter}","{Classification=Rare}",0.00139439471202621,0.864265927977839,0.883761746952136,2698
"{taxa=Eukaryota Bacillariophyta Bacillariophyta Coscinodiscophyceae Chaetocerotales Chaetocerotaceae Chaetoceros,size_fraction=>20 µm,device=membrane,Sequencing_platform=Hiseq 2500 Rapid}","{Classification=Rare}",0.00165360911362082,0.936708860759494,0.957838822950315,2701
"{taxa=Eukaryota Bacillariophyta Bacillariophyta Coscinodiscophyceae Chaetocerotales Chaetocerotaceae Chaetoceros,size_fraction=>20 µm,Sequencing_platform=Hiseq 2500 Rapid}","{Classification=Rare}",0.00165360911362082,0.936708860759494,0.957838822950315,2702
"{taxa=Eukaryota Bacillariophyta Bacillariophyta Coscinodiscophyceae Chaetocerotales Chaetocerotaceae Chaetoceros,size_fraction=>20 µm,device=membrane}","{Classification=Rare}",0.00216309948916886,0.847635726795096,0.866756407306485,2704
"{taxa=Eukaryota Bacillariophyta Bacillariophyta Coscinodiscophyceae Chaetocerotales Chaetocerotaceae Chaetoceros,size_fraction=>20 µm}","{Classification=Rare}",0.00216309948916886,0.847635726795096,0.866756407306485,2705
"{taxa=Eukaryota Bacillariophyta Bacillariophyta Coscinodiscophyceae Chaetocerotales Chaetocerotaceae Chaetoceros,Sequencing_strategy=MetaB16SV4V5,device=membrane,method=filter>filter>filtrate>filter}","{Classification=Rare}",0.00100110389581369,0.995555555555556,1.01801296161734,2709
"{taxa=Eukaryota Bacillariophyta Bacillariophyta Coscinodiscophyceae Chaetocerotales Chaetocerotaceae Chaetoceros,Sequencing_strategy=MetaB16SV4V5,method=filter>filter>filtrate>filter}","{Classification=Rare}",0.00100110389581369,0.995555555555556,1.01801296161734,2710
"{taxa=Eukaryota Bacillariophyta Bacillariophyta Coscinodiscophyceae Chaetocerotales Chaetocerotaceae Chaetoceros,Sequencing_strategy=MetaB16SV4V5,device=membrane,Sequencing_platform=Hiseq 2500 Rapid}","{Classification=Rare}",0.00163126304451784,0.991847826086957,1.01422159443935,2712
"{taxa=Eukaryota Bacillariophyta Bacillariophyta Coscinodiscophyceae Chaetocerotales Chaetocerotaceae Chaetoceros,Sequencing_strategy=MetaB16SV4V5,Sequencing_platform=Hiseq 2500 Rapid}","{Classification=Rare}",0.00194857722578021,0.993166287015945,1.01556979676478,2713
"{taxa=Eukaryota Bacillariophyta Bacillariophyta Coscinodiscophyceae Chaetocerotales Chaetocerotaceae Chaetoceros,Sequencing_strategy=MetaB16SV4V5,device=membrane}","{Classification=Rare}",0.00173405496239157,0.9923273657289,1.01471195137461,2715
"{taxa=Eukaryota Bacillariophyta Bacillariophyta Coscinodiscophyceae Chaetocerotales Chaetocerotaceae Chaetoceros,Sequencing_strategy=MetaB16SV4V5}","{Classification=Rare}",0.00205136914365394,0.993506493506494,1.01591767751847,2716
"{taxa=Eukaryota Bacillariophyta Bacillariophyta Coscinodiscophyceae Chaetocerotales Chaetocerotaceae Chaetoceros,device=membrane,method=filter>filter>filtrate>filter,Sequencing_platform=Hiseq 2500 Rapid}","{Classification=Rare}",0.00194410801195962,0.970982142857143,0.992885230172767,2720
"{taxa=Eukaryota Bacillariophyta Bacillariophyta Coscinodiscophyceae Chaetocerotales Chaetocerotaceae Chaetoceros,method=filter>filter>filtrate>filter,Sequencing_platform=Hiseq 2500 Rapid}","{Classification=Rare}",0.00194410801195962,0.970982142857143,0.992885230172767,2721
"{taxa=Eukaryota Bacillariophyta Bacillariophyta Coscinodiscophyceae Chaetocerotales Chaetocerotaceae Chaetoceros,device=membrane,method=filter>filter>filtrate>filter}","{Classification=Rare}",0.00287370448664375,0.915954415954416,0.936616206387294,2723
"{taxa=Eukaryota Bacillariophyta Bacillariophyta Coscinodiscophyceae Chaetocerotales Chaetocerotaceae Chaetoceros,method=filter>filter>filtrate>filter}","{Classification=Rare}",0.00287370448664375,0.915954415954416,0.936616206387294,2724
"{taxa=Eukaryota Bacillariophyta Bacillariophyta Coscinodiscophyceae Chaetocerotales Chaetocerotaceae Chaetoceros,device=membrane,Sequencing_platform=Hiseq 2500 Rapid}","{Classification=Rare}",0.00369603982963357,0.961627906976744,0.98331998459794,2727
"{taxa=Eukaryota Bacillariophyta Bacillariophyta Coscinodiscophyceae Chaetocerotales Chaetocerotaceae Chaetoceros,Sequencing_platform=Hiseq 2500 Rapid}","{Classification=Rare}",0.00437536033036429,0.966436327739388,0.988236872092531,2728
"{taxa=Eukaryota Bacillariophyta Bacillariophyta Coscinodiscophyceae Chaetocerotales Chaetocerotaceae Chaetoceros,device=membrane}","{Classification=Rare}",0.00531836444651021,0.908396946564885,0.928888258155138,2730
"{taxa=Eukaryota Bacillariophyta Bacillariophyta Coscinodiscophyceae Chaetocerotales Chaetocerotaceae Chaetoceros}","{Classification=Rare}",0.00635969126670927,0.921632124352332,0.942421990614108,2731
"{size_fraction=>20 µm,Sequencing_strategy=MetaB18SV9,device=membrane,method=filter>filter>filtrate>filter,Sequencing_platform=MiSeq,volume=776}","{Classification=Rare}",0.00162679383069724,0.900990099009901,0.921314329434013,2748
"{size_fraction=>20 µm,Sequencing_strategy=MetaB18SV9,method=filter>filter>filtrate>filter,Sequencing_platform=MiSeq,volume=776}","{Classification=Rare}",0.00162679383069724,0.900990099009901,0.921314329434013,2749
"{size_fraction=>20 µm,Sequencing_strategy=MetaB18SV9,device=membrane,Sequencing_platform=MiSeq,volume=776}","{Classification=Rare}",0.00162679383069724,0.900990099009901,0.921314329434013,2751
"{size_fraction=>20 µm,Sequencing_strategy=MetaB18SV9,Sequencing_platform=MiSeq,volume=776}","{Classification=Rare}",0.00162679383069724,0.900990099009901,0.921314329434013,2752
"{Sequencing_strategy=MetaB18SV9,device=membrane,method=filter>filter>filtrate>filter,Sequencing_platform=MiSeq,volume=776}","{Classification=Rare}",0.00162679383069724,0.900990099009901,0.921314329434013,2755
"{Sequencing_strategy=MetaB18SV9,method=filter>filter>filtrate>filter,Sequencing_platform=MiSeq,volume=776}","{Classification=Rare}",0.00162679383069724,0.900990099009901,0.921314329434013,2756
"{Sequencing_strategy=MetaB18SV9,device=membrane,Sequencing_platform=MiSeq,volume=776}","{Classification=Rare}",0.00162679383069724,0.900990099009901,0.921314329434013,2758
"{Sequencing_strategy=MetaB18SV9,Sequencing_platform=MiSeq,volume=776}","{Classification=Rare}",0.00162679383069724,0.900990099009901,0.921314329434013,2759
"{size_fraction=>20 µm,Sequencing_strategy=MetaB16SV4V5,device=membrane,method=filter>filter>filtrate>filter,Sequencing_platform=MiSeq,volume=776}","{Classification=Rare}",0.00720884189262267,0.984737484737485,1.0069508604106,2763
"{size_fraction=>20 µm,Sequencing_strategy=MetaB16SV4V5,method=filter>filter>filtrate>filter,Sequencing_platform=MiSeq,volume=776}","{Classification=Rare}",0.00720884189262267,0.984737484737485,1.0069508604106,2764
"{size_fraction=>20 µm,Sequencing_strategy=MetaB16SV4V5,device=membrane,Sequencing_platform=MiSeq,volume=776}","{Classification=Rare}",0.00720884189262267,0.984737484737485,1.0069508604106,2766
"{size_fraction=>20 µm,Sequencing_strategy=MetaB16SV4V5,Sequencing_platform=MiSeq,volume=776}","{Classification=Rare}",0.00720884189262267,0.984737484737485,1.0069508604106,2767
"{size_fraction=>20 µm,device=membrane,method=filter>filter>filtrate>filter,Sequencing_platform=MiSeq,volume=776}","{Classification=Rare}",0.00883563572331991,0.968168462291871,0.990008079551374,2770
"{size_fraction=>20 µm,method=filter>filter>filtrate>filter,Sequencing_platform=MiSeq,volume=776}","{Classification=Rare}",0.00883563572331991,0.968168462291871,0.990008079551374,2771
"{size_fraction=>20 µm,device=membrane,Sequencing_platform=MiSeq,volume=776}","{Classification=Rare}",0.00883563572331991,0.968168462291871,0.990008079551374,2773
"{size_fraction=>20 µm,Sequencing_platform=MiSeq,volume=776}","{Classification=Rare}",0.00883563572331991,0.968168462291871,0.990008079551374,2774
"{Sequencing_strategy=MetaB16SV4V5,device=membrane,method=filter>filter>filtrate>filter,Sequencing_platform=MiSeq,volume=776}","{Classification=Rare}",0.00720884189262267,0.984737484737485,1.0069508604106,2778
"{Sequencing_strategy=MetaB16SV4V5,method=filter>filter>filtrate>filter,Sequencing_platform=MiSeq,volume=776}","{Classification=Rare}",0.00720884189262267,0.984737484737485,1.0069508604106,2779
"{Sequencing_strategy=MetaB16SV4V5,device=membrane,Sequencing_platform=MiSeq,volume=776}","{Classification=Rare}",0.00720884189262267,0.984737484737485,1.0069508604106,2781
"{Sequencing_strategy=MetaB16SV4V5,Sequencing_platform=MiSeq,volume=776}","{Classification=Rare}",0.00720884189262267,0.984737484737485,1.0069508604106,2782
"{device=membrane,method=filter>filter>filtrate>filter,Sequencing_platform=MiSeq,volume=776}","{Classification=Rare}",0.00883563572331991,0.968168462291871,0.990008079551374,2785
"{method=filter>filter>filtrate>filter,Sequencing_platform=MiSeq,volume=776}","{Classification=Rare}",0.00883563572331991,0.968168462291871,0.990008079551374,2786
"{device=membrane,Sequencing_platform=MiSeq,volume=776}","{Classification=Rare}",0.00883563572331991,0.968168462291871,0.990008079551374,2788
"{Sequencing_platform=MiSeq,volume=776}","{Classification=Rare}",0.00883563572331991,0.968168462291871,0.990008079551374,2789
"{size_fraction=>20 µm,Sequencing_strategy=MetaB18SV9,device=membrane,method=filter>filter>filtrate>filter,volume=776}","{Classification=Rare}",0.00162679383069724,0.900990099009901,0.921314329434013,2802
"{size_fraction=>20 µm,Sequencing_strategy=MetaB18SV9,method=filter>filter>filtrate>filter,volume=776}","{Classification=Rare}",0.00162679383069724,0.900990099009901,0.921314329434013,2803
"{size_fraction=>20 µm,Sequencing_strategy=MetaB18SV9,device=membrane,volume=776}","{Classification=Rare}",0.00162679383069724,0.900990099009901,0.921314329434013,2805
"{size_fraction=>20 µm,Sequencing_strategy=MetaB18SV9,volume=776}","{Classification=Rare}",0.00162679383069724,0.900990099009901,0.921314329434013,2806
"{Sequencing_strategy=MetaB18SV9,device=membrane,method=filter>filter>filtrate>filter,volume=776}","{Classification=Rare}",0.00162679383069724,0.900990099009901,0.921314329434013,2809
"{Sequencing_strategy=MetaB18SV9,method=filter>filter>filtrate>filter,volume=776}","{Classification=Rare}",0.00162679383069724,0.900990099009901,0.921314329434013,2810
"{Sequencing_strategy=MetaB18SV9,device=membrane,volume=776}","{Classification=Rare}",0.00162679383069724,0.900990099009901,0.921314329434013,2812
"{Sequencing_strategy=MetaB18SV9,volume=776}","{Classification=Rare}",0.00162679383069724,0.900990099009901,0.921314329434013,2813
"{size_fraction=>20 µm,Sequencing_strategy=MetaB16SV4V5,device=membrane,method=filter>filter>filtrate>filter,volume=776}","{Classification=Rare}",0.00720884189262267,0.984737484737485,1.0069508604106,2817
"{size_fraction=>20 µm,Sequencing_strategy=MetaB16SV4V5,method=filter>filter>filtrate>filter,volume=776}","{Classification=Rare}",0.00720884189262267,0.984737484737485,1.0069508604106,2818
"{size_fraction=>20 µm,Sequencing_strategy=MetaB16SV4V5,device=membrane,volume=776}","{Classification=Rare}",0.00720884189262267,0.984737484737485,1.0069508604106,2820
"{size_fraction=>20 µm,Sequencing_strategy=MetaB16SV4V5,volume=776}","{Classification=Rare}",0.00720884189262267,0.984737484737485,1.0069508604106,2821
"{size_fraction=>20 µm,device=membrane,method=filter>filter>filtrate>filter,volume=776}","{Classification=Rare}",0.00979204748092763,0.960543621218764,0.982211239887952,2824
"{size_fraction=>20 µm,method=filter>filter>filtrate>filter,volume=776}","{Classification=Rare}",0.00979204748092763,0.960543621218764,0.982211239887952,2825
"{size_fraction=>20 µm,device=membrane,volume=776}","{Classification=Rare}",0.00979204748092763,0.960543621218764,0.982211239887952,2827
"{size_fraction=>20 µm,volume=776}","{Classification=Rare}",0.00979204748092763,0.960543621218764,0.982211239887952,2828
"{Sequencing_strategy=MetaB16SV4V5,device=membrane,method=filter>filter>filtrate>filter,volume=776}","{Classification=Rare}",0.00720884189262267,0.984737484737485,1.0069508604106,2832
"{Sequencing_strategy=MetaB16SV4V5,method=filter>filter>filtrate>filter,volume=776}","{Classification=Rare}",0.00720884189262267,0.984737484737485,1.0069508604106,2833
"{Sequencing_strategy=MetaB16SV4V5,device=membrane,volume=776}","{Classification=Rare}",0.00720884189262267,0.984737484737485,1.0069508604106,2835
"{Sequencing_strategy=MetaB16SV4V5,volume=776}","{Classification=Rare}",0.00720884189262267,0.984737484737485,1.0069508604106,2836
"{device=membrane,method=filter>filter>filtrate>filter,volume=776}","{Classification=Rare}",0.00979204748092763,0.960543621218764,0.982211239887952,2839
"{method=filter>filter>filtrate>filter,volume=776}","{Classification=Rare}",0.00979204748092763,0.960543621218764,0.982211239887952,2840
"{device=membrane,volume=776}","{Classification=Rare}",0.00979204748092763,0.960543621218764,0.982211239887952,2842
"{volume=776}","{Classification=Rare}",0.00979204748092763,0.960543621218764,0.982211239887952,2843
"{size_fraction=0.22-3 µm,Sequencing_strategy=MetaB18SV9,device=membrane,method=filter>filter>filtrate>filter,Sequencing_platform=MiSeq,volume=716}","{Classification=Rare}",0.00204689992983334,0.978632478632479,1.0007081396393,2851
"{size_fraction=0.22-3 µm,Sequencing_strategy=MetaB18SV9,method=filter>filter>filtrate>filter,Sequencing_platform=MiSeq,volume=716}","{Classification=Rare}",0.00204689992983334,0.978632478632479,1.0007081396393,2852
"{size_fraction=0.22-3 µm,Sequencing_strategy=MetaB18SV9,device=membrane,Sequencing_platform=MiSeq,volume=716}","{Classification=Rare}",0.00204689992983334,0.978632478632479,1.0007081396393,2854
"{size_fraction=0.22-3 µm,Sequencing_strategy=MetaB18SV9,Sequencing_platform=MiSeq,volume=716}","{Classification=Rare}",0.00204689992983334,0.978632478632479,1.0007081396393,2855
"{size_fraction=3-20 µm,Sequencing_strategy=MetaB18SV9,device=membrane,method=filter>filter>filtrate>filter,Sequencing_platform=MiSeq,volume=716}","{Classification=Rare}",0.00257426716066377,0.979591836734694,1.00168913861765,2858
"{size_fraction=3-20 µm,Sequencing_strategy=MetaB18SV9,method=filter>filter>filtrate>filter,Sequencing_platform=MiSeq,volume=716}","{Classification=Rare}",0.00257426716066377,0.979591836734694,1.00168913861765,2859
"{size_fraction=3-20 µm,Sequencing_strategy=MetaB18SV9,device=membrane,Sequencing_platform=MiSeq,volume=716}","{Classification=Rare}",0.00257426716066377,0.979591836734694,1.00168913861765,2861
"{size_fraction=3-20 µm,Sequencing_strategy=MetaB18SV9,Sequencing_platform=MiSeq,volume=716}","{Classification=Rare}",0.00257426716066377,0.979591836734694,1.00168913861765,2862
"{Sequencing_strategy=MetaB18SV9,device=membrane,method=filter>filter>filtrate>filter,Sequencing_platform=MiSeq,volume=716}","{Classification=Rare}",0.00462116709049711,0.979166666666667,1.00125437770679,2865
"{Sequencing_strategy=MetaB18SV9,method=filter>filter>filtrate>filter,Sequencing_platform=MiSeq,volume=716}","{Classification=Rare}",0.00462116709049711,0.979166666666667,1.00125437770679,2866
"{Sequencing_strategy=MetaB18SV9,device=membrane,Sequencing_platform=MiSeq,volume=716}","{Classification=Rare}",0.00462116709049711,0.979166666666667,1.00125437770679,2868
"{Sequencing_strategy=MetaB18SV9,Sequencing_platform=MiSeq,volume=716}","{Classification=Rare}",0.00462116709049711,0.979166666666667,1.00125437770679,2869
"{size_fraction=0.22-3 µm,Sequencing_strategy=MetaB16SV4V5,device=membrane,method=filter>filter>filtrate>filter,Sequencing_platform=MiSeq,volume=716}","{Classification=Rare}",0.00348151756624492,0.984829329962073,1.00704477744875,2874
"{size_fraction=0.22-3 µm,Sequencing_strategy=MetaB16SV4V5,method=filter>filter>filtrate>filter,Sequencing_platform=MiSeq,volume=716}","{Classification=Rare}",0.00348151756624492,0.984829329962073,1.00704477744875,2875
"{size_fraction=0.22-3 µm,Sequencing_strategy=MetaB16SV4V5,device=membrane,Sequencing_platform=MiSeq,volume=716}","{Classification=Rare}",0.00348151756624492,0.984829329962073,1.00704477744875,2877
"{size_fraction=0.22-3 µm,Sequencing_strategy=MetaB16SV4V5,Sequencing_platform=MiSeq,volume=716}","{Classification=Rare}",0.00348151756624492,0.984829329962073,1.00704477744875,2878
"{size_fraction=0.22-3 µm,device=membrane,method=filter>filter>filtrate>filter,Sequencing_platform=MiSeq,volume=716}","{Classification=Rare}",0.00552841749607827,0.982525814138205,1.00468929969274,2881
"{size_fraction=0.22-3 µm,method=filter>filter>filtrate>filter,Sequencing_platform=MiSeq,volume=716}","{Classification=Rare}",0.00552841749607827,0.982525814138205,1.00468929969274,2882
"{size_fraction=0.22-3 µm,device=membrane,Sequencing_platform=MiSeq,volume=716}","{Classification=Rare}",0.00552841749607827,0.982525814138205,1.00468929969274,2884
"{size_fraction=0.22-3 µm,Sequencing_platform=MiSeq,volume=716}","{Classification=Rare}",0.00552841749607827,0.982525814138205,1.00468929969274,2885
"{size_fraction=3-20 µm,Sequencing_strategy=MetaB16SV4V5,device=membrane,method=filter>filter>filtrate>filter,Sequencing_platform=MiSeq,volume=716}","{Classification=Rare}",0.00625689934883555,0.99009900990099,1.01243332904837,2889
"{size_fraction=3-20 µm,Sequencing_strategy=MetaB16SV4V5,method=filter>filter>filtrate>filter,Sequencing_platform=MiSeq,volume=716}","{Classification=Rare}",0.00625689934883555,0.99009900990099,1.01243332904837,2890
"{size_fraction=3-20 µm,Sequencing_strategy=MetaB16SV4V5,device=membrane,Sequencing_platform=MiSeq,volume=716}","{Classification=Rare}",0.00625689934883555,0.99009900990099,1.01243332904837,2892
"{size_fraction=3-20 µm,Sequencing_strategy=MetaB16SV4V5,Sequencing_platform=MiSeq,volume=716}","{Classification=Rare}",0.00625689934883555,0.99009900990099,1.01243332904837,2893
"{size_fraction=3-20 µm,device=membrane,method=filter>filter>filtrate>filter,Sequencing_platform=MiSeq,volume=716}","{Classification=Rare}",0.00883116650949931,0.987012987012987,1.00927769269809,2896
"{size_fraction=3-20 µm,method=filter>filter>filtrate>filter,Sequencing_platform=MiSeq,volume=716}","{Classification=Rare}",0.00883116650949931,0.987012987012987,1.00927769269809,2897
"{size_fraction=3-20 µm,device=membrane,Sequencing_platform=MiSeq,volume=716}","{Classification=Rare}",0.00883116650949931,0.987012987012987,1.00927769269809,2899
"{size_fraction=3-20 µm,Sequencing_platform=MiSeq,volume=716}","{Classification=Rare}",0.00883116650949931,0.987012987012987,1.00927769269809,2900
"{Sequencing_strategy=MetaB16SV4V5,device=membrane,method=filter>filter>filtrate>filter,Sequencing_platform=MiSeq,volume=716}","{Classification=Rare}",0.00973841691508047,0.988208616780045,1.01050029307771,2904
"{Sequencing_strategy=MetaB16SV4V5,method=filter>filter>filtrate>filter,Sequencing_platform=MiSeq,volume=716}","{Classification=Rare}",0.00973841691508047,0.988208616780045,1.01050029307771,2905
"{Sequencing_strategy=MetaB16SV4V5,device=membrane,Sequencing_platform=MiSeq,volume=716}","{Classification=Rare}",0.00973841691508047,0.988208616780045,1.01050029307771,2907
"{Sequencing_strategy=MetaB16SV4V5,Sequencing_platform=MiSeq,volume=716}","{Classification=Rare}",0.00973841691508047,0.988208616780045,1.01050029307771,2908
"{device=membrane,method=filter>filter>filtrate>filter,Sequencing_platform=MiSeq,volume=716}","{Classification=Rare}",0.0143595840055776,0.985280588776449,1.00750621560709,2911
"{method=filter>filter>filtrate>filter,Sequencing_platform=MiSeq,volume=716}","{Classification=Rare}",0.0143595840055776,0.985280588776449,1.00750621560709,2912
"{device=membrane,Sequencing_platform=MiSeq,volume=716}","{Classification=Rare}",0.0143595840055776,0.985280588776449,1.00750621560709,2914
"{Sequencing_platform=MiSeq,volume=716}","{Classification=Rare}",0.0143595840055776,0.985280588776449,1.00750621560709,2915
"{size_fraction=0.22-3 µm,Sequencing_strategy=MetaG,device=membrane,method=filter>filter>filtrate>filter,volume=716}","{Classification=Rare}",0.00106814210312264,0.967611336032389,0.98943838582585,2922
"{size_fraction=0.22-3 µm,Sequencing_strategy=MetaG,method=filter>filter>filtrate>filter,volume=716}","{Classification=Rare}",0.00106814210312264,0.967611336032389,0.98943838582585,2923
"{size_fraction=0.22-3 µm,Sequencing_strategy=MetaG,device=membrane,volume=716}","{Classification=Rare}",0.00106814210312264,0.967611336032389,0.98943838582585,2925
"{size_fraction=0.22-3 µm,Sequencing_strategy=MetaG,volume=716}","{Classification=Rare}",0.00106814210312264,0.967611336032389,0.98943838582585,2926
"{size_fraction=3-20 µm,Sequencing_strategy=MetaG,device=membrane,method=filter>filter>filtrate>filter,volume=716}","{Classification=Rare}",0.00101451153727548,0.974248927038627,0.99622570536875,2929
"{size_fraction=3-20 µm,Sequencing_strategy=MetaG,method=filter>filter>filtrate>filter,volume=716}","{Classification=Rare}",0.00101451153727548,0.974248927038627,0.99622570536875,2930
"{size_fraction=3-20 µm,Sequencing_strategy=MetaG,device=membrane,volume=716}","{Classification=Rare}",0.00101451153727548,0.974248927038627,0.99622570536875,2932
"{size_fraction=3-20 µm,Sequencing_strategy=MetaG,volume=716}","{Classification=Rare}",0.00101451153727548,0.974248927038627,0.99622570536875,2933
"{Sequencing_strategy=MetaG,device=membrane,method=filter>filter>filtrate>filter,volume=716}","{Classification=Rare}",0.00208265364039812,0.970833333333333,0.992733063853966,2936
"{Sequencing_strategy=MetaG,method=filter>filter>filtrate>filter,volume=716}","{Classification=Rare}",0.00208265364039812,0.970833333333333,0.992733063853966,2937
"{Sequencing_strategy=MetaG,device=membrane,volume=716}","{Classification=Rare}",0.00208265364039812,0.970833333333333,0.992733063853966,2939
"{Sequencing_strategy=MetaG,volume=716}","{Classification=Rare}",0.00208265364039812,0.970833333333333,0.992733063853966,2940
"{size_fraction=0.22-3 µm,Sequencing_strategy=MetaB18SV9,device=membrane,method=filter>filter>filtrate>filter,volume=716}","{Classification=Rare}",0.00204689992983334,0.978632478632479,1.0007081396393,2945
"{size_fraction=0.22-3 µm,Sequencing_strategy=MetaB18SV9,method=filter>filter>filtrate>filter,volume=716}","{Classification=Rare}",0.00204689992983334,0.978632478632479,1.0007081396393,2946
"{size_fraction=0.22-3 µm,Sequencing_strategy=MetaB18SV9,device=membrane,volume=716}","{Classification=Rare}",0.00204689992983334,0.978632478632479,1.0007081396393,2948
"{size_fraction=0.22-3 µm,Sequencing_strategy=MetaB18SV9,volume=716}","{Classification=Rare}",0.00204689992983334,0.978632478632479,1.0007081396393,2949
"{size_fraction=3-20 µm,Sequencing_strategy=MetaB18SV9,device=membrane,method=filter>filter>filtrate>filter,volume=716}","{Classification=Rare}",0.00257426716066377,0.979591836734694,1.00168913861765,2952
"{size_fraction=3-20 µm,Sequencing_strategy=MetaB18SV9,method=filter>filter>filtrate>filter,volume=716}","{Classification=Rare}",0.00257426716066377,0.979591836734694,1.00168913861765,2953
"{size_fraction=3-20 µm,Sequencing_strategy=MetaB18SV9,device=membrane,volume=716}","{Classification=Rare}",0.00257426716066377,0.979591836734694,1.00168913861765,2955
"{size_fraction=3-20 µm,Sequencing_strategy=MetaB18SV9,volume=716}","{Classification=Rare}",0.00257426716066377,0.979591836734694,1.00168913861765,2956
"{Sequencing_strategy=MetaB18SV9,device=membrane,method=filter>filter>filtrate>filter,volume=716}","{Classification=Rare}",0.00462116709049711,0.979166666666667,1.00125437770679,2959
"{Sequencing_strategy=MetaB18SV9,method=filter>filter>filtrate>filter,volume=716}","{Classification=Rare}",0.00462116709049711,0.979166666666667,1.00125437770679,2960
"{Sequencing_strategy=MetaB18SV9,device=membrane,volume=716}","{Classification=Rare}",0.00462116709049711,0.979166666666667,1.00125437770679,2962
"{Sequencing_strategy=MetaB18SV9,volume=716}","{Classification=Rare}",0.00462116709049711,0.979166666666667,1.00125437770679,2963
"{size_fraction=0.22-3 µm,Sequencing_strategy=MetaB16SV4V5,device=membrane,method=filter>filter>filtrate>filter,volume=716}","{Classification=Rare}",0.00348151756624492,0.984829329962073,1.00704477744875,2968
"{size_fraction=0.22-3 µm,Sequencing_strategy=MetaB16SV4V5,method=filter>filter>filtrate>filter,volume=716}","{Classification=Rare}",0.00348151756624492,0.984829329962073,1.00704477744875,2969
"{size_fraction=0.22-3 µm,Sequencing_strategy=MetaB16SV4V5,device=membrane,volume=716}","{Classification=Rare}",0.00348151756624492,0.984829329962073,1.00704477744875,2971
"{size_fraction=0.22-3 µm,Sequencing_strategy=MetaB16SV4V5,volume=716}","{Classification=Rare}",0.00348151756624492,0.984829329962073,1.00704477744875,2972
"{size_fraction=0.22-3 µm,device=membrane,method=filter>filter>filtrate>filter,volume=716}","{Classification=Rare}",0.0065965595992009,0.9800796812749,1.00218798779027,2975
"{size_fraction=0.22-3 µm,method=filter>filter>filtrate>filter,volume=716}","{Classification=Rare}",0.0065965595992009,0.9800796812749,1.00218798779027,2976
"{size_fraction=0.22-3 µm,device=membrane,volume=716}","{Classification=Rare}",0.0065965595992009,0.9800796812749,1.00218798779027,2978
"{size_fraction=0.22-3 µm,volume=716}","{Classification=Rare}",0.0065965595992009,0.9800796812749,1.00218798779027,2979
"{size_fraction=3-20 µm,Sequencing_strategy=MetaB16SV4V5,device=membrane,method=filter>filter>filtrate>filter,volume=716}","{Classification=Rare}",0.00625689934883555,0.99009900990099,1.01243332904837,2983
"{size_fraction=3-20 µm,Sequencing_strategy=MetaB16SV4V5,method=filter>filter>filtrate>filter,volume=716}","{Classification=Rare}",0.00625689934883555,0.99009900990099,1.01243332904837,2984
"{size_fraction=3-20 µm,Sequencing_strategy=MetaB16SV4V5,device=membrane,volume=716}","{Classification=Rare}",0.00625689934883555,0.99009900990099,1.01243332904837,2986
"{size_fraction=3-20 µm,Sequencing_strategy=MetaB16SV4V5,volume=716}","{Classification=Rare}",0.00625689934883555,0.99009900990099,1.01243332904837,2987
"{size_fraction=3-20 µm,device=membrane,method=filter>filter>filtrate>filter,volume=716}","{Classification=Rare}",0.00984567804677479,0.985682326621924,1.00791701571923,2990
"{size_fraction=3-20 µm,method=filter>filter>filtrate>filter,volume=716}","{Classification=Rare}",0.00984567804677479,0.985682326621924,1.00791701571923,2991
"{size_fraction=3-20 µm,device=membrane,volume=716}","{Classification=Rare}",0.00984567804677479,0.985682326621924,1.00791701571923,2993
"{size_fraction=3-20 µm,volume=716}","{Classification=Rare}",0.00984567804677479,0.985682326621924,1.00791701571923,2994
"{Sequencing_strategy=MetaB16SV4V5,device=membrane,method=filter>filter>filtrate>filter,volume=716}","{Classification=Rare}",0.00973841691508047,0.988208616780045,1.01050029307771,2998
"{Sequencing_strategy=MetaB16SV4V5,method=filter>filter>filtrate>filter,volume=716}","{Classification=Rare}",0.00973841691508047,0.988208616780045,1.01050029307771,2999
"{Sequencing_strategy=MetaB16SV4V5,device=membrane,volume=716}","{Classification=Rare}",0.00973841691508047,0.988208616780045,1.01050029307771,3001
"{Sequencing_strategy=MetaB16SV4V5,volume=716}","{Classification=Rare}",0.00973841691508047,0.988208616780045,1.01050029307771,3002
"{device=membrane,method=filter>filter>filtrate>filter,volume=716}","{Classification=Rare}",0.0164422376459757,0.98342689120556,1.00561070295232,3005
"{method=filter>filter>filtrate>filter,volume=716}","{Classification=Rare}",0.0164422376459757,0.98342689120556,1.00561070295232,3006
"{device=membrane,volume=716}","{Classification=Rare}",0.0164422376459757,0.98342689120556,1.00561070295232,3008
"{volume=716}","{Classification=Rare}",0.0164422376459757,0.98342689120556,1.00561070295232,3009
"{size_fraction=0.22-3 µm,Sequencing_strategy=MetaB18SV9,device=membrane,method=filter>filter>filtrate>filter,Sequencing_platform=MiSeq}","{Classification=Rare}",0.00204689992983334,0.978632478632479,1.0007081396393,3269
"{size_fraction=0.22-3 µm,Sequencing_strategy=MetaB18SV9,method=filter>filter>filtrate>filter,Sequencing_platform=MiSeq}","{Classification=Rare}",0.00204689992983334,0.978632478632479,1.0007081396393,3270
"{size_fraction=0.22-3 µm,Sequencing_strategy=MetaB18SV9,device=membrane,Sequencing_platform=MiSeq}","{Classification=Rare}",0.00204689992983334,0.978632478632479,1.0007081396393,3272
"{size_fraction=0.22-3 µm,Sequencing_strategy=MetaB18SV9,Sequencing_platform=MiSeq}","{Classification=Rare}",0.00204689992983334,0.978632478632479,1.0007081396393,3273
"{size_fraction=3-20 µm,Sequencing_strategy=MetaB18SV9,device=membrane,method=filter>filter>filtrate>filter,Sequencing_platform=MiSeq}","{Classification=Rare}",0.00257426716066377,0.979591836734694,1.00168913861765,3276
"{size_fraction=3-20 µm,Sequencing_strategy=MetaB18SV9,method=filter>filter>filtrate>filter,Sequencing_platform=MiSeq}","{Classification=Rare}",0.00257426716066377,0.979591836734694,1.00168913861765,3277
"{size_fraction=3-20 µm,Sequencing_strategy=MetaB18SV9,device=membrane,Sequencing_platform=MiSeq}","{Classification=Rare}",0.00257426716066377,0.979591836734694,1.00168913861765,3279
"{size_fraction=3-20 µm,Sequencing_strategy=MetaB18SV9,Sequencing_platform=MiSeq}","{Classification=Rare}",0.00257426716066377,0.979591836734694,1.00168913861765,3280
"{size_fraction=>20 µm,Sequencing_strategy=MetaB18SV9,device=membrane,method=filter>filter>filtrate>filter,Sequencing_platform=MiSeq}","{Classification=Rare}",0.00162679383069724,0.900990099009901,0.921314329434013,3283
"{size_fraction=>20 µm,Sequencing_strategy=MetaB18SV9,method=filter>filter>filtrate>filter,Sequencing_platform=MiSeq}","{Classification=Rare}",0.00162679383069724,0.900990099009901,0.921314329434013,3284
"{size_fraction=>20 µm,Sequencing_strategy=MetaB18SV9,device=membrane,Sequencing_platform=MiSeq}","{Classification=Rare}",0.00162679383069724,0.900990099009901,0.921314329434013,3286
"{size_fraction=>20 µm,Sequencing_strategy=MetaB18SV9,Sequencing_platform=MiSeq}","{Classification=Rare}",0.00162679383069724,0.900990099009901,0.921314329434013,3287
"{Sequencing_strategy=MetaB18SV9,device=membrane,method=filter>filter>filtrate>filter,Sequencing_platform=MiSeq}","{Classification=Rare}",0.00624796092119435,0.957534246575342,0.979133980787474,3290
"{Sequencing_strategy=MetaB18SV9,method=filter>filter>filtrate>filter,Sequencing_platform=MiSeq}","{Classification=Rare}",0.00624796092119435,0.957534246575342,0.979133980787474,3291
"{Sequencing_strategy=MetaB18SV9,device=membrane,Sequencing_platform=MiSeq}","{Classification=Rare}",0.00624796092119435,0.957534246575342,0.979133980787474,3293
"{Sequencing_strategy=MetaB18SV9,Sequencing_platform=MiSeq}","{Classification=Rare}",0.00624796092119435,0.957534246575342,0.979133980787474,3294
"{size_fraction=0.22-3 µm,Sequencing_strategy=MetaB16SV4V5,device=membrane,method=filter>filter>filtrate>filter,Sequencing_platform=MiSeq}","{Classification=Rare}",0.00348151756624492,0.984829329962073,1.00704477744875,3300
"{size_fraction=0.22-3 µm,Sequencing_strategy=MetaB16SV4V5,method=filter>filter>filtrate>filter,Sequencing_platform=MiSeq}","{Classification=Rare}",0.00348151756624492,0.984829329962073,1.00704477744875,3301
"{size_fraction=0.22-3 µm,Sequencing_strategy=MetaB16SV4V5,device=membrane,Sequencing_platform=MiSeq}","{Classification=Rare}",0.00348151756624492,0.984829329962073,1.00704477744875,3303
"{size_fraction=0.22-3 µm,Sequencing_strategy=MetaB16SV4V5,Sequencing_platform=MiSeq}","{Classification=Rare}",0.00348151756624492,0.984829329962073,1.00704477744875,3304
"{size_fraction=0.22-3 µm,device=membrane,method=filter>filter>filtrate>filter,Sequencing_platform=MiSeq}","{Classification=Rare}",0.00552841749607827,0.982525814138205,1.00468929969274,3307
"{size_fraction=0.22-3 µm,method=filter>filter>filtrate>filter,Sequencing_platform=MiSeq}","{Classification=Rare}",0.00552841749607827,0.982525814138205,1.00468929969274,3308
"{size_fraction=0.22-3 µm,device=membrane,Sequencing_platform=MiSeq}","{Classification=Rare}",0.00552841749607827,0.982525814138205,1.00468929969274,3310
"{size_fraction=0.22-3 µm,Sequencing_platform=MiSeq}","{Classification=Rare}",0.00552841749607827,0.982525814138205,1.00468929969274,3311
"{size_fraction=3-20 µm,Sequencing_strategy=MetaB16SV4V5,device=membrane,method=filter>filter>filtrate>filter,Sequencing_platform=MiSeq}","{Classification=Rare}",0.00625689934883555,0.99009900990099,1.01243332904837,3315
"{size_fraction=3-20 µm,Sequencing_strategy=MetaB16SV4V5,method=filter>filter>filtrate>filter,Sequencing_platform=MiSeq}","{Classification=Rare}",0.00625689934883555,0.99009900990099,1.01243332904837,3316
"{size_fraction=3-20 µm,Sequencing_strategy=MetaB16SV4V5,device=membrane,Sequencing_platform=MiSeq}","{Classification=Rare}",0.00625689934883555,0.99009900990099,1.01243332904837,3318
"{size_fraction=3-20 µm,Sequencing_strategy=MetaB16SV4V5,Sequencing_platform=MiSeq}","{Classification=Rare}",0.00625689934883555,0.99009900990099,1.01243332904837,3319
"{size_fraction=3-20 µm,device=membrane,method=filter>filter>filtrate>filter,Sequencing_platform=MiSeq}","{Classification=Rare}",0.00883116650949931,0.987012987012987,1.00927769269809,3322
"{size_fraction=3-20 µm,method=filter>filter>filtrate>filter,Sequencing_platform=MiSeq}","{Classification=Rare}",0.00883116650949931,0.987012987012987,1.00927769269809,3323
"{size_fraction=3-20 µm,device=membrane,Sequencing_platform=MiSeq}","{Classification=Rare}",0.00883116650949931,0.987012987012987,1.00927769269809,3325
"{size_fraction=3-20 µm,Sequencing_platform=MiSeq}","{Classification=Rare}",0.00883116650949931,0.987012987012987,1.00927769269809,3326
"{size_fraction=>20 µm,Sequencing_strategy=MetaB16SV4V5,device=membrane,method=filter>filter>filtrate>filter,Sequencing_platform=MiSeq}","{Classification=Rare}",0.00720884189262267,0.984737484737485,1.0069508604106,3330
"{size_fraction=>20 µm,Sequencing_strategy=MetaB16SV4V5,method=filter>filter>filtrate>filter,Sequencing_platform=MiSeq}","{Classification=Rare}",0.00720884189262267,0.984737484737485,1.0069508604106,3331
"{size_fraction=>20 µm,Sequencing_strategy=MetaB16SV4V5,device=membrane,Sequencing_platform=MiSeq}","{Classification=Rare}",0.00720884189262267,0.984737484737485,1.0069508604106,3333
"{size_fraction=>20 µm,Sequencing_strategy=MetaB16SV4V5,Sequencing_platform=MiSeq}","{Classification=Rare}",0.00720884189262267,0.984737484737485,1.0069508604106,3334
"{size_fraction=>20 µm,device=membrane,method=filter>filter>filtrate>filter,Sequencing_platform=MiSeq}","{Classification=Rare}",0.00883563572331991,0.968168462291871,0.990008079551374,3337
"{size_fraction=>20 µm,method=filter>filter>filtrate>filter,Sequencing_platform=MiSeq}","{Classification=Rare}",0.00883563572331991,0.968168462291871,0.990008079551374,3338
"{size_fraction=>20 µm,device=membrane,Sequencing_platform=MiSeq}","{Classification=Rare}",0.00883563572331991,0.968168462291871,0.990008079551374,3340
"{size_fraction=>20 µm,Sequencing_platform=MiSeq}","{Classification=Rare}",0.00883563572331991,0.968168462291871,0.990008079551374,3341
"{Sequencing_strategy=MetaB16SV4V5,device=membrane,method=filter>filter>filtrate>filter,Sequencing_platform=MiSeq}","{Classification=Rare}",0.0169472588077031,0.986729117876659,1.00898742013763,3345
"{Sequencing_strategy=MetaB16SV4V5,method=filter>filter>filtrate>filter,Sequencing_platform=MiSeq}","{Classification=Rare}",0.0169472588077031,0.986729117876659,1.00898742013763,3346
"{Sequencing_strategy=MetaB16SV4V5,device=membrane,Sequencing_platform=MiSeq}","{Classification=Rare}",0.0169472588077031,0.986729117876659,1.00898742013763,3348
"{Sequencing_strategy=MetaB16SV4V5,Sequencing_platform=MiSeq}","{Classification=Rare}",0.0169472588077031,0.986729117876659,1.00898742013763,3349
"{device=membrane,method=filter>filter>filtrate>filter,Sequencing_platform=MiSeq}","{Classification=Rare}",0.0231952197288975,0.978691306807468,1.0007682948404,3352
"{method=filter>filter>filtrate>filter,Sequencing_platform=MiSeq}","{Classification=Rare}",0.0231952197288975,0.978691306807468,1.0007682948404,3353
"{device=membrane,Sequencing_platform=MiSeq}","{Classification=Rare}",0.0231952197288975,0.978691306807468,1.0007682948404,3355
"{Sequencing_platform=MiSeq}","{Classification=Rare}",0.0231952197288975,0.978691306807468,1.0007682948404,3356
"{size_fraction=>0.22 µm,Sequencing_strategy=MetaG,device=sterivex,method=filter,Sequencing_platform=Hiseq 4000,volume=2.5}","{Classification=Rare}",0.0035083328491685,0.964373464373464,0.986127475351347,3364
"{Sequencing_strategy=MetaG,device=sterivex,method=filter,Sequencing_platform=Hiseq 4000,volume=2.5}","{Classification=Rare}",0.0035083328491685,0.964373464373464,0.986127475351347,3365
"{size_fraction=>0.22 µm,Sequencing_strategy=MetaG,device=sterivex,Sequencing_platform=Hiseq 4000,volume=2.5}","{Classification=Rare}",0.0035083328491685,0.964373464373464,0.986127475351347,3367
"{Sequencing_strategy=MetaG,device=sterivex,Sequencing_platform=Hiseq 4000,volume=2.5}","{Classification=Rare}",0.0035083328491685,0.964373464373464,0.986127475351347,3368
"{size_fraction=>0.22 µm,Sequencing_strategy=MetaG,method=filter,Sequencing_platform=Hiseq 4000,volume=2.5}","{Classification=Rare}",0.0035083328491685,0.964373464373464,0.986127475351347,3371
"{Sequencing_strategy=MetaG,method=filter,Sequencing_platform=Hiseq 4000,volume=2.5}","{Classification=Rare}",0.0035083328491685,0.964373464373464,0.986127475351347,3372
"{size_fraction=>0.22 µm,Sequencing_strategy=MetaG,Sequencing_platform=Hiseq 4000,volume=2.5}","{Classification=Rare}",0.0035083328491685,0.964373464373464,0.986127475351347,3374
"{Sequencing_strategy=MetaG,Sequencing_platform=Hiseq 4000,volume=2.5}","{Classification=Rare}",0.0035083328491685,0.964373464373464,0.986127475351347,3375
"{Sequencing_strategy=MetaG,device=membrane,method=filter>filter>filtrate>filter,Sequencing_platform=Hiseq 4000,volume=1000}","{Classification=Rare}",0.0019709232948832,0.954545454545455,0.976077768596174,3379
"{Sequencing_strategy=MetaG,method=filter>filter>filtrate>filter,Sequencing_platform=Hiseq 4000,volume=1000}","{Classification=Rare}",0.0019709232948832,0.954545454545455,0.976077768596174,3380
"{Sequencing_strategy=MetaG,device=membrane,Sequencing_platform=Hiseq 4000,volume=1000}","{Classification=Rare}",0.0019709232948832,0.954545454545455,0.976077768596174,3382
"{Sequencing_strategy=MetaG,Sequencing_platform=Hiseq 4000,volume=1000}","{Classification=Rare}",0.0019709232948832,0.954545454545455,0.976077768596174,3383
"{Sequencing_strategy=MetaG,device=membrane,method=filter>filter>filtrate>filter,Sequencing_platform=Hiseq 4000,volume=496}","{Classification=Rare}",0.00241784467694288,0.949122807017544,0.970532798816346,3386
"{Sequencing_strategy=MetaG,method=filter>filter>filtrate>filter,Sequencing_platform=Hiseq 4000,volume=496}","{Classification=Rare}",0.00241784467694288,0.949122807017544,0.970532798816346,3387
"{Sequencing_strategy=MetaG,device=membrane,Sequencing_platform=Hiseq 4000,volume=496}","{Classification=Rare}",0.00241784467694288,0.949122807017544,0.970532798816346,3389
"{Sequencing_strategy=MetaG,Sequencing_platform=Hiseq 4000,volume=496}","{Classification=Rare}",0.00241784467694288,0.949122807017544,0.970532798816346,3390
"{size_fraction=0.22-3 µm,Sequencing_strategy=MetaG,device=membrane,method=filter>filter>filter,Sequencing_platform=Hiseq 4000,volume=60}","{Classification=Rare}",0.00170723967946798,0.962216624685139,0.983921982401613,3393
"{size_fraction=0.22-3 µm,Sequencing_strategy=MetaG,method=filter>filter>filter,Sequencing_platform=Hiseq 4000,volume=60}","{Classification=Rare}",0.00170723967946798,0.962216624685139,0.983921982401613,3394
"{size_fraction=0.22-3 µm,Sequencing_strategy=MetaG,device=membrane,Sequencing_platform=Hiseq 4000,volume=60}","{Classification=Rare}",0.00170723967946798,0.962216624685139,0.983921982401613,3396
"{size_fraction=0.22-3 µm,Sequencing_strategy=MetaG,Sequencing_platform=Hiseq 4000,volume=60}","{Classification=Rare}",0.00170723967946798,0.962216624685139,0.983921982401613,3397
"{size_fraction=3-20 µm,Sequencing_strategy=MetaG,device=membrane,method=filter>filter>filter,Sequencing_platform=Hiseq 4000,volume=60}","{Classification=Rare}",0.00176980867295634,0.963503649635037,0.985238039625753,3400
"{size_fraction=3-20 µm,Sequencing_strategy=MetaG,method=filter>filter>filter,Sequencing_platform=Hiseq 4000,volume=60}","{Classification=Rare}",0.00176980867295634,0.963503649635037,0.985238039625753,3401
"{Sequencing_strategy=MetaG,device=membrane,method=filter>filter>filter,Sequencing_platform=Hiseq 4000,volume=60}","{Classification=Rare}",0.00374073196783954,0.939393939393939,0.960584470681949,3403
"{Sequencing_strategy=MetaG,method=filter>filter>filter,Sequencing_platform=Hiseq 4000,volume=60}","{Classification=Rare}",0.00374073196783954,0.939393939393939,0.960584470681949,3404
"{size_fraction=3-20 µm,Sequencing_strategy=MetaG,device=membrane,Sequencing_platform=Hiseq 4000,volume=60}","{Classification=Rare}",0.00176980867295634,0.963503649635037,0.985238039625753,3407
"{size_fraction=3-20 µm,Sequencing_strategy=MetaG,Sequencing_platform=Hiseq 4000,volume=60}","{Classification=Rare}",0.00176980867295634,0.963503649635037,0.985238039625753,3408
"{Sequencing_strategy=MetaG,device=membrane,Sequencing_platform=Hiseq 4000,volume=60}","{Classification=Rare}",0.00374073196783954,0.939393939393939,0.960584470681949,3410
"{Sequencing_strategy=MetaG,Sequencing_platform=Hiseq 4000,volume=60}","{Classification=Rare}",0.00374073196783954,0.939393939393939,0.960584470681949,3411
"{size_fraction=0.22-3 µm,Sequencing_strategy=MetaG,device=membrane,method=filter>filter,Sequencing_platform=Hiseq 4000,volume=10}","{Classification=Rare}",0.00333403351016523,0.966321243523316,0.988119191845572,3416
"{size_fraction=0.22-3 µm,Sequencing_strategy=MetaG,method=filter>filter,Sequencing_platform=Hiseq 4000,volume=10}","{Classification=Rare}",0.00333403351016523,0.966321243523316,0.988119191845572,3417
"{size_fraction=0.22-3 µm,Sequencing_strategy=MetaG,device=membrane,method=filter>filter,Sequencing_platform=Hiseq 4000}","{Classification=Rare}",0.00333403351016523,0.966321243523316,0.988119191845572,3419
"{size_fraction=0.22-3 µm,Sequencing_strategy=MetaG,method=filter>filter,Sequencing_platform=Hiseq 4000}","{Classification=Rare}",0.00333403351016523,0.966321243523316,0.988119191845572,3420
"{size_fraction=3-20 µm,Sequencing_strategy=MetaG,device=membrane,method=filter>filter,Sequencing_platform=Hiseq 4000,volume=10}","{Classification=Rare}",0.00261449008504914,0.895865237366003,0.916073862891619,3423
"{size_fraction=3-20 µm,Sequencing_strategy=MetaG,method=filter>filter,Sequencing_platform=Hiseq 4000,volume=10}","{Classification=Rare}",0.00261449008504914,0.895865237366003,0.916073862891619,3424
"{Sequencing_strategy=MetaG,device=membrane,method=filter>filter,Sequencing_platform=Hiseq 4000,volume=10}","{Classification=Rare}",0.00594852359521437,0.934035087719298,0.955104735840708,3426
"{Sequencing_strategy=MetaG,method=filter>filter,Sequencing_platform=Hiseq 4000,volume=10}","{Classification=Rare}",0.00594852359521437,0.934035087719298,0.955104735840708,3427
"{size_fraction=3-20 µm,Sequencing_strategy=MetaG,device=membrane,method=filter>filter,Sequencing_platform=Hiseq 4000}","{Classification=Rare}",0.00261449008504914,0.895865237366003,0.916073862891619,3430
"{size_fraction=3-20 µm,Sequencing_strategy=MetaG,method=filter>filter,Sequencing_platform=Hiseq 4000}","{Classification=Rare}",0.00261449008504914,0.895865237366003,0.916073862891619,3431
"{Sequencing_strategy=MetaG,device=membrane,method=filter>filter,Sequencing_platform=Hiseq 4000}","{Classification=Rare}",0.00594852359521437,0.934035087719298,0.955104735840708,3433
"{Sequencing_strategy=MetaG,method=filter>filter,Sequencing_platform=Hiseq 4000}","{Classification=Rare}",0.00594852359521437,0.934035087719298,0.955104735840708,3434
"{size_fraction=>0.22 µm,Sequencing_strategy=MetaG,device=sterivex,method=filter,Sequencing_platform=Hiseq 4000,volume=10}","{Classification=Rare}",0.00265471300943451,0.964285714285714,0.986037745826748,3439
"{size_fraction=>0.22 µm,Sequencing_strategy=MetaG,device=sterivex,method=filter,Sequencing_platform=Hiseq 4000}","{Classification=Rare}",0.00879988201275514,0.964723174914258,0.986485074544436,3440
"{Sequencing_strategy=MetaG,device=sterivex,method=filter,Sequencing_platform=Hiseq 4000,volume=10}","{Classification=Rare}",0.00265471300943451,0.964285714285714,0.986037745826748,3442
"{Sequencing_strategy=MetaG,device=sterivex,method=filter,Sequencing_platform=Hiseq 4000}","{Classification=Rare}",0.00879988201275514,0.964723174914258,0.986485074544436,3443
"{size_fraction=>0.22 µm,Sequencing_strategy=MetaG,device=sterivex,Sequencing_platform=Hiseq 4000,volume=10}","{Classification=Rare}",0.00265471300943451,0.964285714285714,0.986037745826748,3446
"{size_fraction=>0.22 µm,Sequencing_strategy=MetaG,device=sterivex,Sequencing_platform=Hiseq 4000}","{Classification=Rare}",0.00879988201275514,0.964723174914258,0.986485074544436,3447
"{Sequencing_strategy=MetaG,device=sterivex,Sequencing_platform=Hiseq 4000,volume=10}","{Classification=Rare}",0.00265471300943451,0.964285714285714,0.986037745826748,3449
"{Sequencing_strategy=MetaG,device=sterivex,Sequencing_platform=Hiseq 4000}","{Classification=Rare}",0.00879988201275514,0.964723174914258,0.986485074544436,3450
"{size_fraction=>0.22 µm,Sequencing_strategy=MetaG,device=membrane,method=filter,Sequencing_platform=Hiseq 4000,volume=10}","{Classification=Rare}",0.00249829052571362,0.967128027681661,0.988944175168541,3454
"{size_fraction=>0.22 µm,Sequencing_strategy=MetaG,method=filter,Sequencing_platform=Hiseq 4000,volume=10}","{Classification=Rare}",0.00515300353514813,0.965661641541039,0.9874447107845,3455
"{size_fraction=>0.22 µm,Sequencing_strategy=MetaG,device=membrane,method=filter,Sequencing_platform=Hiseq 4000}","{Classification=Rare}",0.00249829052571362,0.967128027681661,0.988944175168541,3457
"{size_fraction=>0.22 µm,Sequencing_strategy=MetaG,method=filter,Sequencing_platform=Hiseq 4000}","{Classification=Rare}",0.0112981725384688,0.965253913707522,0.987027785564189,3458
"{Sequencing_strategy=MetaG,device=membrane,method=filter,Sequencing_platform=Hiseq 4000,volume=10}","{Classification=Rare}",0.00249829052571362,0.967128027681661,0.988944175168541,3461
"{Sequencing_strategy=MetaG,method=filter,Sequencing_platform=Hiseq 4000,volume=10}","{Classification=Rare}",0.00515300353514813,0.965661641541039,0.9874447107845,3462
"{Sequencing_strategy=MetaG,device=membrane,method=filter,Sequencing_platform=Hiseq 4000}","{Classification=Rare}",0.00249829052571362,0.967128027681661,0.988944175168541,3464
"{Sequencing_strategy=MetaG,method=filter,Sequencing_platform=Hiseq 4000}","{Classification=Rare}",0.0112981725384688,0.965253913707522,0.987027785564189,3465
"{size_fraction=>0.22 µm,Sequencing_strategy=MetaG,device=membrane,Sequencing_platform=Hiseq 4000,volume=10}","{Classification=Rare}",0.00249829052571362,0.967128027681661,0.988944175168541,3469
"{size_fraction=>0.22 µm,Sequencing_strategy=MetaG,Sequencing_platform=Hiseq 4000,volume=10}","{Classification=Rare}",0.00515300353514813,0.965661641541039,0.9874447107845,3470
"{size_fraction=>0.22 µm,Sequencing_strategy=MetaG,device=membrane,Sequencing_platform=Hiseq 4000}","{Classification=Rare}",0.00249829052571362,0.967128027681661,0.988944175168541,3472
"{size_fraction=>0.22 µm,Sequencing_strategy=MetaG,Sequencing_platform=Hiseq 4000}","{Classification=Rare}",0.0112981725384688,0.965253913707522,0.987027785564189,3473
"{size_fraction=0.22-3 µm,Sequencing_strategy=MetaG,device=membrane,method=filter>filter>filter,Sequencing_platform=Hiseq 4000}","{Classification=Rare}",0.00259214401594615,0.961857379767827,0.983554633758761,3476
"{size_fraction=0.22-3 µm,Sequencing_strategy=MetaG,method=filter>filter>filter,Sequencing_platform=Hiseq 4000}","{Classification=Rare}",0.00259214401594615,0.961857379767827,0.983554633758761,3477
"{size_fraction=0.22-3 µm,Sequencing_strategy=MetaG,device=membrane,Sequencing_platform=Hiseq 4000,volume=10}","{Classification=Rare}",0.00333403351016523,0.966321243523316,0.988119191845572,3479
"{size_fraction=0.22-3 µm,Sequencing_strategy=MetaG,Sequencing_platform=Hiseq 4000,volume=10}","{Classification=Rare}",0.00333403351016523,0.966321243523316,0.988119191845572,3480
"{size_fraction=0.22-3 µm,Sequencing_strategy=MetaG,device=membrane,method=filter>filter>filtrate>filter,Sequencing_platform=Hiseq 4000,volume=100}","{Classification=Rare}",0.00310610360531479,0.955983493810179,0.977548246665062,3482
"{size_fraction=0.22-3 µm,Sequencing_strategy=MetaG,method=filter>filter>filtrate>filter,Sequencing_platform=Hiseq 4000,volume=100}","{Classification=Rare}",0.00310610360531479,0.955983493810179,0.977548246665062,3483
"{size_fraction=0.22-3 µm,Sequencing_strategy=MetaG,device=membrane,Sequencing_platform=Hiseq 4000,volume=100}","{Classification=Rare}",0.00399100794179296,0.957127545551983,0.978718105539756,3485
"{size_fraction=0.22-3 µm,Sequencing_strategy=MetaG,Sequencing_platform=Hiseq 4000,volume=100}","{Classification=Rare}",0.00399100794179296,0.957127545551983,0.978718105539756,3486
"{size_fraction=0.22-3 µm,Sequencing_strategy=MetaG,device=membrane,method=filter>filter>filtrate>filter,Sequencing_platform=Hiseq 4000}","{Classification=Rare}",0.0047731203603974,0.956989247311828,0.978576687614598,3489
"{size_fraction=0.22-3 µm,Sequencing_strategy=MetaG,method=filter>filter>filtrate>filter,Sequencing_platform=Hiseq 4000}","{Classification=Rare}",0.0047731203603974,0.956989247311828,0.978576687614598,3490
"{size_fraction=0.22-3 µm,Sequencing_strategy=MetaG,device=membrane,Sequencing_platform=Hiseq 4000}","{Classification=Rare}",0.0106992978865088,0.961059815335207,0.982739078136975,3492
"{size_fraction=0.22-3 µm,Sequencing_strategy=MetaG,Sequencing_platform=Hiseq 4000}","{Classification=Rare}",0.0106992978865088,0.961059815335207,0.982739078136975,3493
"{size_fraction=3-20 µm,Sequencing_strategy=MetaG,device=membrane,method=filter>filter>filter,Sequencing_platform=Hiseq 4000}","{Classification=Rare}",0.00252063659481661,0.959183673469388,0.980820614896447,3499
"{size_fraction=3-20 µm,Sequencing_strategy=MetaG,method=filter>filter>filter,Sequencing_platform=Hiseq 4000}","{Classification=Rare}",0.00252063659481661,0.959183673469388,0.980820614896447,3500
"{Sequencing_strategy=MetaG,device=membrane,method=filter>filter>filter,Sequencing_platform=Hiseq 4000,volume=100}","{Classification=Rare}",0.00239996782166049,0.938811188811189,0.959988574608326,3502
"{Sequencing_strategy=MetaG,method=filter>filter>filter,Sequencing_platform=Hiseq 4000,volume=100}","{Classification=Rare}",0.00239996782166049,0.938811188811189,0.959988574608326,3503
"{size_fraction=>20 µm,Sequencing_strategy=MetaG,device=membrane,method=filter>filter>filter,Sequencing_platform=Hiseq 4000}","{Classification=Rare}",0.00220332241355423,0.874113475177305,0.893831431796193,3505
"{size_fraction=>20 µm,Sequencing_strategy=MetaG,method=filter>filter>filter,Sequencing_platform=Hiseq 4000}","{Classification=Rare}",0.00220332241355423,0.874113475177305,0.893831431796193,3506
"{Sequencing_strategy=MetaG,device=membrane,method=filter>filter>filter,Sequencing_platform=Hiseq 4000}","{Classification=Rare}",0.00731610302431699,0.932763532763533,0.953804497577605,3508
"{Sequencing_strategy=MetaG,method=filter>filter>filter,Sequencing_platform=Hiseq 4000}","{Classification=Rare}",0.00731610302431699,0.932763532763533,0.953804497577605,3509
"{size_fraction=3-20 µm,Sequencing_strategy=MetaG,device=membrane,Sequencing_platform=Hiseq 4000,volume=10}","{Classification=Rare}",0.00261449008504914,0.895865237366003,0.916073862891619,3514
"{size_fraction=3-20 µm,Sequencing_strategy=MetaG,Sequencing_platform=Hiseq 4000,volume=10}","{Classification=Rare}",0.00261449008504914,0.895865237366003,0.916073862891619,3515
"{Sequencing_strategy=MetaG,device=membrane,Sequencing_platform=Hiseq 4000,volume=10}","{Classification=Rare}",0.00844681412092799,0.943584623065402,0.964869686380642,3517
"{Sequencing_strategy=MetaG,Sequencing_platform=Hiseq 4000,volume=10}","{Classification=Rare}",0.0111015271303625,0.948453608247423,0.969848504486331,3518
"{size_fraction=3-20 µm,Sequencing_strategy=MetaG,device=membrane,method=filter>filter>filtrate>filter,Sequencing_platform=Hiseq 4000,volume=100}","{Classification=Rare}",0.0029496811215939,0.955137481910275,0.976683150714386,3521
"{size_fraction=3-20 µm,Sequencing_strategy=MetaG,method=filter>filter>filtrate>filter,Sequencing_platform=Hiseq 4000,volume=100}","{Classification=Rare}",0.0029496811215939,0.955137481910275,0.976683150714386,3522
"{size_fraction=3-20 µm,Sequencing_strategy=MetaG,device=membrane,Sequencing_platform=Hiseq 4000,volume=100}","{Classification=Rare}",0.00370050904345417,0.953917050691244,0.975435189420008,3524
"{size_fraction=3-20 µm,Sequencing_strategy=MetaG,Sequencing_platform=Hiseq 4000,volume=100}","{Classification=Rare}",0.00370050904345417,0.953917050691244,0.975435189420008,3525
"{size_fraction=3-20 µm,Sequencing_strategy=MetaG,device=membrane,method=filter>filter>filtrate>filter,Sequencing_platform=Hiseq 4000}","{Classification=Rare}",0.00450943674498219,0.954588457899716,0.976121742005581,3528
"{size_fraction=3-20 µm,Sequencing_strategy=MetaG,method=filter>filter>filtrate>filter,Sequencing_platform=Hiseq 4000}","{Classification=Rare}",0.00450943674498219,0.954588457899716,0.976121742005581,3529
"{size_fraction=3-20 µm,Sequencing_strategy=MetaG,device=membrane,Sequencing_platform=Hiseq 4000}","{Classification=Rare}",0.00964456342484793,0.939077458659704,0.960260850882174,3531
"{size_fraction=3-20 µm,Sequencing_strategy=MetaG,Sequencing_platform=Hiseq 4000}","{Classification=Rare}",0.00964456342484793,0.939077458659704,0.960260850882174,3532
"{size_fraction=>20 µm,Sequencing_strategy=MetaG,device=membrane,method=filter>filter>filtrate>filter,Sequencing_platform=Hiseq 4000,volume=100}","{Classification=Rare}",0.00290498898338793,0.906555090655509,0.927004854282081,3536
"{size_fraction=>20 µm,Sequencing_strategy=MetaG,method=filter>filter>filtrate>filter,Sequencing_platform=Hiseq 4000,volume=100}","{Classification=Rare}",0.00290498898338793,0.906555090655509,0.927004854282081,3537
"{size_fraction=>20 µm,Sequencing_strategy=MetaG,device=membrane,Sequencing_platform=Hiseq 4000,volume=100}","{Classification=Rare}",0.00366922454670999,0.906181015452539,0.926622340816993,3539
"{size_fraction=>20 µm,Sequencing_strategy=MetaG,Sequencing_platform=Hiseq 4000,volume=100}","{Classification=Rare}",0.00366922454670999,0.906181015452539,0.926622340816993,3540
"{Sequencing_strategy=MetaG,device=membrane,method=filter>filter>filtrate>filter,Sequencing_platform=Hiseq 4000,volume=100}","{Classification=Rare}",0.00896077371029662,0.939110070257611,0.960294198121496,3543
"{Sequencing_strategy=MetaG,method=filter>filter>filtrate>filter,Sequencing_platform=Hiseq 4000,volume=100}","{Classification=Rare}",0.00896077371029662,0.939110070257611,0.960294198121496,3544
"{Sequencing_strategy=MetaG,device=membrane,Sequencing_platform=Hiseq 4000,volume=100}","{Classification=Rare}",0.0113607415319571,0.939046915404507,0.96022961864254,3546
"{Sequencing_strategy=MetaG,Sequencing_platform=Hiseq 4000,volume=100}","{Classification=Rare}",0.0113607415319571,0.939046915404507,0.96022961864254,3547
"{size_fraction=>20 µm,Sequencing_strategy=MetaG,device=membrane,method=filter>filter>filtrate>filter,Sequencing_platform=Hiseq 4000}","{Classification=Rare}",0.0040669845767431,0.915492957746479,0.936144338760918,3551
"{size_fraction=>20 µm,Sequencing_strategy=MetaG,method=filter>filter>filtrate>filter,Sequencing_platform=Hiseq 4000}","{Classification=Rare}",0.0040669845767431,0.915492957746479,0.936144338760918,3552
"{size_fraction=>20 µm,Sequencing_strategy=MetaG,device=membrane,Sequencing_platform=Hiseq 4000}","{Classification=Rare}",0.00627030699029734,0.900513478818999,0.92082695780578,3554
"{size_fraction=>20 µm,Sequencing_strategy=MetaG,Sequencing_platform=Hiseq 4000}","{Classification=Rare}",0.00627030699029734,0.900513478818999,0.92082695780578,3555
"{Sequencing_strategy=MetaG,device=membrane,method=filter>filter>filtrate>filter,Sequencing_platform=Hiseq 4000}","{Classification=Rare}",0.0133495416821227,0.94316387748658,0.964439449765123,3558
"{Sequencing_strategy=MetaG,method=filter>filter>filtrate>filter,Sequencing_platform=Hiseq 4000}","{Classification=Rare}",0.0133495416821227,0.94316387748658,0.964439449765123,3559
"{Sequencing_strategy=MetaG,device=membrane,Sequencing_platform=Hiseq 4000}","{Classification=Rare}",0.0291124588273677,0.940649819494585,0.961868680501843,3561
"{Sequencing_strategy=MetaG,Sequencing_platform=Hiseq 4000}","{Classification=Rare}",0.0379123408401228,0.94612982377872,0.967472300872235,3562
"{size_fraction=>0.22 µm,device=sterivex,method=filter,Sequencing_platform=Hiseq 4000,volume=2.5}","{Classification=Rare}",0.0035083328491685,0.964373464373464,0.986127475351347,3579
"{device=sterivex,method=filter,Sequencing_platform=Hiseq 4000,volume=2.5}","{Classification=Rare}",0.0035083328491685,0.964373464373464,0.986127475351347,3580
"{size_fraction=>0.22 µm,device=sterivex,Sequencing_platform=Hiseq 4000,volume=2.5}","{Classification=Rare}",0.0035083328491685,0.964373464373464,0.986127475351347,3582
"{device=sterivex,Sequencing_platform=Hiseq 4000,volume=2.5}","{Classification=Rare}",0.0035083328491685,0.964373464373464,0.986127475351347,3583
"{size_fraction=>0.22 µm,method=filter,Sequencing_platform=Hiseq 4000,volume=2.5}","{Classification=Rare}",0.0035083328491685,0.964373464373464,0.986127475351347,3586
"{method=filter,Sequencing_platform=Hiseq 4000,volume=2.5}","{Classification=Rare}",0.0035083328491685,0.964373464373464,0.986127475351347,3587
"{size_fraction=>0.22 µm,Sequencing_platform=Hiseq 4000,volume=2.5}","{Classification=Rare}",0.0035083328491685,0.964373464373464,0.986127475351347,3589
"{Sequencing_platform=Hiseq 4000,volume=2.5}","{Classification=Rare}",0.0035083328491685,0.964373464373464,0.986127475351347,3590
"{device=membrane,method=filter>filter>filtrate>filter,Sequencing_platform=Hiseq 4000,volume=1000}","{Classification=Rare}",0.0019709232948832,0.954545454545455,0.976077768596174,3594
"{method=filter>filter>filtrate>filter,Sequencing_platform=Hiseq 4000,volume=1000}","{Classification=Rare}",0.0019709232948832,0.954545454545455,0.976077768596174,3595
"{device=membrane,Sequencing_platform=Hiseq 4000,volume=1000}","{Classification=Rare}",0.0019709232948832,0.954545454545455,0.976077768596174,3597
"{Sequencing_platform=Hiseq 4000,volume=1000}","{Classification=Rare}",0.0019709232948832,0.954545454545455,0.976077768596174,3598
"{device=membrane,method=filter>filter>filtrate>filter,Sequencing_platform=Hiseq 4000,volume=496}","{Classification=Rare}",0.00241784467694288,0.949122807017544,0.970532798816346,3601
"{method=filter>filter>filtrate>filter,Sequencing_platform=Hiseq 4000,volume=496}","{Classification=Rare}",0.00241784467694288,0.949122807017544,0.970532798816346,3602
"{device=membrane,Sequencing_platform=Hiseq 4000,volume=496}","{Classification=Rare}",0.00241784467694288,0.949122807017544,0.970532798816346,3604
"{Sequencing_platform=Hiseq 4000,volume=496}","{Classification=Rare}",0.00241784467694288,0.949122807017544,0.970532798816346,3605
"{size_fraction=0.22-3 µm,device=membrane,method=filter>filter>filter,Sequencing_platform=Hiseq 4000,volume=60}","{Classification=Rare}",0.00170723967946798,0.962216624685139,0.983921982401613,3608
"{size_fraction=0.22-3 µm,method=filter>filter>filter,Sequencing_platform=Hiseq 4000,volume=60}","{Classification=Rare}",0.00170723967946798,0.962216624685139,0.983921982401613,3609
"{size_fraction=0.22-3 µm,device=membrane,Sequencing_platform=Hiseq 4000,volume=60}","{Classification=Rare}",0.00170723967946798,0.962216624685139,0.983921982401613,3611
"{size_fraction=0.22-3 µm,Sequencing_platform=Hiseq 4000,volume=60}","{Classification=Rare}",0.00170723967946798,0.962216624685139,0.983921982401613,3612
"{size_fraction=3-20 µm,device=membrane,method=filter>filter>filter,Sequencing_platform=Hiseq 4000,volume=60}","{Classification=Rare}",0.00176980867295634,0.963503649635037,0.985238039625753,3615
"{size_fraction=3-20 µm,method=filter>filter>filter,Sequencing_platform=Hiseq 4000,volume=60}","{Classification=Rare}",0.00176980867295634,0.963503649635037,0.985238039625753,3616
"{device=membrane,method=filter>filter>filter,Sequencing_platform=Hiseq 4000,volume=60}","{Classification=Rare}",0.00374073196783954,0.939393939393939,0.960584470681949,3618
"{method=filter>filter>filter,Sequencing_platform=Hiseq 4000,volume=60}","{Classification=Rare}",0.00374073196783954,0.939393939393939,0.960584470681949,3619
"{size_fraction=3-20 µm,device=membrane,Sequencing_platform=Hiseq 4000,volume=60}","{Classification=Rare}",0.00176980867295634,0.963503649635037,0.985238039625753,3622
"{size_fraction=3-20 µm,Sequencing_platform=Hiseq 4000,volume=60}","{Classification=Rare}",0.00176980867295634,0.963503649635037,0.985238039625753,3623
"{device=membrane,Sequencing_platform=Hiseq 4000,volume=60}","{Classification=Rare}",0.00374073196783954,0.939393939393939,0.960584470681949,3625
"{Sequencing_platform=Hiseq 4000,volume=60}","{Classification=Rare}",0.00374073196783954,0.939393939393939,0.960584470681949,3626
"{size_fraction=0.22-3 µm,device=membrane,method=filter>filter,Sequencing_platform=Hiseq 4000,volume=10}","{Classification=Rare}",0.00333403351016523,0.966321243523316,0.988119191845572,3631
"{size_fraction=0.22-3 µm,method=filter>filter,Sequencing_platform=Hiseq 4000,volume=10}","{Classification=Rare}",0.00333403351016523,0.966321243523316,0.988119191845572,3632
"{size_fraction=0.22-3 µm,device=membrane,method=filter>filter,Sequencing_platform=Hiseq 4000}","{Classification=Rare}",0.00333403351016523,0.966321243523316,0.988119191845572,3634
"{size_fraction=0.22-3 µm,method=filter>filter,Sequencing_platform=Hiseq 4000}","{Classification=Rare}",0.00333403351016523,0.966321243523316,0.988119191845572,3635
"{size_fraction=3-20 µm,device=membrane,method=filter>filter,Sequencing_platform=Hiseq 4000,volume=10}","{Classification=Rare}",0.00261449008504914,0.895865237366003,0.916073862891619,3638
"{size_fraction=3-20 µm,method=filter>filter,Sequencing_platform=Hiseq 4000,volume=10}","{Classification=Rare}",0.00261449008504914,0.895865237366003,0.916073862891619,3639
"{device=membrane,method=filter>filter,Sequencing_platform=Hiseq 4000,volume=10}","{Classification=Rare}",0.00594852359521437,0.934035087719298,0.955104735840708,3641
"{method=filter>filter,Sequencing_platform=Hiseq 4000,volume=10}","{Classification=Rare}",0.00594852359521437,0.934035087719298,0.955104735840708,3642
"{size_fraction=3-20 µm,device=membrane,method=filter>filter,Sequencing_platform=Hiseq 4000}","{Classification=Rare}",0.00261449008504914,0.895865237366003,0.916073862891619,3645
"{size_fraction=3-20 µm,method=filter>filter,Sequencing_platform=Hiseq 4000}","{Classification=Rare}",0.00261449008504914,0.895865237366003,0.916073862891619,3646
"{device=membrane,method=filter>filter,Sequencing_platform=Hiseq 4000}","{Classification=Rare}",0.00594852359521437,0.934035087719298,0.955104735840708,3648
"{method=filter>filter,Sequencing_platform=Hiseq 4000}","{Classification=Rare}",0.00594852359521437,0.934035087719298,0.955104735840708,3649
"{size_fraction=>0.22 µm,device=sterivex,method=filter,Sequencing_platform=Hiseq 4000,volume=10}","{Classification=Rare}",0.00265471300943451,0.964285714285714,0.986037745826748,3654
"{size_fraction=>0.22 µm,device=sterivex,method=filter,Sequencing_platform=Hiseq 4000}","{Classification=Rare}",0.00879988201275514,0.964723174914258,0.986485074544436,3655
"{device=sterivex,method=filter,Sequencing_platform=Hiseq 4000,volume=10}","{Classification=Rare}",0.00265471300943451,0.964285714285714,0.986037745826748,3657
"{device=sterivex,method=filter,Sequencing_platform=Hiseq 4000}","{Classification=Rare}",0.00879988201275514,0.964723174914258,0.986485074544436,3658
"{size_fraction=>0.22 µm,device=sterivex,Sequencing_platform=Hiseq 4000,volume=10}","{Classification=Rare}",0.00265471300943451,0.964285714285714,0.986037745826748,3661
"{size_fraction=>0.22 µm,device=sterivex,Sequencing_platform=Hiseq 4000}","{Classification=Rare}",0.00879988201275514,0.964723174914258,0.986485074544436,3662
"{device=sterivex,Sequencing_platform=Hiseq 4000,volume=10}","{Classification=Rare}",0.00265471300943451,0.964285714285714,0.986037745826748,3664
"{device=sterivex,Sequencing_platform=Hiseq 4000}","{Classification=Rare}",0.00879988201275514,0.964723174914258,0.986485074544436,3665
"{size_fraction=>0.22 µm,device=membrane,method=filter,Sequencing_platform=Hiseq 4000,volume=10}","{Classification=Rare}",0.00249829052571362,0.967128027681661,0.988944175168541,3669
"{size_fraction=>0.22 µm,method=filter,Sequencing_platform=Hiseq 4000,volume=10}","{Classification=Rare}",0.00515300353514813,0.965661641541039,0.9874447107845,3670
"{size_fraction=>0.22 µm,device=membrane,method=filter,Sequencing_platform=Hiseq 4000}","{Classification=Rare}",0.00249829052571362,0.967128027681661,0.988944175168541,3672
"{size_fraction=>0.22 µm,method=filter,Sequencing_platform=Hiseq 4000}","{Classification=Rare}",0.0112981725384688,0.965253913707522,0.987027785564189,3673
"{device=membrane,method=filter,Sequencing_platform=Hiseq 4000,volume=10}","{Classification=Rare}",0.00249829052571362,0.967128027681661,0.988944175168541,3676
"{method=filter,Sequencing_platform=Hiseq 4000,volume=10}","{Classification=Rare}",0.00515300353514813,0.965661641541039,0.9874447107845,3677
"{device=membrane,method=filter,Sequencing_platform=Hiseq 4000}","{Classification=Rare}",0.00249829052571362,0.967128027681661,0.988944175168541,3679
"{method=filter,Sequencing_platform=Hiseq 4000}","{Classification=Rare}",0.0112981725384688,0.965253913707522,0.987027785564189,3680
"{size_fraction=>0.22 µm,device=membrane,Sequencing_platform=Hiseq 4000,volume=10}","{Classification=Rare}",0.00249829052571362,0.967128027681661,0.988944175168541,3684
"{size_fraction=>0.22 µm,Sequencing_platform=Hiseq 4000,volume=10}","{Classification=Rare}",0.00515300353514813,0.965661641541039,0.9874447107845,3685
"{size_fraction=>0.22 µm,device=membrane,Sequencing_platform=Hiseq 4000}","{Classification=Rare}",0.00249829052571362,0.967128027681661,0.988944175168541,3687
"{size_fraction=>0.22 µm,Sequencing_platform=Hiseq 4000}","{Classification=Rare}",0.0112981725384688,0.965253913707522,0.987027785564189,3688
"{size_fraction=0.22-3 µm,device=membrane,method=filter>filter>filter,Sequencing_platform=Hiseq 4000}","{Classification=Rare}",0.00259214401594615,0.961857379767827,0.983554633758761,3691
"{size_fraction=0.22-3 µm,method=filter>filter>filter,Sequencing_platform=Hiseq 4000}","{Classification=Rare}",0.00259214401594615,0.961857379767827,0.983554633758761,3692
"{size_fraction=0.22-3 µm,device=membrane,Sequencing_platform=Hiseq 4000,volume=10}","{Classification=Rare}",0.00333403351016523,0.966321243523316,0.988119191845572,3694
"{size_fraction=0.22-3 µm,Sequencing_platform=Hiseq 4000,volume=10}","{Classification=Rare}",0.00333403351016523,0.966321243523316,0.988119191845572,3695
"{size_fraction=0.22-3 µm,device=membrane,method=filter>filter>filtrate>filter,Sequencing_platform=Hiseq 4000,volume=100}","{Classification=Rare}",0.00310610360531479,0.955983493810179,0.977548246665062,3697
"{size_fraction=0.22-3 µm,method=filter>filter>filtrate>filter,Sequencing_platform=Hiseq 4000,volume=100}","{Classification=Rare}",0.00310610360531479,0.955983493810179,0.977548246665062,3698
"{size_fraction=0.22-3 µm,device=membrane,Sequencing_platform=Hiseq 4000,volume=100}","{Classification=Rare}",0.00399100794179296,0.957127545551983,0.978718105539756,3700
"{size_fraction=0.22-3 µm,Sequencing_platform=Hiseq 4000,volume=100}","{Classification=Rare}",0.00399100794179296,0.957127545551983,0.978718105539756,3701
"{size_fraction=0.22-3 µm,device=membrane,method=filter>filter>filtrate>filter,Sequencing_platform=Hiseq 4000}","{Classification=Rare}",0.0047731203603974,0.956989247311828,0.978576687614598,3704
"{size_fraction=0.22-3 µm,method=filter>filter>filtrate>filter,Sequencing_platform=Hiseq 4000}","{Classification=Rare}",0.0047731203603974,0.956989247311828,0.978576687614598,3705
"{size_fraction=0.22-3 µm,device=membrane,Sequencing_platform=Hiseq 4000}","{Classification=Rare}",0.0106992978865088,0.961059815335207,0.982739078136975,3707
"{size_fraction=0.22-3 µm,Sequencing_platform=Hiseq 4000}","{Classification=Rare}",0.0106992978865088,0.961059815335207,0.982739078136975,3708
"{size_fraction=3-20 µm,device=membrane,method=filter>filter>filter,Sequencing_platform=Hiseq 4000}","{Classification=Rare}",0.00252063659481661,0.959183673469388,0.980820614896447,3714
"{size_fraction=3-20 µm,method=filter>filter>filter,Sequencing_platform=Hiseq 4000}","{Classification=Rare}",0.00252063659481661,0.959183673469388,0.980820614896447,3715
"{device=membrane,method=filter>filter>filter,Sequencing_platform=Hiseq 4000,volume=100}","{Classification=Rare}",0.00239996782166049,0.938811188811189,0.959988574608326,3717
"{method=filter>filter>filter,Sequencing_platform=Hiseq 4000,volume=100}","{Classification=Rare}",0.00239996782166049,0.938811188811189,0.959988574608326,3718
"{size_fraction=>20 µm,device=membrane,method=filter>filter>filter,Sequencing_platform=Hiseq 4000}","{Classification=Rare}",0.00220332241355423,0.874113475177305,0.893831431796193,3720
"{size_fraction=>20 µm,method=filter>filter>filter,Sequencing_platform=Hiseq 4000}","{Classification=Rare}",0.00220332241355423,0.874113475177305,0.893831431796193,3721
"{device=membrane,method=filter>filter>filter,Sequencing_platform=Hiseq 4000}","{Classification=Rare}",0.00731610302431699,0.932763532763533,0.953804497577605,3723
"{method=filter>filter>filter,Sequencing_platform=Hiseq 4000}","{Classification=Rare}",0.00731610302431699,0.932763532763533,0.953804497577605,3724
"{size_fraction=3-20 µm,device=membrane,Sequencing_platform=Hiseq 4000,volume=10}","{Classification=Rare}",0.00261449008504914,0.895865237366003,0.916073862891619,3729
"{size_fraction=3-20 µm,Sequencing_platform=Hiseq 4000,volume=10}","{Classification=Rare}",0.00261449008504914,0.895865237366003,0.916073862891619,3730
"{device=membrane,Sequencing_platform=Hiseq 4000,volume=10}","{Classification=Rare}",0.00844681412092799,0.943584623065402,0.964869686380642,3732
"{Sequencing_platform=Hiseq 4000,volume=10}","{Classification=Rare}",0.0111015271303625,0.948453608247423,0.969848504486331,3733
"{size_fraction=3-20 µm,device=membrane,method=filter>filter>filtrate>filter,Sequencing_platform=Hiseq 4000,volume=100}","{Classification=Rare}",0.0029496811215939,0.955137481910275,0.976683150714386,3736
"{size_fraction=3-20 µm,method=filter>filter>filtrate>filter,Sequencing_platform=Hiseq 4000,volume=100}","{Classification=Rare}",0.0029496811215939,0.955137481910275,0.976683150714386,3737
"{size_fraction=3-20 µm,device=membrane,Sequencing_platform=Hiseq 4000,volume=100}","{Classification=Rare}",0.00370050904345417,0.953917050691244,0.975435189420008,3739
"{size_fraction=3-20 µm,Sequencing_platform=Hiseq 4000,volume=100}","{Classification=Rare}",0.00370050904345417,0.953917050691244,0.975435189420008,3740
"{size_fraction=3-20 µm,device=membrane,method=filter>filter>filtrate>filter,Sequencing_platform=Hiseq 4000}","{Classification=Rare}",0.00450943674498219,0.954588457899716,0.976121742005581,3743
"{size_fraction=3-20 µm,method=filter>filter>filtrate>filter,Sequencing_platform=Hiseq 4000}","{Classification=Rare}",0.00450943674498219,0.954588457899716,0.976121742005581,3744
"{size_fraction=3-20 µm,device=membrane,Sequencing_platform=Hiseq 4000}","{Classification=Rare}",0.00964456342484793,0.939077458659704,0.960260850882174,3746
"{size_fraction=3-20 µm,Sequencing_platform=Hiseq 4000}","{Classification=Rare}",0.00964456342484793,0.939077458659704,0.960260850882174,3747
"{size_fraction=>20 µm,device=membrane,method=filter>filter>filtrate>filter,Sequencing_platform=Hiseq 4000,volume=100}","{Classification=Rare}",0.00290498898338793,0.906555090655509,0.927004854282081,3751
"{size_fraction=>20 µm,method=filter>filter>filtrate>filter,Sequencing_platform=Hiseq 4000,volume=100}","{Classification=Rare}",0.00290498898338793,0.906555090655509,0.927004854282081,3752
"{size_fraction=>20 µm,device=membrane,Sequencing_platform=Hiseq 4000,volume=100}","{Classification=Rare}",0.00366922454670999,0.906181015452539,0.926622340816993,3754
"{size_fraction=>20 µm,Sequencing_platform=Hiseq 4000,volume=100}","{Classification=Rare}",0.00366922454670999,0.906181015452539,0.926622340816993,3755
"{device=membrane,method=filter>filter>filtrate>filter,Sequencing_platform=Hiseq 4000,volume=100}","{Classification=Rare}",0.00896077371029662,0.939110070257611,0.960294198121496,3758
"{method=filter>filter>filtrate>filter,Sequencing_platform=Hiseq 4000,volume=100}","{Classification=Rare}",0.00896077371029662,0.939110070257611,0.960294198121496,3759
"{device=membrane,Sequencing_platform=Hiseq 4000,volume=100}","{Classification=Rare}",0.0113607415319571,0.939046915404507,0.96022961864254,3761
"{Sequencing_platform=Hiseq 4000,volume=100}","{Classification=Rare}",0.0113607415319571,0.939046915404507,0.96022961864254,3762
"{size_fraction=>20 µm,device=membrane,method=filter>filter>filtrate>filter,Sequencing_platform=Hiseq 4000}","{Classification=Rare}",0.0040669845767431,0.915492957746479,0.936144338760918,3766
"{size_fraction=>20 µm,method=filter>filter>filtrate>filter,Sequencing_platform=Hiseq 4000}","{Classification=Rare}",0.0040669845767431,0.915492957746479,0.936144338760918,3767
"{size_fraction=>20 µm,device=membrane,Sequencing_platform=Hiseq 4000}","{Classification=Rare}",0.00627030699029734,0.900513478818999,0.92082695780578,3769
"{size_fraction=>20 µm,Sequencing_platform=Hiseq 4000}","{Classification=Rare}",0.00627030699029734,0.900513478818999,0.92082695780578,3770
"{device=membrane,method=filter>filter>filtrate>filter,Sequencing_platform=Hiseq 4000}","{Classification=Rare}",0.0133495416821227,0.94316387748658,0.964439449765123,3773
"{method=filter>filter>filtrate>filter,Sequencing_platform=Hiseq 4000}","{Classification=Rare}",0.0133495416821227,0.94316387748658,0.964439449765123,3774
"{device=membrane,Sequencing_platform=Hiseq 4000}","{Classification=Rare}",0.0291124588273677,0.940649819494585,0.961868680501843,3776
"{Sequencing_platform=Hiseq 4000}","{Classification=Rare}",0.0379123408401228,0.94612982377872,0.967472300872235,3777
"{size_fraction=>20 µm,Sequencing_strategy=MetaB18SV9,device=membrane,method=filter>filter>filter,Sequencing_platform=Hiseq 2500R,volume=30}","{Classification=Rare}",0.0023910293940193,0.974499089253188,0.996481510658077,3795
"{size_fraction=>20 µm,Sequencing_strategy=MetaB18SV9,method=filter>filter>filter,Sequencing_platform=Hiseq 2500R,volume=30}","{Classification=Rare}",0.0023910293940193,0.974499089253188,0.996481510658077,3796
"{Sequencing_strategy=MetaB18SV9,device=membrane,method=filter>filter>filter,Sequencing_platform=Hiseq 2500R,volume=30}","{Classification=Rare}",0.0023910293940193,0.974499089253188,0.996481510658077,3798
"{Sequencing_strategy=MetaB18SV9,method=filter>filter>filter,Sequencing_platform=Hiseq 2500R,volume=30}","{Classification=Rare}",0.0023910293940193,0.974499089253188,0.996481510658077,3799
"{size_fraction=>20 µm,Sequencing_strategy=MetaB18SV9,device=membrane,Sequencing_platform=Hiseq 2500R,volume=30}","{Classification=Rare}",0.0023910293940193,0.974499089253188,0.996481510658077,3802
"{size_fraction=>20 µm,Sequencing_strategy=MetaB18SV9,Sequencing_platform=Hiseq 2500R,volume=30}","{Classification=Rare}",0.0023910293940193,0.974499089253188,0.996481510658077,3803
"{Sequencing_strategy=MetaB18SV9,device=membrane,Sequencing_platform=Hiseq 2500R,volume=30}","{Classification=Rare}",0.0023910293940193,0.974499089253188,0.996481510658077,3805
"{Sequencing_strategy=MetaB18SV9,Sequencing_platform=Hiseq 2500R,volume=30}","{Classification=Rare}",0.0023910293940193,0.974499089253188,0.996481510658077,3806
"{size_fraction=>20 µm,device=membrane,method=filter>filter>filter,Sequencing_platform=Hiseq 2500R,volume=30}","{Classification=Rare}",0.0023910293940193,0.974499089253188,0.996481510658077,3810
"{size_fraction=>20 µm,method=filter>filter>filter,Sequencing_platform=Hiseq 2500R,volume=30}","{Classification=Rare}",0.0023910293940193,0.974499089253188,0.996481510658077,3811
"{device=membrane,method=filter>filter>filter,Sequencing_platform=Hiseq 2500R,volume=30}","{Classification=Rare}",0.0023910293940193,0.974499089253188,0.996481510658077,3813
"{method=filter>filter>filter,Sequencing_platform=Hiseq 2500R,volume=30}","{Classification=Rare}",0.0023910293940193,0.974499089253188,0.996481510658077,3814
"{size_fraction=>20 µm,device=membrane,Sequencing_platform=Hiseq 2500R,volume=30}","{Classification=Rare}",0.0023910293940193,0.974499089253188,0.996481510658077,3817
"{size_fraction=>20 µm,Sequencing_platform=Hiseq 2500R,volume=30}","{Classification=Rare}",0.0023910293940193,0.974499089253188,0.996481510658077,3818
"{device=membrane,Sequencing_platform=Hiseq 2500R,volume=30}","{Classification=Rare}",0.0023910293940193,0.974499089253188,0.996481510658077,3820
"{Sequencing_platform=Hiseq 2500R,volume=30}","{Classification=Rare}",0.0023910293940193,0.974499089253188,0.996481510658077,3821
"{size_fraction=>20 µm,Sequencing_strategy=MetaB18SV9,device=membrane,method=filter>filter>filter,volume=30}","{Classification=Rare}",0.0023910293940193,0.974499089253188,0.996481510658077,3826
"{size_fraction=>20 µm,Sequencing_strategy=MetaB18SV9,method=filter>filter>filter,volume=30}","{Classification=Rare}",0.0023910293940193,0.974499089253188,0.996481510658077,3827
"{Sequencing_strategy=MetaB18SV9,device=membrane,method=filter>filter>filter,volume=30}","{Classification=Rare}",0.0023910293940193,0.974499089253188,0.996481510658077,3829
"{Sequencing_strategy=MetaB18SV9,method=filter>filter>filter,volume=30}","{Classification=Rare}",0.0023910293940193,0.974499089253188,0.996481510658077,3830
"{size_fraction=>20 µm,Sequencing_strategy=MetaB18SV9,device=membrane,volume=30}","{Classification=Rare}",0.0023910293940193,0.974499089253188,0.996481510658077,3833
"{size_fraction=>20 µm,Sequencing_strategy=MetaB18SV9,volume=30}","{Classification=Rare}",0.0023910293940193,0.974499089253188,0.996481510658077,3834
"{Sequencing_strategy=MetaB18SV9,device=membrane,volume=30}","{Classification=Rare}",0.0023910293940193,0.974499089253188,0.996481510658077,3836
"{Sequencing_strategy=MetaB18SV9,volume=30}","{Classification=Rare}",0.0023910293940193,0.974499089253188,0.996481510658077,3837
"{size_fraction=>20 µm,Sequencing_strategy=MetaB16SV4V5 Sizing 500 bp,device=membrane,method=filter>filter>filter,Sequencing_platform=Hiseq 2500 Rapid,volume=30}","{Classification=Rare}",0.00767810934378534,0.910439851616322,0.930977246368915,3841
"{size_fraction=>20 µm,Sequencing_strategy=MetaB16SV4V5 Sizing 500 bp,method=filter>filter>filter,Sequencing_platform=Hiseq 2500 Rapid,volume=30}","{Classification=Rare}",0.00767810934378534,0.910439851616322,0.930977246368915,3842
"{size_fraction=>20 µm,Sequencing_strategy=MetaB16SV4V5 Sizing 500 bp,device=membrane,method=filter>filter>filter,volume=30}","{Classification=Rare}",0.00767810934378534,0.910439851616322,0.930977246368915,3844
"{size_fraction=>20 µm,Sequencing_strategy=MetaB16SV4V5 Sizing 500 bp,method=filter>filter>filter,volume=30}","{Classification=Rare}",0.00767810934378534,0.910439851616322,0.930977246368915,3845
"{Sequencing_strategy=MetaB16SV4V5 Sizing 500 bp,device=membrane,method=filter>filter>filter,Sequencing_platform=Hiseq 2500 Rapid,volume=30}","{Classification=Rare}",0.00767810934378534,0.910439851616322,0.930977246368915,3848
"{Sequencing_strategy=MetaB16SV4V5 Sizing 500 bp,method=filter>filter>filter,Sequencing_platform=Hiseq 2500 Rapid,volume=30}","{Classification=Rare}",0.00767810934378534,0.910439851616322,0.930977246368915,3849
"{Sequencing_strategy=MetaB16SV4V5 Sizing 500 bp,device=membrane,method=filter>filter>filter,volume=30}","{Classification=Rare}",0.00767810934378534,0.910439851616322,0.930977246368915,3851
"{Sequencing_strategy=MetaB16SV4V5 Sizing 500 bp,method=filter>filter>filter,volume=30}","{Classification=Rare}",0.00767810934378534,0.910439851616322,0.930977246368915,3852
"{size_fraction=>20 µm,Sequencing_strategy=MetaB16SV4V5 Sizing 500 bp,device=membrane,Sequencing_platform=Hiseq 2500 Rapid,volume=30}","{Classification=Rare}",0.00767810934378534,0.910439851616322,0.930977246368915,3856
"{size_fraction=>20 µm,Sequencing_strategy=MetaB16SV4V5 Sizing 500 bp,Sequencing_platform=Hiseq 2500 Rapid,volume=30}","{Classification=Rare}",0.00767810934378534,0.910439851616322,0.930977246368915,3857
"{size_fraction=>20 µm,Sequencing_strategy=MetaB16SV4V5 Sizing 500 bp,device=membrane,volume=30}","{Classification=Rare}",0.00767810934378534,0.910439851616322,0.930977246368915,3859
"{size_fraction=>20 µm,Sequencing_strategy=MetaB16SV4V5 Sizing 500 bp,volume=30}","{Classification=Rare}",0.00767810934378534,0.910439851616322,0.930977246368915,3860
"{Sequencing_strategy=MetaB16SV4V5 Sizing 500 bp,device=membrane,Sequencing_platform=Hiseq 2500 Rapid,volume=30}","{Classification=Rare}",0.00767810934378534,0.910439851616322,0.930977246368915,3863
"{Sequencing_strategy=MetaB16SV4V5 Sizing 500 bp,Sequencing_platform=Hiseq 2500 Rapid,volume=30}","{Classification=Rare}",0.00767810934378534,0.910439851616322,0.930977246368915,3864
"{Sequencing_strategy=MetaB16SV4V5 Sizing 500 bp,device=membrane,volume=30}","{Classification=Rare}",0.00767810934378534,0.910439851616322,0.930977246368915,3866
"{Sequencing_strategy=MetaB16SV4V5 Sizing 500 bp,volume=30}","{Classification=Rare}",0.00767810934378534,0.910439851616322,0.930977246368915,3867
"{size_fraction=>20 µm,Sequencing_strategy=MetaB16SV4V5 Sizing 400 bp,device=membrane,method=filter>filter>filter,Sequencing_platform=Hiseq 2500 Rapid,volume=30}","{Classification=Rare}",0.0148556667396638,0.989285714285714,1.01160168738522,3872
"{size_fraction=>20 µm,Sequencing_strategy=MetaB16SV4V5 Sizing 400 bp,method=filter>filter>filter,Sequencing_platform=Hiseq 2500 Rapid,volume=30}","{Classification=Rare}",0.0148556667396638,0.989285714285714,1.01160168738522,3873
"{size_fraction=>20 µm,Sequencing_strategy=MetaB16SV4V5 Sizing 400 bp,device=membrane,method=filter>filter>filter,volume=30}","{Classification=Rare}",0.0148556667396638,0.989285714285714,1.01160168738522,3875
"{size_fraction=>20 µm,Sequencing_strategy=MetaB16SV4V5 Sizing 400 bp,method=filter>filter>filter,volume=30}","{Classification=Rare}",0.0148556667396638,0.989285714285714,1.01160168738522,3876
"{Sequencing_strategy=MetaB16SV4V5 Sizing 400 bp,device=membrane,method=filter>filter>filter,Sequencing_platform=Hiseq 2500 Rapid,volume=30}","{Classification=Rare}",0.0148556667396638,0.989285714285714,1.01160168738522,3879
"{Sequencing_strategy=MetaB16SV4V5 Sizing 400 bp,method=filter>filter>filter,Sequencing_platform=Hiseq 2500 Rapid,volume=30}","{Classification=Rare}",0.0148556667396638,0.989285714285714,1.01160168738522,3880
"{Sequencing_strategy=MetaB16SV4V5 Sizing 400 bp,device=membrane,method=filter>filter>filter,volume=30}","{Classification=Rare}",0.0148556667396638,0.989285714285714,1.01160168738522,3882
"{Sequencing_strategy=MetaB16SV4V5 Sizing 400 bp,method=filter>filter>filter,volume=30}","{Classification=Rare}",0.0148556667396638,0.989285714285714,1.01160168738522,3883
"{size_fraction=>20 µm,Sequencing_strategy=MetaB16SV4V5,device=membrane,method=filter>filter>filter,Sequencing_platform=Hiseq 2500 Rapid,volume=30}","{Classification=Rare}",0.014288076584448,0.98886483142592,1.01117131039199,3887
"{size_fraction=>20 µm,Sequencing_strategy=MetaB16SV4V5,method=filter>filter>filter,Sequencing_platform=Hiseq 2500 Rapid,volume=30}","{Classification=Rare}",0.014288076584448,0.98886483142592,1.01117131039199,3888
"{size_fraction=>20 µm,Sequencing_strategy=MetaB16SV4V5,device=membrane,method=filter>filter>filter,volume=30}","{Classification=Rare}",0.014288076584448,0.98886483142592,1.01117131039199,3890
"{size_fraction=>20 µm,Sequencing_strategy=MetaB16SV4V5,method=filter>filter>filter,volume=30}","{Classification=Rare}",0.014288076584448,0.98886483142592,1.01117131039199,3891
"{size_fraction=>20 µm,device=membrane,method=filter>filter>filter,Sequencing_platform=Hiseq 2500 Rapid,volume=30}","{Classification=Rare}",0.0368218526678972,0.971580188679245,0.993496766510587,3894
"{size_fraction=>20 µm,method=filter>filter>filter,Sequencing_platform=Hiseq 2500 Rapid,volume=30}","{Classification=Rare}",0.0368218526678972,0.971580188679245,0.993496766510587,3895
"{size_fraction=>20 µm,device=membrane,method=filter>filter>filter,volume=30}","{Classification=Rare}",0.0395704191675642,0.969557599649584,0.991428552600545,3897
"{size_fraction=>20 µm,method=filter>filter>filter,volume=30}","{Classification=Rare}",0.0395704191675642,0.969557599649584,0.991428552600545,3898
"{Sequencing_strategy=MetaB16SV4V5,device=membrane,method=filter>filter>filter,Sequencing_platform=Hiseq 2500 Rapid,volume=30}","{Classification=Rare}",0.014288076584448,0.98886483142592,1.01117131039199,3902
"{Sequencing_strategy=MetaB16SV4V5,method=filter>filter>filter,Sequencing_platform=Hiseq 2500 Rapid,volume=30}","{Classification=Rare}",0.014288076584448,0.98886483142592,1.01117131039199,3903
"{Sequencing_strategy=MetaB16SV4V5,device=membrane,method=filter>filter>filter,volume=30}","{Classification=Rare}",0.014288076584448,0.98886483142592,1.01117131039199,3905
"{Sequencing_strategy=MetaB16SV4V5,method=filter>filter>filter,volume=30}","{Classification=Rare}",0.014288076584448,0.98886483142592,1.01117131039199,3906
"{device=membrane,method=filter>filter>filter,Sequencing_platform=Hiseq 2500 Rapid,volume=30}","{Classification=Rare}",0.0368218526678972,0.971580188679245,0.993496766510587,3909
"{method=filter>filter>filter,Sequencing_platform=Hiseq 2500 Rapid,volume=30}","{Classification=Rare}",0.0368218526678972,0.971580188679245,0.993496766510587,3910
"{device=membrane,method=filter>filter>filter,volume=30}","{Classification=Rare}",0.0395704191675642,0.969557599649584,0.991428552600545,3912
"{method=filter>filter>filter,volume=30}","{Classification=Rare}",0.0395704191675642,0.969557599649584,0.991428552600545,3913
"{size_fraction=>20 µm,Sequencing_strategy=MetaB16SV4V5 Sizing 400 bp,device=membrane,Sequencing_platform=Hiseq 2500 Rapid,volume=30}","{Classification=Rare}",0.0148556667396638,0.989285714285714,1.01160168738522,3919
"{size_fraction=>20 µm,Sequencing_strategy=MetaB16SV4V5 Sizing 400 bp,Sequencing_platform=Hiseq 2500 Rapid,volume=30}","{Classification=Rare}",0.0148556667396638,0.989285714285714,1.01160168738522,3920
"{size_fraction=>20 µm,Sequencing_strategy=MetaB16SV4V5 Sizing 400 bp,device=membrane,volume=30}","{Classification=Rare}",0.0148556667396638,0.989285714285714,1.01160168738522,3922
"{size_fraction=>20 µm,Sequencing_strategy=MetaB16SV4V5 Sizing 400 bp,volume=30}","{Classification=Rare}",0.0148556667396638,0.989285714285714,1.01160168738522,3923
"{Sequencing_strategy=MetaB16SV4V5 Sizing 400 bp,device=membrane,Sequencing_platform=Hiseq 2500 Rapid,volume=30}","{Classification=Rare}",0.0148556667396638,0.989285714285714,1.01160168738522,3926
"{Sequencing_strategy=MetaB16SV4V5 Sizing 400 bp,Sequencing_platform=Hiseq 2500 Rapid,volume=30}","{Classification=Rare}",0.0148556667396638,0.989285714285714,1.01160168738522,3927
"{Sequencing_strategy=MetaB16SV4V5 Sizing 400 bp,device=membrane,volume=30}","{Classification=Rare}",0.0148556667396638,0.989285714285714,1.01160168738522,3929
"{Sequencing_strategy=MetaB16SV4V5 Sizing 400 bp,volume=30}","{Classification=Rare}",0.0148556667396638,0.989285714285714,1.01160168738522,3930
"{size_fraction=>20 µm,Sequencing_strategy=MetaB16SV4V5,device=membrane,Sequencing_platform=Hiseq 2500 Rapid,volume=30}","{Classification=Rare}",0.014288076584448,0.98886483142592,1.01117131039199,3934
"{size_fraction=>20 µm,Sequencing_strategy=MetaB16SV4V5,Sequencing_platform=Hiseq 2500 Rapid,volume=30}","{Classification=Rare}",0.014288076584448,0.98886483142592,1.01117131039199,3935
"{size_fraction=>20 µm,Sequencing_strategy=MetaB16SV4V5,device=membrane,volume=30}","{Classification=Rare}",0.014288076584448,0.98886483142592,1.01117131039199,3937
"{size_fraction=>20 µm,Sequencing_strategy=MetaB16SV4V5,volume=30}","{Classification=Rare}",0.014288076584448,0.98886483142592,1.01117131039199,3938
"{size_fraction=>20 µm,device=membrane,Sequencing_platform=Hiseq 2500 Rapid,volume=30}","{Classification=Rare}",0.0368218526678972,0.971580188679245,0.993496766510587,3941
"{size_fraction=>20 µm,Sequencing_platform=Hiseq 2500 Rapid,volume=30}","{Classification=Rare}",0.0368218526678972,0.971580188679245,0.993496766510587,3942
"{size_fraction=>20 µm,device=membrane,volume=30}","{Classification=Rare}",0.0395704191675642,0.969557599649584,0.991428552600545,3944
"{size_fraction=>20 µm,volume=30}","{Classification=Rare}",0.0395704191675642,0.969557599649584,0.991428552600545,3945
"{Sequencing_strategy=MetaB16SV4V5,device=membrane,Sequencing_platform=Hiseq 2500 Rapid,volume=30}","{Classification=Rare}",0.014288076584448,0.98886483142592,1.01117131039199,3949
"{Sequencing_strategy=MetaB16SV4V5,Sequencing_platform=Hiseq 2500 Rapid,volume=30}","{Classification=Rare}",0.014288076584448,0.98886483142592,1.01117131039199,3950
"{Sequencing_strategy=MetaB16SV4V5,device=membrane,volume=30}","{Classification=Rare}",0.014288076584448,0.98886483142592,1.01117131039199,3952
"{Sequencing_strategy=MetaB16SV4V5,volume=30}","{Classification=Rare}",0.014288076584448,0.98886483142592,1.01117131039199,3953
"{device=membrane,Sequencing_platform=Hiseq 2500 Rapid,volume=30}","{Classification=Rare}",0.0368218526678972,0.971580188679245,0.993496766510587,3956
"{Sequencing_platform=Hiseq 2500 Rapid,volume=30}","{Classification=Rare}",0.0368218526678972,0.971580188679245,0.993496766510587,3957
"{device=membrane,volume=30}","{Classification=Rare}",0.0395704191675642,0.969557599649584,0.991428552600545,3959
"{volume=30}","{Classification=Rare}",0.0395704191675642,0.969557599649584,0.991428552600545,3960
"{size_fraction=>20 µm,Sequencing_strategy=MetaB18SV9,device=membrane,method=filter>filter>filter,Sequencing_platform=Hiseq 2500R,volume=120}","{Classification=Rare}",0.00306588068092942,0.98,1.00210650909207,3970
"{size_fraction=>20 µm,Sequencing_strategy=MetaB18SV9,method=filter>filter>filter,Sequencing_platform=Hiseq 2500R,volume=120}","{Classification=Rare}",0.00306588068092942,0.98,1.00210650909207,3971
"{Sequencing_strategy=MetaB18SV9,device=membrane,method=filter>filter>filter,Sequencing_platform=Hiseq 2500R,volume=120}","{Classification=Rare}",0.00306588068092942,0.98,1.00210650909207,3973
"{Sequencing_strategy=MetaB18SV9,method=filter>filter>filter,Sequencing_platform=Hiseq 2500R,volume=120}","{Classification=Rare}",0.00306588068092942,0.98,1.00210650909207,3974
"{size_fraction=>20 µm,Sequencing_strategy=MetaB18SV9,device=membrane,Sequencing_platform=Hiseq 2500R,volume=120}","{Classification=Rare}",0.00306588068092942,0.98,1.00210650909207,3977
"{size_fraction=>20 µm,Sequencing_strategy=MetaB18SV9,Sequencing_platform=Hiseq 2500R,volume=120}","{Classification=Rare}",0.00306588068092942,0.98,1.00210650909207,3978
"{Sequencing_strategy=MetaB18SV9,device=membrane,Sequencing_platform=Hiseq 2500R,volume=120}","{Classification=Rare}",0.00306588068092942,0.98,1.00210650909207,3980
"{Sequencing_strategy=MetaB18SV9,Sequencing_platform=Hiseq 2500R,volume=120}","{Classification=Rare}",0.00306588068092942,0.98,1.00210650909207,3981
"{size_fraction=>20 µm,device=membrane,method=filter>filter>filter,Sequencing_platform=Hiseq 2500R,volume=120}","{Classification=Rare}",0.00306588068092942,0.98,1.00210650909207,3985
"{size_fraction=>20 µm,method=filter>filter>filter,Sequencing_platform=Hiseq 2500R,volume=120}","{Classification=Rare}",0.00306588068092942,0.98,1.00210650909207,3986
"{device=membrane,method=filter>filter>filter,Sequencing_platform=Hiseq 2500R,volume=120}","{Classification=Rare}",0.00306588068092942,0.98,1.00210650909207,3988
"{method=filter>filter>filter,Sequencing_platform=Hiseq 2500R,volume=120}","{Classification=Rare}",0.00306588068092942,0.98,1.00210650909207,3989
"{size_fraction=>20 µm,device=membrane,Sequencing_platform=Hiseq 2500R,volume=120}","{Classification=Rare}",0.00306588068092942,0.98,1.00210650909207,3992
"{size_fraction=>20 µm,Sequencing_platform=Hiseq 2500R,volume=120}","{Classification=Rare}",0.00306588068092942,0.98,1.00210650909207,3993
"{device=membrane,Sequencing_platform=Hiseq 2500R,volume=120}","{Classification=Rare}",0.00306588068092942,0.98,1.00210650909207,3995
"{Sequencing_platform=Hiseq 2500R,volume=120}","{Classification=Rare}",0.00306588068092942,0.98,1.00210650909207,3996
"{size_fraction=>20 µm,Sequencing_strategy=MetaB18SV9,device=membrane,method=filter>filter>filter,volume=120}","{Classification=Rare}",0.00306588068092942,0.98,1.00210650909207,4001
"{size_fraction=>20 µm,Sequencing_strategy=MetaB18SV9,method=filter>filter>filter,volume=120}","{Classification=Rare}",0.00306588068092942,0.98,1.00210650909207,4002
"{Sequencing_strategy=MetaB18SV9,device=membrane,method=filter>filter>filter,volume=120}","{Classification=Rare}",0.00306588068092942,0.98,1.00210650909207,4004
"{Sequencing_strategy=MetaB18SV9,method=filter>filter>filter,volume=120}","{Classification=Rare}",0.00306588068092942,0.98,1.00210650909207,4005
"{size_fraction=>20 µm,Sequencing_strategy=MetaB18SV9,device=membrane,volume=120}","{Classification=Rare}",0.00306588068092942,0.98,1.00210650909207,4008
"{size_fraction=>20 µm,Sequencing_strategy=MetaB18SV9,volume=120}","{Classification=Rare}",0.00306588068092942,0.98,1.00210650909207,4009
"{Sequencing_strategy=MetaB18SV9,device=membrane,volume=120}","{Classification=Rare}",0.00306588068092942,0.98,1.00210650909207,4011
"{Sequencing_strategy=MetaB18SV9,volume=120}","{Classification=Rare}",0.00306588068092942,0.98,1.00210650909207,4012
"{size_fraction=>20 µm,Sequencing_strategy=MetaB16SV4V5 Sizing 500 bp,device=membrane,method=filter>filter>filter,Sequencing_platform=Hiseq 2500 Rapid,volume=120}","{Classification=Rare}",0.00774961676491488,0.931757119828049,0.952775382318949,4016
"{size_fraction=>20 µm,Sequencing_strategy=MetaB16SV4V5 Sizing 500 bp,method=filter>filter>filter,Sequencing_platform=Hiseq 2500 Rapid,volume=120}","{Classification=Rare}",0.00774961676491488,0.931757119828049,0.952775382318949,4017
"{size_fraction=>20 µm,Sequencing_strategy=MetaB16SV4V5 Sizing 500 bp,device=membrane,method=filter>filter>filter,volume=120}","{Classification=Rare}",0.00774961676491488,0.931757119828049,0.952775382318949,4019
"{size_fraction=>20 µm,Sequencing_strategy=MetaB16SV4V5 Sizing 500 bp,method=filter>filter>filter,volume=120}","{Classification=Rare}",0.00774961676491488,0.931757119828049,0.952775382318949,4020
"{Sequencing_strategy=MetaB16SV4V5 Sizing 500 bp,device=membrane,method=filter>filter>filter,Sequencing_platform=Hiseq 2500 Rapid,volume=120}","{Classification=Rare}",0.00774961676491488,0.931757119828049,0.952775382318949,4023
"{Sequencing_strategy=MetaB16SV4V5 Sizing 500 bp,method=filter>filter>filter,Sequencing_platform=Hiseq 2500 Rapid,volume=120}","{Classification=Rare}",0.00774961676491488,0.931757119828049,0.952775382318949,4024
"{Sequencing_strategy=MetaB16SV4V5 Sizing 500 bp,device=membrane,method=filter>filter>filter,volume=120}","{Classification=Rare}",0.00774961676491488,0.931757119828049,0.952775382318949,4026
"{Sequencing_strategy=MetaB16SV4V5 Sizing 500 bp,method=filter>filter>filter,volume=120}","{Classification=Rare}",0.00774961676491488,0.931757119828049,0.952775382318949,4027
"{size_fraction=>20 µm,Sequencing_strategy=MetaB16SV4V5 Sizing 500 bp,device=membrane,Sequencing_platform=Hiseq 2500 Rapid,volume=120}","{Classification=Rare}",0.00774961676491488,0.931757119828049,0.952775382318949,4031
"{size_fraction=>20 µm,Sequencing_strategy=MetaB16SV4V5 Sizing 500 bp,Sequencing_platform=Hiseq 2500 Rapid,volume=120}","{Classification=Rare}",0.00774961676491488,0.931757119828049,0.952775382318949,4032
"{size_fraction=>20 µm,Sequencing_strategy=MetaB16SV4V5 Sizing 500 bp,device=membrane,volume=120}","{Classification=Rare}",0.00774961676491488,0.931757119828049,0.952775382318949,4034
"{size_fraction=>20 µm,Sequencing_strategy=MetaB16SV4V5 Sizing 500 bp,volume=120}","{Classification=Rare}",0.00774961676491488,0.931757119828049,0.952775382318949,4035
"{Sequencing_strategy=MetaB16SV4V5 Sizing 500 bp,device=membrane,Sequencing_platform=Hiseq 2500 Rapid,volume=120}","{Classification=Rare}",0.00774961676491488,0.931757119828049,0.952775382318949,4038
"{Sequencing_strategy=MetaB16SV4V5 Sizing 500 bp,Sequencing_platform=Hiseq 2500 Rapid,volume=120}","{Classification=Rare}",0.00774961676491488,0.931757119828049,0.952775382318949,4039
"{Sequencing_strategy=MetaB16SV4V5 Sizing 500 bp,device=membrane,volume=120}","{Classification=Rare}",0.00774961676491488,0.931757119828049,0.952775382318949,4041
"{Sequencing_strategy=MetaB16SV4V5 Sizing 500 bp,volume=120}","{Classification=Rare}",0.00774961676491488,0.931757119828049,0.952775382318949,4042
"{size_fraction=>20 µm,Sequencing_strategy=MetaB16SV4V5 Sizing 400 bp,device=membrane,method=filter>filter>filter,Sequencing_platform=Hiseq 2500 Rapid,volume=120}","{Classification=Rare}",0.0147528748217901,0.977784360189573,0.999840889626938,4047
"{size_fraction=>20 µm,Sequencing_strategy=MetaB16SV4V5 Sizing 400 bp,method=filter>filter>filter,Sequencing_platform=Hiseq 2500 Rapid,volume=120}","{Classification=Rare}",0.0147528748217901,0.977784360189573,0.999840889626938,4048
"{size_fraction=>20 µm,Sequencing_strategy=MetaB16SV4V5 Sizing 400 bp,device=membrane,method=filter>filter>filter,volume=120}","{Classification=Rare}",0.0147528748217901,0.977784360189573,0.999840889626938,4050
"{size_fraction=>20 µm,Sequencing_strategy=MetaB16SV4V5 Sizing 400 bp,method=filter>filter>filter,volume=120}","{Classification=Rare}",0.0147528748217901,0.977784360189573,0.999840889626938,4051
"{Sequencing_strategy=MetaB16SV4V5 Sizing 400 bp,device=membrane,method=filter>filter>filter,Sequencing_platform=Hiseq 2500 Rapid,volume=120}","{Classification=Rare}",0.0147528748217901,0.977784360189573,0.999840889626938,4054
"{Sequencing_strategy=MetaB16SV4V5 Sizing 400 bp,method=filter>filter>filter,Sequencing_platform=Hiseq 2500 Rapid,volume=120}","{Classification=Rare}",0.0147528748217901,0.977784360189573,0.999840889626938,4055
"{Sequencing_strategy=MetaB16SV4V5 Sizing 400 bp,device=membrane,method=filter>filter>filter,volume=120}","{Classification=Rare}",0.0147528748217901,0.977784360189573,0.999840889626938,4057
"{Sequencing_strategy=MetaB16SV4V5 Sizing 400 bp,method=filter>filter>filter,volume=120}","{Classification=Rare}",0.0147528748217901,0.977784360189573,0.999840889626938,4058
"{size_fraction=>20 µm,Sequencing_strategy=MetaB16SV4V5,device=membrane,method=filter>filter>filter,Sequencing_platform=Hiseq 2500 Rapid,volume=120}","{Classification=Rare}",0.0136445097942821,0.976023017902813,0.99803981557561,4062
"{size_fraction=>20 µm,Sequencing_strategy=MetaB16SV4V5,method=filter>filter>filter,Sequencing_platform=Hiseq 2500 Rapid,volume=120}","{Classification=Rare}",0.0136445097942821,0.976023017902813,0.99803981557561,4063
"{size_fraction=>20 µm,Sequencing_strategy=MetaB16SV4V5,device=membrane,method=filter>filter>filter,volume=120}","{Classification=Rare}",0.0136445097942821,0.976023017902813,0.99803981557561,4065
"{size_fraction=>20 µm,Sequencing_strategy=MetaB16SV4V5,method=filter>filter>filter,volume=120}","{Classification=Rare}",0.0136445097942821,0.976023017902813,0.99803981557561,4066
"{size_fraction=>20 µm,device=membrane,method=filter>filter>filter,Sequencing_platform=Hiseq 2500 Rapid,volume=120}","{Classification=Rare}",0.0361470013809871,0.966885833831441,0.988696517991227,4069
"{size_fraction=>20 µm,method=filter>filter>filter,Sequencing_platform=Hiseq 2500 Rapid,volume=120}","{Classification=Rare}",0.0361470013809871,0.966885833831441,0.988696517991227,4070
"{size_fraction=>20 µm,device=membrane,method=filter>filter>filter,volume=120}","{Classification=Rare}",0.0400307481910857,0.967905770477631,0.98973946202389,4072
"{size_fraction=>20 µm,method=filter>filter>filter,volume=120}","{Classification=Rare}",0.0400307481910857,0.967905770477631,0.98973946202389,4073
"{Sequencing_strategy=MetaB16SV4V5,device=membrane,method=filter>filter>filter,Sequencing_platform=Hiseq 2500 Rapid,volume=120}","{Classification=Rare}",0.0136445097942821,0.976023017902813,0.99803981557561,4077
"{Sequencing_strategy=MetaB16SV4V5,method=filter>filter>filter,Sequencing_platform=Hiseq 2500 Rapid,volume=120}","{Classification=Rare}",0.0136445097942821,0.976023017902813,0.99803981557561,4078
"{Sequencing_strategy=MetaB16SV4V5,device=membrane,method=filter>filter>filter,volume=120}","{Classification=Rare}",0.0136445097942821,0.976023017902813,0.99803981557561,4080
"{Sequencing_strategy=MetaB16SV4V5,method=filter>filter>filter,volume=120}","{Classification=Rare}",0.0136445097942821,0.976023017902813,0.99803981557561,4081
"{device=membrane,method=filter>filter>filter,Sequencing_platform=Hiseq 2500 Rapid,volume=120}","{Classification=Rare}",0.0361470013809871,0.966885833831441,0.988696517991227,4084
"{method=filter>filter>filter,Sequencing_platform=Hiseq 2500 Rapid,volume=120}","{Classification=Rare}",0.0361470013809871,0.966885833831441,0.988696517991227,4085
"{device=membrane,method=filter>filter>filter,volume=120}","{Classification=Rare}",0.0400307481910857,0.967905770477631,0.98973946202389,4087
"{method=filter>filter>filter,volume=120}","{Classification=Rare}",0.0400307481910857,0.967905770477631,0.98973946202389,4088
"{size_fraction=>20 µm,Sequencing_strategy=MetaB16SV4V5 Sizing 400 bp,device=membrane,Sequencing_platform=Hiseq 2500 Rapid,volume=120}","{Classification=Rare}",0.0147528748217901,0.977784360189573,0.999840889626938,4094
"{size_fraction=>20 µm,Sequencing_strategy=MetaB16SV4V5 Sizing 400 bp,Sequencing_platform=Hiseq 2500 Rapid,volume=120}","{Classification=Rare}",0.0147528748217901,0.977784360189573,0.999840889626938,4095
"{size_fraction=>20 µm,Sequencing_strategy=MetaB16SV4V5 Sizing 400 bp,device=membrane,volume=120}","{Classification=Rare}",0.0147528748217901,0.977784360189573,0.999840889626938,4097
"{size_fraction=>20 µm,Sequencing_strategy=MetaB16SV4V5 Sizing 400 bp,volume=120}","{Classification=Rare}",0.0147528748217901,0.977784360189573,0.999840889626938,4098
"{Sequencing_strategy=MetaB16SV4V5 Sizing 400 bp,device=membrane,Sequencing_platform=Hiseq 2500 Rapid,volume=120}","{Classification=Rare}",0.0147528748217901,0.977784360189573,0.999840889626938,4101
"{Sequencing_strategy=MetaB16SV4V5 Sizing 400 bp,Sequencing_platform=Hiseq 2500 Rapid,volume=120}","{Classification=Rare}",0.0147528748217901,0.977784360189573,0.999840889626938,4102
"{Sequencing_strategy=MetaB16SV4V5 Sizing 400 bp,device=membrane,volume=120}","{Classification=Rare}",0.0147528748217901,0.977784360189573,0.999840889626938,4104
"{Sequencing_strategy=MetaB16SV4V5 Sizing 400 bp,volume=120}","{Classification=Rare}",0.0147528748217901,0.977784360189573,0.999840889626938,4105
"{size_fraction=>20 µm,Sequencing_strategy=MetaB16SV4V5,device=membrane,Sequencing_platform=Hiseq 2500 Rapid,volume=120}","{Classification=Rare}",0.0136445097942821,0.976023017902813,0.99803981557561,4109
"{size_fraction=>20 µm,Sequencing_strategy=MetaB16SV4V5,Sequencing_platform=Hiseq 2500 Rapid,volume=120}","{Classification=Rare}",0.0136445097942821,0.976023017902813,0.99803981557561,4110
"{size_fraction=>20 µm,Sequencing_strategy=MetaB16SV4V5,device=membrane,volume=120}","{Classification=Rare}",0.0136445097942821,0.976023017902813,0.99803981557561,4112
"{size_fraction=>20 µm,Sequencing_strategy=MetaB16SV4V5,volume=120}","{Classification=Rare}",0.0136445097942821,0.976023017902813,0.99803981557561,4113
"{size_fraction=>20 µm,device=membrane,Sequencing_platform=Hiseq 2500 Rapid,volume=120}","{Classification=Rare}",0.0361470013809871,0.966885833831441,0.988696517991227,4116
"{size_fraction=>20 µm,Sequencing_platform=Hiseq 2500 Rapid,volume=120}","{Classification=Rare}",0.0361470013809871,0.966885833831441,0.988696517991227,4117
"{size_fraction=>20 µm,device=membrane,volume=120}","{Classification=Rare}",0.0400307481910857,0.967905770477631,0.98973946202389,4119
"{size_fraction=>20 µm,volume=120}","{Classification=Rare}",0.0400307481910857,0.967905770477631,0.98973946202389,4120
"{Sequencing_strategy=MetaB16SV4V5,device=membrane,Sequencing_platform=Hiseq 2500 Rapid,volume=120}","{Classification=Rare}",0.0136445097942821,0.976023017902813,0.99803981557561,4124
"{Sequencing_strategy=MetaB16SV4V5,Sequencing_platform=Hiseq 2500 Rapid,volume=120}","{Classification=Rare}",0.0136445097942821,0.976023017902813,0.99803981557561,4125
"{Sequencing_strategy=MetaB16SV4V5,device=membrane,volume=120}","{Classification=Rare}",0.0136445097942821,0.976023017902813,0.99803981557561,4127
"{Sequencing_strategy=MetaB16SV4V5,volume=120}","{Classification=Rare}",0.0136445097942821,0.976023017902813,0.99803981557561,4128
"{device=membrane,Sequencing_platform=Hiseq 2500 Rapid,volume=120}","{Classification=Rare}",0.0361470013809871,0.966885833831441,0.988696517991227,4131
"{Sequencing_platform=Hiseq 2500 Rapid,volume=120}","{Classification=Rare}",0.0361470013809871,0.966885833831441,0.988696517991227,4132
"{device=membrane,volume=120}","{Classification=Rare}",0.0400307481910857,0.967905770477631,0.98973946202389,4134
"{volume=120}","{Classification=Rare}",0.0400307481910857,0.967905770477631,0.98973946202389,4135
"{size_fraction=>0.22 µm,Sequencing_strategy=MetaG,device=sterivex,method=filter,volume=2.5}","{Classification=Rare}",0.0035083328491685,0.964373464373464,0.986127475351347,4145
"{Sequencing_strategy=MetaG,device=sterivex,method=filter,volume=2.5}","{Classification=Rare}",0.0035083328491685,0.964373464373464,0.986127475351347,4146
"{size_fraction=>0.22 µm,Sequencing_strategy=MetaG,device=sterivex,volume=2.5}","{Classification=Rare}",0.0035083328491685,0.964373464373464,0.986127475351347,4148
"{Sequencing_strategy=MetaG,device=sterivex,volume=2.5}","{Classification=Rare}",0.0035083328491685,0.964373464373464,0.986127475351347,4149
"{size_fraction=>0.22 µm,Sequencing_strategy=MetaG,method=filter,volume=2.5}","{Classification=Rare}",0.0035083328491685,0.964373464373464,0.986127475351347,4152
"{Sequencing_strategy=MetaG,method=filter,volume=2.5}","{Classification=Rare}",0.0035083328491685,0.964373464373464,0.986127475351347,4153
"{size_fraction=>0.22 µm,Sequencing_strategy=MetaG,volume=2.5}","{Classification=Rare}",0.0035083328491685,0.964373464373464,0.986127475351347,4155
"{Sequencing_strategy=MetaG,volume=2.5}","{Classification=Rare}",0.0035083328491685,0.964373464373464,0.986127475351347,4156
"{Sequencing_strategy=MetaG,device=membrane,method=filter>filter>filtrate>filter,volume=1000}","{Classification=Rare}",0.0019709232948832,0.954545454545455,0.976077768596174,4160
"{Sequencing_strategy=MetaG,method=filter>filter>filtrate>filter,volume=1000}","{Classification=Rare}",0.0019709232948832,0.954545454545455,0.976077768596174,4161
"{Sequencing_strategy=MetaG,device=membrane,volume=1000}","{Classification=Rare}",0.0019709232948832,0.954545454545455,0.976077768596174,4163
"{Sequencing_strategy=MetaG,volume=1000}","{Classification=Rare}",0.0019709232948832,0.954545454545455,0.976077768596174,4164
"{Sequencing_strategy=MetaG,device=membrane,method=filter>filter>filtrate>filter,volume=496}","{Classification=Rare}",0.00241784467694288,0.949122807017544,0.970532798816346,4167
"{Sequencing_strategy=MetaG,method=filter>filter>filtrate>filter,volume=496}","{Classification=Rare}",0.00241784467694288,0.949122807017544,0.970532798816346,4168
"{Sequencing_strategy=MetaG,device=membrane,volume=496}","{Classification=Rare}",0.00241784467694288,0.949122807017544,0.970532798816346,4170
"{Sequencing_strategy=MetaG,volume=496}","{Classification=Rare}",0.00241784467694288,0.949122807017544,0.970532798816346,4171
"{size_fraction=0.22-3 µm,Sequencing_strategy=MetaG,device=membrane,method=filter>filter>filter,volume=60}","{Classification=Rare}",0.00170723967946798,0.962216624685139,0.983921982401613,4174
"{size_fraction=0.22-3 µm,Sequencing_strategy=MetaG,method=filter>filter>filter,volume=60}","{Classification=Rare}",0.00170723967946798,0.962216624685139,0.983921982401613,4175
"{size_fraction=0.22-3 µm,Sequencing_strategy=MetaG,device=membrane,volume=60}","{Classification=Rare}",0.00170723967946798,0.962216624685139,0.983921982401613,4177
"{size_fraction=0.22-3 µm,Sequencing_strategy=MetaG,volume=60}","{Classification=Rare}",0.00170723967946798,0.962216624685139,0.983921982401613,4178
"{size_fraction=3-20 µm,Sequencing_strategy=MetaG,device=membrane,method=filter>filter>filter,volume=60}","{Classification=Rare}",0.00176980867295634,0.963503649635037,0.985238039625753,4181
"{size_fraction=3-20 µm,Sequencing_strategy=MetaG,method=filter>filter>filter,volume=60}","{Classification=Rare}",0.00176980867295634,0.963503649635037,0.985238039625753,4182
"{Sequencing_strategy=MetaG,device=membrane,method=filter>filter>filter,volume=60}","{Classification=Rare}",0.00374073196783954,0.939393939393939,0.960584470681949,4184
"{Sequencing_strategy=MetaG,method=filter>filter>filter,volume=60}","{Classification=Rare}",0.00374073196783954,0.939393939393939,0.960584470681949,4185
"{size_fraction=3-20 µm,Sequencing_strategy=MetaG,device=membrane,volume=60}","{Classification=Rare}",0.00176980867295634,0.963503649635037,0.985238039625753,4188
"{size_fraction=3-20 µm,Sequencing_strategy=MetaG,volume=60}","{Classification=Rare}",0.00176980867295634,0.963503649635037,0.985238039625753,4189
"{Sequencing_strategy=MetaG,device=membrane,volume=60}","{Classification=Rare}",0.00374073196783954,0.939393939393939,0.960584470681949,4191
"{Sequencing_strategy=MetaG,volume=60}","{Classification=Rare}",0.00374073196783954,0.939393939393939,0.960584470681949,4192
"{size_fraction=0.22-3 µm,Sequencing_strategy=MetaG,device=membrane,method=filter>filter,volume=10}","{Classification=Rare}",0.00333403351016523,0.966321243523316,0.988119191845572,4197
"{size_fraction=0.22-3 µm,Sequencing_strategy=MetaG,method=filter>filter,volume=10}","{Classification=Rare}",0.00333403351016523,0.966321243523316,0.988119191845572,4198
"{size_fraction=0.22-3 µm,Sequencing_strategy=MetaG,device=membrane,method=filter>filter}","{Classification=Rare}",0.00333403351016523,0.966321243523316,0.988119191845572,4200
"{size_fraction=0.22-3 µm,Sequencing_strategy=MetaG,method=filter>filter}","{Classification=Rare}",0.00333403351016523,0.966321243523316,0.988119191845572,4201
"{size_fraction=3-20 µm,Sequencing_strategy=MetaG,device=membrane,method=filter>filter,volume=10}","{Classification=Rare}",0.00261449008504914,0.895865237366003,0.916073862891619,4204
"{size_fraction=3-20 µm,Sequencing_strategy=MetaG,method=filter>filter,volume=10}","{Classification=Rare}",0.00261449008504914,0.895865237366003,0.916073862891619,4205
"{Sequencing_strategy=MetaG,device=membrane,method=filter>filter,volume=10}","{Classification=Rare}",0.00594852359521437,0.934035087719298,0.955104735840708,4207
"{Sequencing_strategy=MetaG,method=filter>filter,volume=10}","{Classification=Rare}",0.00594852359521437,0.934035087719298,0.955104735840708,4208
"{size_fraction=3-20 µm,Sequencing_strategy=MetaG,device=membrane,method=filter>filter}","{Classification=Rare}",0.00261449008504914,0.895865237366003,0.916073862891619,4211
"{size_fraction=3-20 µm,Sequencing_strategy=MetaG,method=filter>filter}","{Classification=Rare}",0.00261449008504914,0.895865237366003,0.916073862891619,4212
"{Sequencing_strategy=MetaG,device=membrane,method=filter>filter}","{Classification=Rare}",0.00594852359521437,0.934035087719298,0.955104735840708,4214
"{Sequencing_strategy=MetaG,method=filter>filter}","{Classification=Rare}",0.00594852359521437,0.934035087719298,0.955104735840708,4215
"{size_fraction=>0.22 µm,Sequencing_strategy=MetaG,device=sterivex,method=filter,volume=10}","{Classification=Rare}",0.00265471300943451,0.964285714285714,0.986037745826748,4220
"{size_fraction=>0.22 µm,Sequencing_strategy=MetaG,device=sterivex,method=filter}","{Classification=Rare}",0.00879988201275514,0.964723174914258,0.986485074544436,4221
"{Sequencing_strategy=MetaG,device=sterivex,method=filter,volume=10}","{Classification=Rare}",0.00265471300943451,0.964285714285714,0.986037745826748,4223
"{Sequencing_strategy=MetaG,device=sterivex,method=filter}","{Classification=Rare}",0.00879988201275514,0.964723174914258,0.986485074544436,4224
"{size_fraction=>0.22 µm,Sequencing_strategy=MetaG,device=sterivex,volume=10}","{Classification=Rare}",0.00265471300943451,0.964285714285714,0.986037745826748,4227
"{size_fraction=>0.22 µm,Sequencing_strategy=MetaG,device=sterivex}","{Classification=Rare}",0.00879988201275514,0.964723174914258,0.986485074544436,4228
"{Sequencing_strategy=MetaG,device=sterivex,volume=10}","{Classification=Rare}",0.00265471300943451,0.964285714285714,0.986037745826748,4230
"{Sequencing_strategy=MetaG,device=sterivex}","{Classification=Rare}",0.00879988201275514,0.964723174914258,0.986485074544436,4231
"{size_fraction=>0.22 µm,Sequencing_strategy=MetaG,device=membrane,method=filter,volume=10}","{Classification=Rare}",0.00249829052571362,0.967128027681661,0.988944175168541,4235
"{size_fraction=>0.22 µm,Sequencing_strategy=MetaG,method=filter,volume=10}","{Classification=Rare}",0.00515300353514813,0.965661641541039,0.9874447107845,4236
"{size_fraction=>0.22 µm,Sequencing_strategy=MetaG,device=membrane,method=filter}","{Classification=Rare}",0.00249829052571362,0.967128027681661,0.988944175168541,4238
"{size_fraction=>0.22 µm,Sequencing_strategy=MetaG,method=filter}","{Classification=Rare}",0.0112981725384688,0.965253913707522,0.987027785564189,4239
"{Sequencing_strategy=MetaG,device=membrane,method=filter,volume=10}","{Classification=Rare}",0.00249829052571362,0.967128027681661,0.988944175168541,4242
"{Sequencing_strategy=MetaG,method=filter,volume=10}","{Classification=Rare}",0.00515300353514813,0.965661641541039,0.9874447107845,4243
"{Sequencing_strategy=MetaG,device=membrane,method=filter}","{Classification=Rare}",0.00249829052571362,0.967128027681661,0.988944175168541,4245
"{Sequencing_strategy=MetaG,method=filter}","{Classification=Rare}",0.0112981725384688,0.965253913707522,0.987027785564189,4246
"{size_fraction=>0.22 µm,Sequencing_strategy=MetaG,device=membrane,volume=10}","{Classification=Rare}",0.00249829052571362,0.967128027681661,0.988944175168541,4250
"{size_fraction=>0.22 µm,Sequencing_strategy=MetaG,volume=10}","{Classification=Rare}",0.00515300353514813,0.965661641541039,0.9874447107845,4251
"{size_fraction=>0.22 µm,Sequencing_strategy=MetaG,device=membrane}","{Classification=Rare}",0.00249829052571362,0.967128027681661,0.988944175168541,4253
"{size_fraction=>0.22 µm,Sequencing_strategy=MetaG}","{Classification=Rare}",0.0112981725384688,0.965253913707522,0.987027785564189,4254
"{size_fraction=0.22-3 µm,Sequencing_strategy=MetaG,device=membrane,method=filter>filter>filter}","{Classification=Rare}",0.00259214401594615,0.961857379767827,0.983554633758761,4257
"{size_fraction=0.22-3 µm,Sequencing_strategy=MetaG,method=filter>filter>filter}","{Classification=Rare}",0.00259214401594615,0.961857379767827,0.983554633758761,4258
"{size_fraction=0.22-3 µm,Sequencing_strategy=MetaG,device=membrane,volume=10}","{Classification=Rare}",0.00333403351016523,0.966321243523316,0.988119191845572,4260
"{size_fraction=0.22-3 µm,Sequencing_strategy=MetaG,volume=10}","{Classification=Rare}",0.00333403351016523,0.966321243523316,0.988119191845572,4261
"{size_fraction=0.22-3 µm,Sequencing_strategy=MetaG,device=membrane,method=filter>filter>filtrate>filter,volume=100}","{Classification=Rare}",0.00310610360531479,0.955983493810179,0.977548246665062,4263
"{size_fraction=0.22-3 µm,Sequencing_strategy=MetaG,method=filter>filter>filtrate>filter,volume=100}","{Classification=Rare}",0.00310610360531479,0.955983493810179,0.977548246665062,4264
"{size_fraction=0.22-3 µm,Sequencing_strategy=MetaG,device=membrane,volume=100}","{Classification=Rare}",0.00399100794179296,0.957127545551983,0.978718105539756,4266
"{size_fraction=0.22-3 µm,Sequencing_strategy=MetaG,volume=100}","{Classification=Rare}",0.00399100794179296,0.957127545551983,0.978718105539756,4267
"{size_fraction=0.22-3 µm,Sequencing_strategy=MetaG,device=membrane,method=filter>filter>filtrate>filter}","{Classification=Rare}",0.00584126246352004,0.958914159941306,0.980545021773203,4270
"{size_fraction=0.22-3 µm,Sequencing_strategy=MetaG,method=filter>filter>filtrate>filter}","{Classification=Rare}",0.00584126246352004,0.958914159941306,0.980545021773203,4271
"{size_fraction=0.22-3 µm,Sequencing_strategy=MetaG,device=membrane}","{Classification=Rare}",0.0117674399896314,0.961650840029218,0.983343434966468,4273
"{size_fraction=0.22-3 µm,Sequencing_strategy=MetaG}","{Classification=Rare}",0.0117674399896314,0.961650840029218,0.983343434966468,4274
"{size_fraction=3-20 µm,Sequencing_strategy=MetaG,device=membrane,method=filter>filter>filter}","{Classification=Rare}",0.00252063659481661,0.959183673469388,0.980820614896447,4280
"{size_fraction=3-20 µm,Sequencing_strategy=MetaG,method=filter>filter>filter}","{Classification=Rare}",0.00252063659481661,0.959183673469388,0.980820614896447,4281
"{Sequencing_strategy=MetaG,device=membrane,method=filter>filter>filter,volume=100}","{Classification=Rare}",0.00239996782166049,0.938811188811189,0.959988574608326,4283
"{Sequencing_strategy=MetaG,method=filter>filter>filter,volume=100}","{Classification=Rare}",0.00239996782166049,0.938811188811189,0.959988574608326,4284
"{size_fraction=>20 µm,Sequencing_strategy=MetaG,device=membrane,method=filter>filter>filter}","{Classification=Rare}",0.00220332241355423,0.874113475177305,0.893831431796193,4286
"{size_fraction=>20 µm,Sequencing_strategy=MetaG,method=filter>filter>filter}","{Classification=Rare}",0.00220332241355423,0.874113475177305,0.893831431796193,4287
"{Sequencing_strategy=MetaG,device=membrane,method=filter>filter>filter}","{Classification=Rare}",0.00731610302431699,0.932763532763533,0.953804497577605,4289
"{Sequencing_strategy=MetaG,method=filter>filter>filter}","{Classification=Rare}",0.00731610302431699,0.932763532763533,0.953804497577605,4290
"{size_fraction=3-20 µm,Sequencing_strategy=MetaG,device=membrane,volume=10}","{Classification=Rare}",0.00261449008504914,0.895865237366003,0.916073862891619,4295
"{size_fraction=3-20 µm,Sequencing_strategy=MetaG,volume=10}","{Classification=Rare}",0.00261449008504914,0.895865237366003,0.916073862891619,4296
"{Sequencing_strategy=MetaG,device=membrane,volume=10}","{Classification=Rare}",0.00844681412092799,0.943584623065402,0.964869686380642,4298
"{Sequencing_strategy=MetaG,volume=10}","{Classification=Rare}",0.0111015271303625,0.948453608247423,0.969848504486331,4299
"{size_fraction=3-20 µm,Sequencing_strategy=MetaG,device=membrane,method=filter>filter>filtrate>filter,volume=100}","{Classification=Rare}",0.0029496811215939,0.955137481910275,0.976683150714386,4302
"{size_fraction=3-20 µm,Sequencing_strategy=MetaG,method=filter>filter>filtrate>filter,volume=100}","{Classification=Rare}",0.0029496811215939,0.955137481910275,0.976683150714386,4303
"{size_fraction=3-20 µm,Sequencing_strategy=MetaG,device=membrane,volume=100}","{Classification=Rare}",0.00370050904345417,0.953917050691244,0.975435189420008,4305
"{size_fraction=3-20 µm,Sequencing_strategy=MetaG,volume=100}","{Classification=Rare}",0.00370050904345417,0.953917050691244,0.975435189420008,4306
"{size_fraction=3-20 µm,Sequencing_strategy=MetaG,device=membrane,method=filter>filter>filtrate>filter}","{Classification=Rare}",0.00552394828225767,0.958139534883721,0.97975292298513,4309
"{size_fraction=3-20 µm,Sequencing_strategy=MetaG,method=filter>filter>filtrate>filter}","{Classification=Rare}",0.00552394828225767,0.958139534883721,0.97975292298513,4310
"{size_fraction=3-20 µm,Sequencing_strategy=MetaG,device=membrane}","{Classification=Rare}",0.0106590749621234,0.942315290399052,0.963571720536608,4312
"{size_fraction=3-20 µm,Sequencing_strategy=MetaG}","{Classification=Rare}",0.0106590749621234,0.942315290399052,0.963571720536608,4313
"{size_fraction=>20 µm,Sequencing_strategy=MetaG,device=membrane,method=filter>filter>filtrate>filter,volume=100}","{Classification=Rare}",0.00290498898338793,0.906555090655509,0.927004854282081,4317
"{size_fraction=>20 µm,Sequencing_strategy=MetaG,method=filter>filter>filtrate>filter,volume=100}","{Classification=Rare}",0.00290498898338793,0.906555090655509,0.927004854282081,4318
"{size_fraction=>20 µm,Sequencing_strategy=MetaG,device=membrane,volume=100}","{Classification=Rare}",0.00366922454670999,0.906181015452539,0.926622340816993,4320
"{size_fraction=>20 µm,Sequencing_strategy=MetaG,volume=100}","{Classification=Rare}",0.00366922454670999,0.906181015452539,0.926622340816993,4321
"{Sequencing_strategy=MetaG,device=membrane,method=filter>filter>filtrate>filter,volume=100}","{Classification=Rare}",0.00896077371029662,0.939110070257611,0.960294198121496,4324
"{Sequencing_strategy=MetaG,method=filter>filter>filtrate>filter,volume=100}","{Classification=Rare}",0.00896077371029662,0.939110070257611,0.960294198121496,4325
"{Sequencing_strategy=MetaG,device=membrane,volume=100}","{Classification=Rare}",0.0113607415319571,0.939046915404507,0.96022961864254,4327
"{Sequencing_strategy=MetaG,volume=100}","{Classification=Rare}",0.0113607415319571,0.939046915404507,0.96022961864254,4328
"{size_fraction=>20 µm,Sequencing_strategy=MetaG,device=membrane,method=filter>filter>filtrate>filter}","{Classification=Rare}",0.00502339633435082,0.911597729115977,0.932161242878237,4332
"{size_fraction=>20 µm,Sequencing_strategy=MetaG,method=filter>filter>filtrate>filter}","{Classification=Rare}",0.00502339633435082,0.911597729115977,0.932161242878237,4333
"{size_fraction=>20 µm,Sequencing_strategy=MetaG,device=membrane}","{Classification=Rare}",0.00722671874790506,0.89983305509182,0.920131185309916,4335
"{size_fraction=>20 µm,Sequencing_strategy=MetaG}","{Classification=Rare}",0.00722671874790506,0.89983305509182,0.920131185309916,4336
"{Sequencing_strategy=MetaG,device=membrane,method=filter>filter>filtrate>filter}","{Classification=Rare}",0.0163886070801285,0.943643849716933,0.964930249046979,4339
"{Sequencing_strategy=MetaG,method=filter>filter>filtrate>filter}","{Classification=Rare}",0.0163886070801285,0.943643849716933,0.964930249046979,4340
"{Sequencing_strategy=MetaG,device=membrane}","{Classification=Rare}",0.0321515242253735,0.941130298273155,0.962359997758462,4342
"{Sequencing_strategy=MetaG}","{Classification=Rare}",0.0409514062381287,0.946102219927723,0.967444074342889,4343
"{size_fraction=>0.22 µm,Sequencing_strategy=MetaB18SV9,device=sterivex,method=filter,Sequencing_platform=Hiseq 2500R,volume=2.5}","{Classification=Rare}",0.0116914633546813,0.983458646616541,1.00564317469114,4360
"{Sequencing_strategy=MetaB18SV9,device=sterivex,method=filter,Sequencing_platform=Hiseq 2500R,volume=2.5}","{Classification=Rare}",0.0116914633546813,0.983458646616541,1.00564317469114,4361
"{size_fraction=>0.22 µm,Sequencing_strategy=MetaB18SV9,device=sterivex,Sequencing_platform=Hiseq 2500R,volume=2.5}","{Classification=Rare}",0.0116914633546813,0.983458646616541,1.00564317469114,4363
"{Sequencing_strategy=MetaB18SV9,device=sterivex,Sequencing_platform=Hiseq 2500R,volume=2.5}","{Classification=Rare}",0.0116914633546813,0.983458646616541,1.00564317469114,4364
"{size_fraction=>0.22 µm,Sequencing_strategy=MetaB18SV9,method=filter,Sequencing_platform=Hiseq 2500R,volume=2.5}","{Classification=Rare}",0.0116914633546813,0.983458646616541,1.00564317469114,4367
"{Sequencing_strategy=MetaB18SV9,method=filter,Sequencing_platform=Hiseq 2500R,volume=2.5}","{Classification=Rare}",0.0116914633546813,0.983458646616541,1.00564317469114,4368
"{size_fraction=>0.22 µm,Sequencing_strategy=MetaB18SV9,Sequencing_platform=Hiseq 2500R,volume=2.5}","{Classification=Rare}",0.0116914633546813,0.983458646616541,1.00564317469114,4370
"{Sequencing_strategy=MetaB18SV9,Sequencing_platform=Hiseq 2500R,volume=2.5}","{Classification=Rare}",0.0116914633546813,0.983458646616541,1.00564317469114,4371
"{size_fraction=>0.22 µm,device=sterivex,method=filter,Sequencing_platform=Hiseq 2500R,volume=2.5}","{Classification=Rare}",0.0116914633546813,0.983458646616541,1.00564317469114,4375
"{device=sterivex,method=filter,Sequencing_platform=Hiseq 2500R,volume=2.5}","{Classification=Rare}",0.0116914633546813,0.983458646616541,1.00564317469114,4376
"{size_fraction=>0.22 µm,device=sterivex,Sequencing_platform=Hiseq 2500R,volume=2.5}","{Classification=Rare}",0.0116914633546813,0.983458646616541,1.00564317469114,4378
"{device=sterivex,Sequencing_platform=Hiseq 2500R,volume=2.5}","{Classification=Rare}",0.0116914633546813,0.983458646616541,1.00564317469114,4379
"{size_fraction=>0.22 µm,method=filter,Sequencing_platform=Hiseq 2500R,volume=2.5}","{Classification=Rare}",0.0116914633546813,0.983458646616541,1.00564317469114,4382
"{method=filter,Sequencing_platform=Hiseq 2500R,volume=2.5}","{Classification=Rare}",0.0116914633546813,0.983458646616541,1.00564317469114,4383
"{size_fraction=>0.22 µm,Sequencing_platform=Hiseq 2500R,volume=2.5}","{Classification=Rare}",0.0116914633546813,0.983458646616541,1.00564317469114,4385
"{Sequencing_platform=Hiseq 2500R,volume=2.5}","{Classification=Rare}",0.0116914633546813,0.983458646616541,1.00564317469114,4386
"{size_fraction=>0.22 µm,Sequencing_strategy=MetaB18SV9,device=sterivex,method=filter,volume=2.5}","{Classification=Rare}",0.0116914633546813,0.983458646616541,1.00564317469114,4391
"{Sequencing_strategy=MetaB18SV9,device=sterivex,method=filter,volume=2.5}","{Classification=Rare}",0.0116914633546813,0.983458646616541,1.00564317469114,4392
"{size_fraction=>0.22 µm,Sequencing_strategy=MetaB18SV9,device=sterivex,volume=2.5}","{Classification=Rare}",0.0116914633546813,0.983458646616541,1.00564317469114,4394
"{Sequencing_strategy=MetaB18SV9,device=sterivex,volume=2.5}","{Classification=Rare}",0.0116914633546813,0.983458646616541,1.00564317469114,4395
"{size_fraction=>0.22 µm,Sequencing_strategy=MetaB18SV9,method=filter,volume=2.5}","{Classification=Rare}",0.0116914633546813,0.983458646616541,1.00564317469114,4398
"{Sequencing_strategy=MetaB18SV9,method=filter,volume=2.5}","{Classification=Rare}",0.0116914633546813,0.983458646616541,1.00564317469114,4399
"{size_fraction=>0.22 µm,Sequencing_strategy=MetaB18SV9,volume=2.5}","{Classification=Rare}",0.0116914633546813,0.983458646616541,1.00564317469114,4401
"{Sequencing_strategy=MetaB18SV9,volume=2.5}","{Classification=Rare}",0.0116914633546813,0.983458646616541,1.00564317469114,4402
"{size_fraction=>0.22 µm,Sequencing_strategy=MetaB16SV4V5 Sizing 500 bp,device=sterivex,method=filter,Sequencing_platform=Hiseq 2500 Rapid,volume=2.5}","{Classification=Rare}",0.016361791797205,0.974447697631089,0.99642895976112,4406
"{size_fraction=>0.22 µm,Sequencing_strategy=MetaB16SV4V5 Sizing 500 bp,device=sterivex,method=filter,volume=2.5}","{Classification=Rare}",0.016361791797205,0.974447697631089,0.99642895976112,4407
"{size_fraction=>0.22 µm,Sequencing_strategy=MetaB16SV4V5 Sizing 400 bp,device=sterivex,method=filter,Sequencing_platform=Hiseq 2500 Rapid,volume=2.5}","{Classification=Rare}",0.0173852417621216,0.985808413583376,1.00804594690779,4409
"{size_fraction=>0.22 µm,Sequencing_strategy=MetaB16SV4V5 Sizing 400 bp,device=sterivex,method=filter,volume=2.5}","{Classification=Rare}",0.0173852417621216,0.985808413583376,1.00804594690779,4410
"{size_fraction=>0.22 µm,Sequencing_strategy=MetaB16SV4V5,device=sterivex,method=filter,Sequencing_platform=Hiseq 2500 Rapid,volume=2.5}","{Classification=Rare}",0.0249292746912891,0.984468761030709,1.00667607492519,4412
"{size_fraction=>0.22 µm,Sequencing_strategy=MetaB16SV4V5,device=sterivex,method=filter,volume=2.5}","{Classification=Rare}",0.0249292746912891,0.984468761030709,1.00667607492519,4413
"{size_fraction=>0.22 µm,device=sterivex,method=filter,Sequencing_platform=Hiseq 2500 Rapid,volume=2.5}","{Classification=Rare}",0.0586763082506156,0.982048021542374,1.00420072921286,4415
"{size_fraction=>0.22 µm,device=sterivex,method=filter,volume=2.5}","{Classification=Rare}",0.0738761044544654,0.981416612242475,1.00355507679518,4416
"{Sequencing_strategy=MetaB16SV4V5 Sizing 500 bp,device=sterivex,method=filter,Sequencing_platform=Hiseq 2500 Rapid,volume=2.5}","{Classification=Rare}",0.016361791797205,0.974447697631089,0.99642895976112,4421
"{Sequencing_strategy=MetaB16SV4V5 Sizing 500 bp,device=sterivex,method=filter,volume=2.5}","{Classification=Rare}",0.016361791797205,0.974447697631089,0.99642895976112,4422
"{Sequencing_strategy=MetaB16SV4V5 Sizing 400 bp,device=sterivex,method=filter,Sequencing_platform=Hiseq 2500 Rapid,volume=2.5}","{Classification=Rare}",0.0173852417621216,0.985808413583376,1.00804594690779,4424
"{Sequencing_strategy=MetaB16SV4V5 Sizing 400 bp,device=sterivex,method=filter,volume=2.5}","{Classification=Rare}",0.0173852417621216,0.985808413583376,1.00804594690779,4425
"{Sequencing_strategy=MetaB16SV4V5,device=sterivex,method=filter,Sequencing_platform=Hiseq 2500 Rapid,volume=2.5}","{Classification=Rare}",0.0249292746912891,0.984468761030709,1.00667607492519,4427
"{Sequencing_strategy=MetaB16SV4V5,device=sterivex,method=filter,volume=2.5}","{Classification=Rare}",0.0249292746912891,0.984468761030709,1.00667607492519,4428
"{device=sterivex,method=filter,Sequencing_platform=Hiseq 2500 Rapid,volume=2.5}","{Classification=Rare}",0.0586763082506156,0.982048021542374,1.00420072921286,4430
"{device=sterivex,method=filter,volume=2.5}","{Classification=Rare}",0.0738761044544654,0.981416612242475,1.00355507679518,4431
"{size_fraction=>0.22 µm,Sequencing_strategy=MetaB16SV4V5 Sizing 500 bp,device=sterivex,Sequencing_platform=Hiseq 2500 Rapid,volume=2.5}","{Classification=Rare}",0.016361791797205,0.974447697631089,0.99642895976112,4437
"{size_fraction=>0.22 µm,Sequencing_strategy=MetaB16SV4V5 Sizing 500 bp,device=sterivex,volume=2.5}","{Classification=Rare}",0.016361791797205,0.974447697631089,0.99642895976112,4438
"{size_fraction=>0.22 µm,Sequencing_strategy=MetaB16SV4V5 Sizing 400 bp,device=sterivex,Sequencing_platform=Hiseq 2500 Rapid,volume=2.5}","{Classification=Rare}",0.0173852417621216,0.985808413583376,1.00804594690779,4440
"{size_fraction=>0.22 µm,Sequencing_strategy=MetaB16SV4V5 Sizing 400 bp,device=sterivex,volume=2.5}","{Classification=Rare}",0.0173852417621216,0.985808413583376,1.00804594690779,4441
"{size_fraction=>0.22 µm,Sequencing_strategy=MetaB16SV4V5,device=sterivex,Sequencing_platform=Hiseq 2500 Rapid,volume=2.5}","{Classification=Rare}",0.0249292746912891,0.984468761030709,1.00667607492519,4443
"{size_fraction=>0.22 µm,Sequencing_strategy=MetaB16SV4V5,device=sterivex,volume=2.5}","{Classification=Rare}",0.0249292746912891,0.984468761030709,1.00667607492519,4444
"{size_fraction=>0.22 µm,device=sterivex,Sequencing_platform=Hiseq 2500 Rapid,volume=2.5}","{Classification=Rare}",0.0586763082506156,0.982048021542374,1.00420072921286,4446
"{size_fraction=>0.22 µm,device=sterivex,volume=2.5}","{Classification=Rare}",0.0738761044544654,0.981416612242475,1.00355507679518,4447
"{Sequencing_strategy=MetaB16SV4V5 Sizing 500 bp,device=sterivex,Sequencing_platform=Hiseq 2500 Rapid,volume=2.5}","{Classification=Rare}",0.016361791797205,0.974447697631089,0.99642895976112,4452
"{Sequencing_strategy=MetaB16SV4V5 Sizing 500 bp,device=sterivex,volume=2.5}","{Classification=Rare}",0.016361791797205,0.974447697631089,0.99642895976112,4453
"{Sequencing_strategy=MetaB16SV4V5 Sizing 400 bp,device=sterivex,Sequencing_platform=Hiseq 2500 Rapid,volume=2.5}","{Classification=Rare}",0.0173852417621216,0.985808413583376,1.00804594690779,4455
"{Sequencing_strategy=MetaB16SV4V5 Sizing 400 bp,device=sterivex,volume=2.5}","{Classification=Rare}",0.0173852417621216,0.985808413583376,1.00804594690779,4456
"{Sequencing_strategy=MetaB16SV4V5,device=sterivex,Sequencing_platform=Hiseq 2500 Rapid,volume=2.5}","{Classification=Rare}",0.0249292746912891,0.984468761030709,1.00667607492519,4458
"{Sequencing_strategy=MetaB16SV4V5,device=sterivex,volume=2.5}","{Classification=Rare}",0.0249292746912891,0.984468761030709,1.00667607492519,4459
"{device=sterivex,Sequencing_platform=Hiseq 2500 Rapid,volume=2.5}","{Classification=Rare}",0.0586763082506156,0.982048021542374,1.00420072921286,4461
"{device=sterivex,volume=2.5}","{Classification=Rare}",0.0738761044544654,0.981416612242475,1.00355507679518,4462
"{size_fraction=>0.22 µm,Sequencing_strategy=MetaB16SV4V5 Sizing 500 bp,method=filter,Sequencing_platform=Hiseq 2500 Rapid,volume=2.5}","{Classification=Rare}",0.016361791797205,0.974447697631089,0.99642895976112,4469
"{size_fraction=>0.22 µm,Sequencing_strategy=MetaB16SV4V5 Sizing 500 bp,method=filter,volume=2.5}","{Classification=Rare}",0.016361791797205,0.974447697631089,0.99642895976112,4470
"{size_fraction=>0.22 µm,Sequencing_strategy=MetaB16SV4V5 Sizing 400 bp,method=filter,Sequencing_platform=Hiseq 2500 Rapid,volume=2.5}","{Classification=Rare}",0.0173852417621216,0.985808413583376,1.00804594690779,4472
"{size_fraction=>0.22 µm,Sequencing_strategy=MetaB16SV4V5 Sizing 400 bp,method=filter,volume=2.5}","{Classification=Rare}",0.0173852417621216,0.985808413583376,1.00804594690779,4473
"{size_fraction=>0.22 µm,Sequencing_strategy=MetaB16SV4V5,method=filter,Sequencing_platform=Hiseq 2500 Rapid,volume=2.5}","{Classification=Rare}",0.0249292746912891,0.984468761030709,1.00667607492519,4475
"{size_fraction=>0.22 µm,Sequencing_strategy=MetaB16SV4V5,method=filter,volume=2.5}","{Classification=Rare}",0.0249292746912891,0.984468761030709,1.00667607492519,4476
"{size_fraction=>0.22 µm,method=filter,Sequencing_platform=Hiseq 2500 Rapid,volume=2.5}","{Classification=Rare}",0.0586763082506156,0.982048021542374,1.00420072921286,4478
"{size_fraction=>0.22 µm,method=filter,volume=2.5}","{Classification=Rare}",0.0738761044544654,0.981416612242475,1.00355507679518,4479
"{Sequencing_strategy=MetaB16SV4V5 Sizing 500 bp,method=filter,Sequencing_platform=Hiseq 2500 Rapid,volume=2.5}","{Classification=Rare}",0.016361791797205,0.974447697631089,0.99642895976112,4484
"{Sequencing_strategy=MetaB16SV4V5 Sizing 500 bp,method=filter,volume=2.5}","{Classification=Rare}",0.016361791797205,0.974447697631089,0.99642895976112,4485
"{Sequencing_strategy=MetaB16SV4V5 Sizing 400 bp,method=filter,Sequencing_platform=Hiseq 2500 Rapid,volume=2.5}","{Classification=Rare}",0.0173852417621216,0.985808413583376,1.00804594690779,4487
"{Sequencing_strategy=MetaB16SV4V5 Sizing 400 bp,method=filter,volume=2.5}","{Classification=Rare}",0.0173852417621216,0.985808413583376,1.00804594690779,4488
"{Sequencing_strategy=MetaB16SV4V5,method=filter,Sequencing_platform=Hiseq 2500 Rapid,volume=2.5}","{Classification=Rare}",0.0249292746912891,0.984468761030709,1.00667607492519,4490
"{Sequencing_strategy=MetaB16SV4V5,method=filter,volume=2.5}","{Classification=Rare}",0.0249292746912891,0.984468761030709,1.00667607492519,4491
"{method=filter,Sequencing_platform=Hiseq 2500 Rapid,volume=2.5}","{Classification=Rare}",0.0586763082506156,0.982048021542374,1.00420072921286,4493
"{method=filter,volume=2.5}","{Classification=Rare}",0.0738761044544654,0.981416612242475,1.00355507679518,4494
"{size_fraction=>0.22 µm,Sequencing_strategy=MetaB16SV4V5 Sizing 500 bp,Sequencing_platform=Hiseq 2500 Rapid,volume=2.5}","{Classification=Rare}",0.016361791797205,0.974447697631089,0.99642895976112,4500
"{size_fraction=>0.22 µm,Sequencing_strategy=MetaB16SV4V5 Sizing 500 bp,volume=2.5}","{Classification=Rare}",0.016361791797205,0.974447697631089,0.99642895976112,4501
"{size_fraction=>0.22 µm,Sequencing_strategy=MetaB16SV4V5 Sizing 400 bp,Sequencing_platform=Hiseq 2500 Rapid,volume=2.5}","{Classification=Rare}",0.0173852417621216,0.985808413583376,1.00804594690779,4503
"{size_fraction=>0.22 µm,Sequencing_strategy=MetaB16SV4V5 Sizing 400 bp,volume=2.5}","{Classification=Rare}",0.0173852417621216,0.985808413583376,1.00804594690779,4504
"{size_fraction=>0.22 µm,Sequencing_strategy=MetaB16SV4V5,Sequencing_platform=Hiseq 2500 Rapid,volume=2.5}","{Classification=Rare}",0.0249292746912891,0.984468761030709,1.00667607492519,4506
"{size_fraction=>0.22 µm,Sequencing_strategy=MetaB16SV4V5,volume=2.5}","{Classification=Rare}",0.0249292746912891,0.984468761030709,1.00667607492519,4507
"{size_fraction=>0.22 µm,Sequencing_platform=Hiseq 2500 Rapid,volume=2.5}","{Classification=Rare}",0.0586763082506156,0.982048021542374,1.00420072921286,4509
"{size_fraction=>0.22 µm,volume=2.5}","{Classification=Rare}",0.0738761044544654,0.981416612242475,1.00355507679518,4510
"{Sequencing_strategy=MetaB16SV4V5 Sizing 500 bp,Sequencing_platform=Hiseq 2500 Rapid,volume=2.5}","{Classification=Rare}",0.016361791797205,0.974447697631089,0.99642895976112,4515
"{Sequencing_strategy=MetaB16SV4V5 Sizing 500 bp,volume=2.5}","{Classification=Rare}",0.016361791797205,0.974447697631089,0.99642895976112,4516
"{Sequencing_strategy=MetaB16SV4V5 Sizing 400 bp,Sequencing_platform=Hiseq 2500 Rapid,volume=2.5}","{Classification=Rare}",0.0173852417621216,0.985808413583376,1.00804594690779,4518
"{Sequencing_strategy=MetaB16SV4V5 Sizing 400 bp,volume=2.5}","{Classification=Rare}",0.0173852417621216,0.985808413583376,1.00804594690779,4519
"{Sequencing_strategy=MetaB16SV4V5,Sequencing_platform=Hiseq 2500 Rapid,volume=2.5}","{Classification=Rare}",0.0249292746912891,0.984468761030709,1.00667607492519,4521
"{Sequencing_strategy=MetaB16SV4V5,volume=2.5}","{Classification=Rare}",0.0249292746912891,0.984468761030709,1.00667607492519,4522
"{Sequencing_platform=Hiseq 2500 Rapid,volume=2.5}","{Classification=Rare}",0.0586763082506156,0.982048021542374,1.00420072921286,4524
"{volume=2.5}","{Classification=Rare}",0.0738761044544654,0.981416612242475,1.00355507679518,4525
"{size_fraction=0.22-3 µm,Sequencing_strategy=MetaB18SV9,device=membrane,method=filter>filter>filtrate>filter,Sequencing_platform=Hiseq 2500R,volume=1000}","{Classification=Rare}",0.00248041367043123,0.984042553191489,1.00624025283344,4535
"{size_fraction=0.22-3 µm,Sequencing_strategy=MetaB18SV9,method=filter>filter>filtrate>filter,Sequencing_platform=Hiseq 2500R,volume=1000}","{Classification=Rare}",0.00248041367043123,0.984042553191489,1.00624025283344,4536
"{size_fraction=0.22-3 µm,Sequencing_strategy=MetaB18SV9,device=membrane,Sequencing_platform=Hiseq 2500R,volume=1000}","{Classification=Rare}",0.00248041367043123,0.984042553191489,1.00624025283344,4538
"{size_fraction=0.22-3 µm,Sequencing_strategy=MetaB18SV9,Sequencing_platform=Hiseq 2500R,volume=1000}","{Classification=Rare}",0.00248041367043123,0.984042553191489,1.00624025283344,4539
"{size_fraction=3-20 µm,Sequencing_strategy=MetaB18SV9,device=membrane,method=filter>filter>filtrate>filter,Sequencing_platform=Hiseq 2500R,volume=1000}","{Classification=Rare}",0.00404910772146072,0.99016393442623,1.01249971811912,4542
"{size_fraction=3-20 µm,Sequencing_strategy=MetaB18SV9,method=filter>filter>filtrate>filter,Sequencing_platform=Hiseq 2500R,volume=1000}","{Classification=Rare}",0.00404910772146072,0.99016393442623,1.01249971811912,4543
"{size_fraction=3-20 µm,Sequencing_strategy=MetaB18SV9,device=membrane,Sequencing_platform=Hiseq 2500R,volume=1000}","{Classification=Rare}",0.00404910772146072,0.99016393442623,1.01249971811912,4545
"{size_fraction=3-20 µm,Sequencing_strategy=MetaB18SV9,Sequencing_platform=Hiseq 2500R,volume=1000}","{Classification=Rare}",0.00404910772146072,0.99016393442623,1.01249971811912,4546
"{size_fraction=>20 µm,Sequencing_strategy=MetaB18SV9,device=membrane,method=filter>filter>filtrate>filter,Sequencing_platform=Hiseq 2500R,volume=1000}","{Classification=Rare}",0.00195304643960081,0.968957871396896,0.990815295880437,4549
"{size_fraction=>20 µm,Sequencing_strategy=MetaB18SV9,method=filter>filter>filtrate>filter,Sequencing_platform=Hiseq 2500R,volume=1000}","{Classification=Rare}",0.00195304643960081,0.968957871396896,0.990815295880437,4550
"{size_fraction=>20 µm,Sequencing_strategy=MetaB18SV9,device=membrane,Sequencing_platform=Hiseq 2500R,volume=1000}","{Classification=Rare}",0.00195304643960081,0.968957871396896,0.990815295880437,4552
"{size_fraction=>20 µm,Sequencing_strategy=MetaB18SV9,Sequencing_platform=Hiseq 2500R,volume=1000}","{Classification=Rare}",0.00195304643960081,0.968957871396896,0.990815295880437,4553
"{Sequencing_strategy=MetaB18SV9,device=membrane,method=filter>filter>filtrate>filter,Sequencing_platform=Hiseq 2500R,volume=1000}","{Classification=Rare}",0.00848256783149276,0.983419689119171,1.0056033384037,4556
"{Sequencing_strategy=MetaB18SV9,method=filter>filter>filtrate>filter,Sequencing_platform=Hiseq 2500R,volume=1000}","{Classification=Rare}",0.00848256783149276,0.983419689119171,1.0056033384037,4557
"{Sequencing_strategy=MetaB18SV9,device=membrane,Sequencing_platform=Hiseq 2500R,volume=1000}","{Classification=Rare}",0.00848256783149276,0.983419689119171,1.0056033384037,4559
"{Sequencing_strategy=MetaB18SV9,Sequencing_platform=Hiseq 2500R,volume=1000}","{Classification=Rare}",0.00848256783149276,0.983419689119171,1.0056033384037,4560
"{size_fraction=0.22-3 µm,device=membrane,method=filter>filter>filtrate>filter,Sequencing_platform=Hiseq 2500R,volume=1000}","{Classification=Rare}",0.00248041367043123,0.984042553191489,1.00624025283344,4566
"{size_fraction=0.22-3 µm,method=filter>filter>filtrate>filter,Sequencing_platform=Hiseq 2500R,volume=1000}","{Classification=Rare}",0.00248041367043123,0.984042553191489,1.00624025283344,4567
"{size_fraction=0.22-3 µm,device=membrane,Sequencing_platform=Hiseq 2500R,volume=1000}","{Classification=Rare}",0.00248041367043123,0.984042553191489,1.00624025283344,4569
"{size_fraction=0.22-3 µm,Sequencing_platform=Hiseq 2500R,volume=1000}","{Classification=Rare}",0.00248041367043123,0.984042553191489,1.00624025283344,4570
"{size_fraction=3-20 µm,device=membrane,method=filter>filter>filtrate>filter,Sequencing_platform=Hiseq 2500R,volume=1000}","{Classification=Rare}",0.00404910772146072,0.99016393442623,1.01249971811912,4573
"{size_fraction=3-20 µm,method=filter>filter>filtrate>filter,Sequencing_platform=Hiseq 2500R,volume=1000}","{Classification=Rare}",0.00404910772146072,0.99016393442623,1.01249971811912,4574
"{size_fraction=3-20 µm,device=membrane,Sequencing_platform=Hiseq 2500R,volume=1000}","{Classification=Rare}",0.00404910772146072,0.99016393442623,1.01249971811912,4576
"{size_fraction=3-20 µm,Sequencing_platform=Hiseq 2500R,volume=1000}","{Classification=Rare}",0.00404910772146072,0.99016393442623,1.01249971811912,4577
"{size_fraction=>20 µm,device=membrane,method=filter>filter>filtrate>filter,Sequencing_platform=Hiseq 2500R,volume=1000}","{Classification=Rare}",0.00195304643960081,0.968957871396896,0.990815295880437,4580
"{size_fraction=>20 µm,method=filter>filter>filtrate>filter,Sequencing_platform=Hiseq 2500R,volume=1000}","{Classification=Rare}",0.00195304643960081,0.968957871396896,0.990815295880437,4581
"{size_fraction=>20 µm,device=membrane,Sequencing_platform=Hiseq 2500R,volume=1000}","{Classification=Rare}",0.00195304643960081,0.968957871396896,0.990815295880437,4583
"{size_fraction=>20 µm,Sequencing_platform=Hiseq 2500R,volume=1000}","{Classification=Rare}",0.00195304643960081,0.968957871396896,0.990815295880437,4584
"{device=membrane,method=filter>filter>filtrate>filter,Sequencing_platform=Hiseq 2500R,volume=1000}","{Classification=Rare}",0.00848256783149276,0.983419689119171,1.0056033384037,4587
"{method=filter>filter>filtrate>filter,Sequencing_platform=Hiseq 2500R,volume=1000}","{Classification=Rare}",0.00848256783149276,0.983419689119171,1.0056033384037,4588
"{device=membrane,Sequencing_platform=Hiseq 2500R,volume=1000}","{Classification=Rare}",0.00848256783149276,0.983419689119171,1.0056033384037,4590
"{Sequencing_platform=Hiseq 2500R,volume=1000}","{Classification=Rare}",0.00848256783149276,0.983419689119171,1.0056033384037,4591
"{size_fraction=0.22-3 µm,Sequencing_strategy=MetaB18SV9,device=membrane,method=filter>filter>filtrate>filter,volume=1000}","{Classification=Rare}",0.00248041367043123,0.984042553191489,1.00624025283344,4598
"{size_fraction=0.22-3 µm,Sequencing_strategy=MetaB18SV9,method=filter>filter>filtrate>filter,volume=1000}","{Classification=Rare}",0.00248041367043123,0.984042553191489,1.00624025283344,4599
"{size_fraction=0.22-3 µm,Sequencing_strategy=MetaB18SV9,device=membrane,volume=1000}","{Classification=Rare}",0.00248041367043123,0.984042553191489,1.00624025283344,4601
"{size_fraction=0.22-3 µm,Sequencing_strategy=MetaB18SV9,volume=1000}","{Classification=Rare}",0.00248041367043123,0.984042553191489,1.00624025283344,4602
"{size_fraction=3-20 µm,Sequencing_strategy=MetaB18SV9,device=membrane,method=filter>filter>filtrate>filter,volume=1000}","{Classification=Rare}",0.00404910772146072,0.99016393442623,1.01249971811912,4605
"{size_fraction=3-20 µm,Sequencing_strategy=MetaB18SV9,method=filter>filter>filtrate>filter,volume=1000}","{Classification=Rare}",0.00404910772146072,0.99016393442623,1.01249971811912,4606
"{size_fraction=3-20 µm,Sequencing_strategy=MetaB18SV9,device=membrane,volume=1000}","{Classification=Rare}",0.00404910772146072,0.99016393442623,1.01249971811912,4608
"{size_fraction=3-20 µm,Sequencing_strategy=MetaB18SV9,volume=1000}","{Classification=Rare}",0.00404910772146072,0.99016393442623,1.01249971811912,4609
"{size_fraction=>20 µm,Sequencing_strategy=MetaB18SV9,device=membrane,method=filter>filter>filtrate>filter,volume=1000}","{Classification=Rare}",0.00195304643960081,0.968957871396896,0.990815295880437,4612
"{size_fraction=>20 µm,Sequencing_strategy=MetaB18SV9,method=filter>filter>filtrate>filter,volume=1000}","{Classification=Rare}",0.00195304643960081,0.968957871396896,0.990815295880437,4613
"{size_fraction=>20 µm,Sequencing_strategy=MetaB18SV9,device=membrane,volume=1000}","{Classification=Rare}",0.00195304643960081,0.968957871396896,0.990815295880437,4615
"{size_fraction=>20 µm,Sequencing_strategy=MetaB18SV9,volume=1000}","{Classification=Rare}",0.00195304643960081,0.968957871396896,0.990815295880437,4616
"{Sequencing_strategy=MetaB18SV9,device=membrane,method=filter>filter>filtrate>filter,volume=1000}","{Classification=Rare}",0.00848256783149276,0.983419689119171,1.0056033384037,4619
"{Sequencing_strategy=MetaB18SV9,method=filter>filter>filtrate>filter,volume=1000}","{Classification=Rare}",0.00848256783149276,0.983419689119171,1.0056033384037,4620
"{Sequencing_strategy=MetaB18SV9,device=membrane,volume=1000}","{Classification=Rare}",0.00848256783149276,0.983419689119171,1.0056033384037,4622
"{Sequencing_strategy=MetaB18SV9,volume=1000}","{Classification=Rare}",0.00848256783149276,0.983419689119171,1.0056033384037,4623
"{size_fraction=0.22-3 µm,Sequencing_strategy=MetaB16SV4V5 Sizing 500 bp,device=membrane,method=filter>filter>filtrate>filter,Sequencing_platform=Hiseq 2500 Rapid,volume=1000}","{Classification=Rare}",0.00367816297435118,0.978596908442331,1.00067176706881,4629
"{size_fraction=0.22-3 µm,Sequencing_strategy=MetaB16SV4V5 Sizing 500 bp,method=filter>filter>filtrate>filter,Sequencing_platform=Hiseq 2500 Rapid,volume=1000}","{Classification=Rare}",0.00367816297435118,0.978596908442331,1.00067176706881,4630
"{size_fraction=0.22-3 µm,Sequencing_strategy=MetaB16SV4V5 Sizing 500 bp,device=membrane,method=filter>filter>filtrate>filter,volume=1000}","{Classification=Rare}",0.00367816297435118,0.978596908442331,1.00067176706881,4632
"{size_fraction=0.22-3 µm,Sequencing_strategy=MetaB16SV4V5 Sizing 500 bp,method=filter>filter>filtrate>filter,volume=1000}","{Classification=Rare}",0.00367816297435118,0.978596908442331,1.00067176706881,4633
"{size_fraction=0.22-3 µm,Sequencing_strategy=MetaB16SV4V5 Sizing 500 bp,device=membrane,Sequencing_platform=Hiseq 2500 Rapid,volume=1000}","{Classification=Rare}",0.00367816297435118,0.978596908442331,1.00067176706881,4636
"{size_fraction=0.22-3 µm,Sequencing_strategy=MetaB16SV4V5 Sizing 500 bp,Sequencing_platform=Hiseq 2500 Rapid,volume=1000}","{Classification=Rare}",0.00367816297435118,0.978596908442331,1.00067176706881,4637
"{size_fraction=0.22-3 µm,Sequencing_strategy=MetaB16SV4V5 Sizing 500 bp,device=membrane,volume=1000}","{Classification=Rare}",0.00367816297435118,0.978596908442331,1.00067176706881,4639
"{size_fraction=0.22-3 µm,Sequencing_strategy=MetaB16SV4V5 Sizing 500 bp,volume=1000}","{Classification=Rare}",0.00367816297435118,0.978596908442331,1.00067176706881,4640
"{size_fraction=0.22-3 µm,Sequencing_strategy=MetaB16SV4V5 Sizing 400 bp,device=membrane,method=filter>filter>filtrate>filter,Sequencing_platform=Hiseq 2500 Rapid,volume=1000}","{Classification=Rare}",0.00420553020518161,0.984309623430962,1.0065133475532,4644
"{size_fraction=0.22-3 µm,Sequencing_strategy=MetaB16SV4V5 Sizing 400 bp,method=filter>filter>filtrate>filter,Sequencing_platform=Hiseq 2500 Rapid,volume=1000}","{Classification=Rare}",0.00420553020518161,0.984309623430962,1.0065133475532,4645
"{size_fraction=0.22-3 µm,Sequencing_strategy=MetaB16SV4V5 Sizing 400 bp,device=membrane,method=filter>filter>filtrate>filter,volume=1000}","{Classification=Rare}",0.00420553020518161,0.984309623430962,1.0065133475532,4647
"{size_fraction=0.22-3 µm,Sequencing_strategy=MetaB16SV4V5 Sizing 400 bp,method=filter>filter>filtrate>filter,volume=1000}","{Classification=Rare}",0.00420553020518161,0.984309623430962,1.0065133475532,4648
"{size_fraction=0.22-3 µm,Sequencing_strategy=MetaB16SV4V5 Sizing 400 bp,device=membrane,Sequencing_platform=Hiseq 2500 Rapid,volume=1000}","{Classification=Rare}",0.00420553020518161,0.984309623430962,1.0065133475532,4651
"{size_fraction=0.22-3 µm,Sequencing_strategy=MetaB16SV4V5 Sizing 400 bp,Sequencing_platform=Hiseq 2500 Rapid,volume=1000}","{Classification=Rare}",0.00420553020518161,0.984309623430962,1.0065133475532,4652
"{size_fraction=0.22-3 µm,Sequencing_strategy=MetaB16SV4V5 Sizing 400 bp,device=membrane,volume=1000}","{Classification=Rare}",0.00420553020518161,0.984309623430962,1.0065133475532,4654
"{size_fraction=0.22-3 µm,Sequencing_strategy=MetaB16SV4V5 Sizing 400 bp,volume=1000}","{Classification=Rare}",0.00420553020518161,0.984309623430962,1.0065133475532,4655
"{size_fraction=0.22-3 µm,Sequencing_strategy=MetaB16SV4V5,device=membrane,method=filter>filter>filtrate>filter,Sequencing_platform=Hiseq 2500 Rapid,volume=1000}","{Classification=Rare}",0.00469267451162666,0.985915492957746,1.00815544174253,4659
"{size_fraction=0.22-3 µm,Sequencing_strategy=MetaB16SV4V5,method=filter>filter>filtrate>filter,Sequencing_platform=Hiseq 2500 Rapid,volume=1000}","{Classification=Rare}",0.00469267451162666,0.985915492957746,1.00815544174253,4660
"{size_fraction=0.22-3 µm,Sequencing_strategy=MetaB16SV4V5,device=membrane,method=filter>filter>filtrate>filter,volume=1000}","{Classification=Rare}",0.00469267451162666,0.985915492957746,1.00815544174253,4662
"{size_fraction=0.22-3 µm,Sequencing_strategy=MetaB16SV4V5,method=filter>filter>filtrate>filter,volume=1000}","{Classification=Rare}",0.00469267451162666,0.985915492957746,1.00815544174253,4663
"{size_fraction=0.22-3 µm,Sequencing_strategy=MetaB16SV4V5,device=membrane,Sequencing_platform=Hiseq 2500 Rapid,volume=1000}","{Classification=Rare}",0.00469267451162666,0.985915492957746,1.00815544174253,4666
"{size_fraction=0.22-3 µm,Sequencing_strategy=MetaB16SV4V5,Sequencing_platform=Hiseq 2500 Rapid,volume=1000}","{Classification=Rare}",0.00469267451162666,0.985915492957746,1.00815544174253,4667
"{size_fraction=0.22-3 µm,Sequencing_strategy=MetaB16SV4V5,device=membrane,volume=1000}","{Classification=Rare}",0.00469267451162666,0.985915492957746,1.00815544174253,4669
"{size_fraction=0.22-3 µm,Sequencing_strategy=MetaB16SV4V5,volume=1000}","{Classification=Rare}",0.00469267451162666,0.985915492957746,1.00815544174253,4670
"{size_fraction=0.22-3 µm,device=membrane,method=filter>filter>filtrate>filter,Sequencing_platform=Hiseq 2500 Rapid,volume=1000}","{Classification=Rare}",0.0125763676911594,0.983228511530398,1.00540784829543,4674
"{size_fraction=0.22-3 µm,method=filter>filter>filtrate>filter,Sequencing_platform=Hiseq 2500 Rapid,volume=1000}","{Classification=Rare}",0.0125763676911594,0.983228511530398,1.00540784829543,4675
"{size_fraction=0.22-3 µm,device=membrane,method=filter>filter>filtrate>filter,volume=1000}","{Classification=Rare}",0.0158567706354775,0.98200941046222,1.004161247157,4677
"{size_fraction=0.22-3 µm,method=filter>filter>filtrate>filter,volume=1000}","{Classification=Rare}",0.0158567706354775,0.98200941046222,1.004161247157,4678
"{size_fraction=0.22-3 µm,device=membrane,Sequencing_platform=Hiseq 2500 Rapid,volume=1000}","{Classification=Rare}",0.0125763676911594,0.983228511530398,1.00540784829543,4681
"{size_fraction=0.22-3 µm,Sequencing_platform=Hiseq 2500 Rapid,volume=1000}","{Classification=Rare}",0.0125763676911594,0.983228511530398,1.00540784829543,4682
"{size_fraction=0.22-3 µm,device=membrane,volume=1000}","{Classification=Rare}",0.0158567706354775,0.98200941046222,1.004161247157,4684
"{size_fraction=0.22-3 µm,volume=1000}","{Classification=Rare}",0.0158567706354775,0.98200941046222,1.004161247157,4685
"{size_fraction=3-20 µm,Sequencing_strategy=MetaB16SV4V5 Sizing 500 bp,device=membrane,method=filter>filter>filtrate>filter,Sequencing_platform=Hiseq 2500 Rapid,volume=1000}","{Classification=Rare}",0.00520663410099529,0.977348993288591,0.999395701866409,4692
"{size_fraction=3-20 µm,Sequencing_strategy=MetaB16SV4V5 Sizing 500 bp,method=filter>filter>filtrate>filter,Sequencing_platform=Hiseq 2500 Rapid,volume=1000}","{Classification=Rare}",0.00520663410099529,0.977348993288591,0.999395701866409,4693
"{size_fraction=3-20 µm,Sequencing_strategy=MetaB16SV4V5 Sizing 500 bp,device=membrane,method=filter>filter>filtrate>filter,volume=1000}","{Classification=Rare}",0.00520663410099529,0.977348993288591,0.999395701866409,4695
"{size_fraction=3-20 µm,Sequencing_strategy=MetaB16SV4V5 Sizing 500 bp,method=filter>filter>filtrate>filter,volume=1000}","{Classification=Rare}",0.00520663410099529,0.977348993288591,0.999395701866409,4696
"{size_fraction=3-20 µm,Sequencing_strategy=MetaB16SV4V5 Sizing 500 bp,device=membrane,Sequencing_platform=Hiseq 2500 Rapid,volume=1000}","{Classification=Rare}",0.00520663410099529,0.977348993288591,0.999395701866409,4699
"{size_fraction=3-20 µm,Sequencing_strategy=MetaB16SV4V5 Sizing 500 bp,Sequencing_platform=Hiseq 2500 Rapid,volume=1000}","{Classification=Rare}",0.00520663410099529,0.977348993288591,0.999395701866409,4700
"{size_fraction=3-20 µm,Sequencing_strategy=MetaB16SV4V5 Sizing 500 bp,device=membrane,volume=1000}","{Classification=Rare}",0.00520663410099529,0.977348993288591,0.999395701866409,4702
"{size_fraction=3-20 µm,Sequencing_strategy=MetaB16SV4V5 Sizing 500 bp,volume=1000}","{Classification=Rare}",0.00520663410099529,0.977348993288591,0.999395701866409,4703
"{size_fraction=>20 µm,Sequencing_strategy=MetaB16SV4V5 Sizing 500 bp,device=membrane,method=filter>filter>filtrate>filter,Sequencing_platform=Hiseq 2500 Rapid,volume=1000}","{Classification=Rare}",0.00733844909341998,0.970449172576832,0.992340237328836,4707
"{size_fraction=>20 µm,Sequencing_strategy=MetaB16SV4V5 Sizing 500 bp,method=filter>filter>filtrate>filter,Sequencing_platform=Hiseq 2500 Rapid,volume=1000}","{Classification=Rare}",0.00733844909341998,0.970449172576832,0.992340237328836,4708
"{size_fraction=>20 µm,Sequencing_strategy=MetaB16SV4V5 Sizing 500 bp,device=membrane,method=filter>filter>filtrate>filter,volume=1000}","{Classification=Rare}",0.00733844909341998,0.970449172576832,0.992340237328836,4710
"{size_fraction=>20 µm,Sequencing_strategy=MetaB16SV4V5 Sizing 500 bp,method=filter>filter>filtrate>filter,volume=1000}","{Classification=Rare}",0.00733844909341998,0.970449172576832,0.992340237328836,4711
"{size_fraction=>20 µm,Sequencing_strategy=MetaB16SV4V5 Sizing 500 bp,device=membrane,Sequencing_platform=Hiseq 2500 Rapid,volume=1000}","{Classification=Rare}",0.00733844909341998,0.970449172576832,0.992340237328836,4714
"{size_fraction=>20 µm,Sequencing_strategy=MetaB16SV4V5 Sizing 500 bp,Sequencing_platform=Hiseq 2500 Rapid,volume=1000}","{Classification=Rare}",0.00733844909341998,0.970449172576832,0.992340237328836,4715
"{size_fraction=>20 µm,Sequencing_strategy=MetaB16SV4V5 Sizing 500 bp,device=membrane,volume=1000}","{Classification=Rare}",0.00733844909341998,0.970449172576832,0.992340237328836,4717
"{size_fraction=>20 µm,Sequencing_strategy=MetaB16SV4V5 Sizing 500 bp,volume=1000}","{Classification=Rare}",0.00733844909341998,0.970449172576832,0.992340237328836,4718
"{Sequencing_strategy=MetaB16SV4V5 Sizing 500 bp,device=membrane,method=filter>filter>filtrate>filter,Sequencing_platform=Hiseq 2500 Rapid,volume=1000}","{Classification=Rare}",0.0162232461687665,0.974496644295302,0.996479010547657,4722
"{Sequencing_strategy=MetaB16SV4V5 Sizing 500 bp,method=filter>filter>filtrate>filter,Sequencing_platform=Hiseq 2500 Rapid,volume=1000}","{Classification=Rare}",0.0162232461687665,0.974496644295302,0.996479010547657,4723
"{Sequencing_strategy=MetaB16SV4V5 Sizing 500 bp,device=membrane,method=filter>filter>filtrate>filter,volume=1000}","{Classification=Rare}",0.0162232461687665,0.974496644295302,0.996479010547657,4725
"{Sequencing_strategy=MetaB16SV4V5 Sizing 500 bp,method=filter>filter>filtrate>filter,volume=1000}","{Classification=Rare}",0.0162232461687665,0.974496644295302,0.996479010547657,4726
"{Sequencing_strategy=MetaB16SV4V5 Sizing 500 bp,device=membrane,Sequencing_platform=Hiseq 2500 Rapid,volume=1000}","{Classification=Rare}",0.0162232461687665,0.974496644295302,0.996479010547657,4729
"{Sequencing_strategy=MetaB16SV4V5 Sizing 500 bp,Sequencing_platform=Hiseq 2500 Rapid,volume=1000}","{Classification=Rare}",0.0162232461687665,0.974496644295302,0.996479010547657,4730
"{Sequencing_strategy=MetaB16SV4V5 Sizing 500 bp,device=membrane,volume=1000}","{Classification=Rare}",0.0162232461687665,0.974496644295302,0.996479010547657,4732
"{Sequencing_strategy=MetaB16SV4V5 Sizing 500 bp,volume=1000}","{Classification=Rare}",0.0162232461687665,0.974496644295302,0.996479010547657,4733
"{size_fraction=3-20 µm,Sequencing_strategy=MetaB16SV4V5 Sizing 400 bp,device=membrane,method=filter>filter>filtrate>filter,Sequencing_platform=Hiseq 2500 Rapid,volume=1000}","{Classification=Rare}",0.00536752579853678,0.980408163265306,1.0025238795665,4739
"{size_fraction=3-20 µm,Sequencing_strategy=MetaB16SV4V5 Sizing 400 bp,method=filter>filter>filtrate>filter,Sequencing_platform=Hiseq 2500 Rapid,volume=1000}","{Classification=Rare}",0.00536752579853678,0.980408163265306,1.0025238795665,4740
"{size_fraction=3-20 µm,Sequencing_strategy=MetaB16SV4V5 Sizing 400 bp,device=membrane,method=filter>filter>filtrate>filter,volume=1000}","{Classification=Rare}",0.00536752579853678,0.980408163265306,1.0025238795665,4742
"{size_fraction=3-20 µm,Sequencing_strategy=MetaB16SV4V5 Sizing 400 bp,method=filter>filter>filtrate>filter,volume=1000}","{Classification=Rare}",0.00536752579853678,0.980408163265306,1.0025238795665,4743
"{size_fraction=3-20 µm,Sequencing_strategy=MetaB16SV4V5 Sizing 400 bp,device=membrane,Sequencing_platform=Hiseq 2500 Rapid,volume=1000}","{Classification=Rare}",0.00536752579853678,0.980408163265306,1.0025238795665,4746
"{size_fraction=3-20 µm,Sequencing_strategy=MetaB16SV4V5 Sizing 400 bp,Sequencing_platform=Hiseq 2500 Rapid,volume=1000}","{Classification=Rare}",0.00536752579853678,0.980408163265306,1.0025238795665,4747
"{size_fraction=3-20 µm,Sequencing_strategy=MetaB16SV4V5 Sizing 400 bp,device=membrane,volume=1000}","{Classification=Rare}",0.00536752579853678,0.980408163265306,1.0025238795665,4749
"{size_fraction=3-20 µm,Sequencing_strategy=MetaB16SV4V5 Sizing 400 bp,volume=1000}","{Classification=Rare}",0.00536752579853678,0.980408163265306,1.0025238795665,4750
"{size_fraction=>20 µm,Sequencing_strategy=MetaB16SV4V5 Sizing 400 bp,device=membrane,method=filter>filter>filtrate>filter,Sequencing_platform=Hiseq 2500 Rapid,volume=1000}","{Classification=Rare}",0.0150076200095641,0.987647058823529,1.00992606768643,4754
"{size_fraction=>20 µm,Sequencing_strategy=MetaB16SV4V5 Sizing 400 bp,method=filter>filter>filtrate>filter,Sequencing_platform=Hiseq 2500 Rapid,volume=1000}","{Classification=Rare}",0.0150076200095641,0.987647058823529,1.00992606768643,4755
"{size_fraction=>20 µm,Sequencing_strategy=MetaB16SV4V5 Sizing 400 bp,device=membrane,method=filter>filter>filtrate>filter,volume=1000}","{Classification=Rare}",0.0150076200095641,0.987647058823529,1.00992606768643,4757
"{size_fraction=>20 µm,Sequencing_strategy=MetaB16SV4V5 Sizing 400 bp,method=filter>filter>filtrate>filter,volume=1000}","{Classification=Rare}",0.0150076200095641,0.987647058823529,1.00992606768643,4758
"{size_fraction=>20 µm,Sequencing_strategy=MetaB16SV4V5 Sizing 400 bp,device=membrane,Sequencing_platform=Hiseq 2500 Rapid,volume=1000}","{Classification=Rare}",0.0150076200095641,0.987647058823529,1.00992606768643,4761
"{size_fraction=>20 µm,Sequencing_strategy=MetaB16SV4V5 Sizing 400 bp,Sequencing_platform=Hiseq 2500 Rapid,volume=1000}","{Classification=Rare}",0.0150076200095641,0.987647058823529,1.00992606768643,4762
"{size_fraction=>20 µm,Sequencing_strategy=MetaB16SV4V5 Sizing 400 bp,device=membrane,volume=1000}","{Classification=Rare}",0.0150076200095641,0.987647058823529,1.00992606768643,4764
"{size_fraction=>20 µm,Sequencing_strategy=MetaB16SV4V5 Sizing 400 bp,volume=1000}","{Classification=Rare}",0.0150076200095641,0.987647058823529,1.00992606768643,4765
"{Sequencing_strategy=MetaB16SV4V5 Sizing 400 bp,device=membrane,method=filter>filter>filtrate>filter,Sequencing_platform=Hiseq 2500 Rapid,volume=1000}","{Classification=Rare}",0.0245806760132825,0.98548647195843,1.00771674303237,4769
"{Sequencing_strategy=MetaB16SV4V5 Sizing 400 bp,method=filter>filter>filtrate>filter,Sequencing_platform=Hiseq 2500 Rapid,volume=1000}","{Classification=Rare}",0.0245806760132825,0.98548647195843,1.00771674303237,4770
"{Sequencing_strategy=MetaB16SV4V5 Sizing 400 bp,device=membrane,method=filter>filter>filtrate>filter,volume=1000}","{Classification=Rare}",0.0245806760132825,0.98548647195843,1.00771674303237,4772
"{Sequencing_strategy=MetaB16SV4V5 Sizing 400 bp,method=filter>filter>filtrate>filter,volume=1000}","{Classification=Rare}",0.0245806760132825,0.98548647195843,1.00771674303237,4773
"{Sequencing_strategy=MetaB16SV4V5 Sizing 400 bp,device=membrane,Sequencing_platform=Hiseq 2500 Rapid,volume=1000}","{Classification=Rare}",0.0245806760132825,0.98548647195843,1.00771674303237,4776
"{Sequencing_strategy=MetaB16SV4V5 Sizing 400 bp,Sequencing_platform=Hiseq 2500 Rapid,volume=1000}","{Classification=Rare}",0.0245806760132825,0.98548647195843,1.00771674303237,4777
"{Sequencing_strategy=MetaB16SV4V5 Sizing 400 bp,device=membrane,volume=1000}","{Classification=Rare}",0.0245806760132825,0.98548647195843,1.00771674303237,4779
"{Sequencing_strategy=MetaB16SV4V5 Sizing 400 bp,volume=1000}","{Classification=Rare}",0.0245806760132825,0.98548647195843,1.00771674303237,4780
"{size_fraction=3-20 µm,Sequencing_strategy=MetaB16SV4V5,device=membrane,method=filter>filter>filtrate>filter,Sequencing_platform=Hiseq 2500 Rapid,volume=1000}","{Classification=Rare}",0.00611835372039704,0.989161849710983,1.01147502871523,4786
"{size_fraction=3-20 µm,Sequencing_strategy=MetaB16SV4V5,method=filter>filter>filtrate>filter,Sequencing_platform=Hiseq 2500 Rapid,volume=1000}","{Classification=Rare}",0.00611835372039704,0.989161849710983,1.01147502871523,4787
"{size_fraction=3-20 µm,Sequencing_strategy=MetaB16SV4V5,device=membrane,method=filter>filter>filtrate>filter,volume=1000}","{Classification=Rare}",0.00611835372039704,0.989161849710983,1.01147502871523,4789
"{size_fraction=3-20 µm,Sequencing_strategy=MetaB16SV4V5,method=filter>filter>filtrate>filter,volume=1000}","{Classification=Rare}",0.00611835372039704,0.989161849710983,1.01147502871523,4790
"{size_fraction=3-20 µm,Sequencing_strategy=MetaB16SV4V5,device=membrane,Sequencing_platform=Hiseq 2500 Rapid,volume=1000}","{Classification=Rare}",0.00611835372039704,0.989161849710983,1.01147502871523,4793
"{size_fraction=3-20 µm,Sequencing_strategy=MetaB16SV4V5,Sequencing_platform=Hiseq 2500 Rapid,volume=1000}","{Classification=Rare}",0.00611835372039704,0.989161849710983,1.01147502871523,4794
"{size_fraction=3-20 µm,Sequencing_strategy=MetaB16SV4V5,device=membrane,volume=1000}","{Classification=Rare}",0.00611835372039704,0.989161849710983,1.01147502871523,4796
"{size_fraction=3-20 µm,Sequencing_strategy=MetaB16SV4V5,volume=1000}","{Classification=Rare}",0.00611835372039704,0.989161849710983,1.01147502871523,4797
"{size_fraction=3-20 µm,device=membrane,method=filter>filter>filtrate>filter,Sequencing_platform=Hiseq 2500 Rapid,volume=1000}","{Classification=Rare}",0.0166925136199291,0.982636148382005,1.00480212281915,4801
"{size_fraction=3-20 µm,method=filter>filter>filtrate>filter,Sequencing_platform=Hiseq 2500 Rapid,volume=1000}","{Classification=Rare}",0.0166925136199291,0.982636148382005,1.00480212281915,4802
"{size_fraction=3-20 µm,device=membrane,method=filter>filter>filtrate>filter,volume=1000}","{Classification=Rare}",0.0215326721876355,0.983064680677413,1.00524032180138,4804
"{size_fraction=3-20 µm,method=filter>filter>filtrate>filter,volume=1000}","{Classification=Rare}",0.0215326721876355,0.983064680677413,1.00524032180138,4805
"{size_fraction=3-20 µm,device=membrane,Sequencing_platform=Hiseq 2500 Rapid,volume=1000}","{Classification=Rare}",0.0166925136199291,0.982636148382005,1.00480212281915,4808
"{size_fraction=3-20 µm,Sequencing_platform=Hiseq 2500 Rapid,volume=1000}","{Classification=Rare}",0.0166925136199291,0.982636148382005,1.00480212281915,4809
"{size_fraction=3-20 µm,device=membrane,volume=1000}","{Classification=Rare}",0.0215326721876355,0.983064680677413,1.00524032180138,4811
"{size_fraction=3-20 µm,volume=1000}","{Classification=Rare}",0.0215326721876355,0.983064680677413,1.00524032180138,4812
"{size_fraction=>20 µm,Sequencing_strategy=MetaB16SV4V5,device=membrane,method=filter>filter>filtrate>filter,Sequencing_platform=Hiseq 2500 Rapid,volume=1000}","{Classification=Rare}",0.0144132145714247,0.986842105263158,1.00910295625544,4817
"{size_fraction=>20 µm,Sequencing_strategy=MetaB16SV4V5,method=filter>filter>filtrate>filter,Sequencing_platform=Hiseq 2500 Rapid,volume=1000}","{Classification=Rare}",0.0144132145714247,0.986842105263158,1.00910295625544,4818
"{size_fraction=>20 µm,Sequencing_strategy=MetaB16SV4V5,device=membrane,method=filter>filter>filtrate>filter,volume=1000}","{Classification=Rare}",0.0144132145714247,0.986842105263158,1.00910295625544,4820
"{size_fraction=>20 µm,Sequencing_strategy=MetaB16SV4V5,method=filter>filter>filtrate>filter,volume=1000}","{Classification=Rare}",0.0144132145714247,0.986842105263158,1.00910295625544,4821
"{size_fraction=>20 µm,Sequencing_strategy=MetaB16SV4V5,device=membrane,Sequencing_platform=Hiseq 2500 Rapid,volume=1000}","{Classification=Rare}",0.0144132145714247,0.986842105263158,1.00910295625544,4824
"{size_fraction=>20 µm,Sequencing_strategy=MetaB16SV4V5,Sequencing_platform=Hiseq 2500 Rapid,volume=1000}","{Classification=Rare}",0.0144132145714247,0.986842105263158,1.00910295625544,4825
"{size_fraction=>20 µm,Sequencing_strategy=MetaB16SV4V5,device=membrane,volume=1000}","{Classification=Rare}",0.0144132145714247,0.986842105263158,1.00910295625544,4827
"{size_fraction=>20 µm,Sequencing_strategy=MetaB16SV4V5,volume=1000}","{Classification=Rare}",0.0144132145714247,0.986842105263158,1.00910295625544,4828
"{size_fraction=>20 µm,device=membrane,method=filter>filter>filtrate>filter,Sequencing_platform=Hiseq 2500 Rapid,volume=1000}","{Classification=Rare}",0.0367592836744088,0.983851674641148,1.00604506850921,4832
"{size_fraction=>20 µm,method=filter>filter>filtrate>filter,Sequencing_platform=Hiseq 2500 Rapid,volume=1000}","{Classification=Rare}",0.0367592836744088,0.983851674641148,1.00604506850921,4833
"{size_fraction=>20 µm,device=membrane,method=filter>filter>filtrate>filter,volume=1000}","{Classification=Rare}",0.0390922132887604,0.982698573194023,1.004865955789,4835
"{size_fraction=>20 µm,method=filter>filter>filtrate>filter,volume=1000}","{Classification=Rare}",0.0390922132887604,0.982698573194023,1.004865955789,4836
"{size_fraction=>20 µm,device=membrane,Sequencing_platform=Hiseq 2500 Rapid,volume=1000}","{Classification=Rare}",0.0367592836744088,0.983851674641148,1.00604506850921,4839
"{size_fraction=>20 µm,Sequencing_platform=Hiseq 2500 Rapid,volume=1000}","{Classification=Rare}",0.0367592836744088,0.983851674641148,1.00604506850921,4840
"{size_fraction=>20 µm,device=membrane,volume=1000}","{Classification=Rare}",0.0390922132887604,0.982698573194023,1.004865955789,4842
"{size_fraction=>20 µm,volume=1000}","{Classification=Rare}",0.0390922132887604,0.982698573194023,1.004865955789,4843
"{Sequencing_strategy=MetaB16SV4V5,device=membrane,method=filter>filter>filtrate>filter,Sequencing_platform=Hiseq 2500 Rapid,volume=1000}","{Classification=Rare}",0.0252242428034484,0.987231065244009,1.00950069026421,4848
"{Sequencing_strategy=MetaB16SV4V5,method=filter>filter>filtrate>filter,Sequencing_platform=Hiseq 2500 Rapid,volume=1000}","{Classification=Rare}",0.0252242428034484,0.987231065244009,1.00950069026421,4849
"{Sequencing_strategy=MetaB16SV4V5,device=membrane,method=filter>filter>filtrate>filter,volume=1000}","{Classification=Rare}",0.0252242428034484,0.987231065244009,1.00950069026421,4851
"{Sequencing_strategy=MetaB16SV4V5,method=filter>filter>filtrate>filter,volume=1000}","{Classification=Rare}",0.0252242428034484,0.987231065244009,1.00950069026421,4852
"{Sequencing_strategy=MetaB16SV4V5,device=membrane,Sequencing_platform=Hiseq 2500 Rapid,volume=1000}","{Classification=Rare}",0.0252242428034484,0.987231065244009,1.00950069026421,4855
"{Sequencing_strategy=MetaB16SV4V5,Sequencing_platform=Hiseq 2500 Rapid,volume=1000}","{Classification=Rare}",0.0252242428034484,0.987231065244009,1.00950069026421,4856
"{Sequencing_strategy=MetaB16SV4V5,device=membrane,volume=1000}","{Classification=Rare}",0.0252242428034484,0.987231065244009,1.00950069026421,4858
"{Sequencing_strategy=MetaB16SV4V5,volume=1000}","{Classification=Rare}",0.0252242428034484,0.987231065244009,1.00950069026421,4859
"{device=membrane,method=filter>filter>filtrate>filter,Sequencing_platform=Hiseq 2500 Rapid,volume=1000}","{Classification=Rare}",0.0660281649854974,0.983425414364641,1.00560919279732,4863
"{method=filter>filter>filtrate>filter,Sequencing_platform=Hiseq 2500 Rapid,volume=1000}","{Classification=Rare}",0.0660281649854974,0.983425414364641,1.00560919279732,4864
"{device=membrane,method=filter>filter>filtrate>filter,volume=1000}","{Classification=Rare}",0.0764816561118734,0.982658627619868,1.00482510913607,4866
"{method=filter>filter>filtrate>filter,volume=1000}","{Classification=Rare}",0.0764816561118734,0.982658627619868,1.00482510913607,4867
"{device=membrane,Sequencing_platform=Hiseq 2500 Rapid,volume=1000}","{Classification=Rare}",0.0660281649854974,0.983425414364641,1.00560919279732,4870
"{Sequencing_platform=Hiseq 2500 Rapid,volume=1000}","{Classification=Rare}",0.0660281649854974,0.983425414364641,1.00560919279732,4871
"{device=membrane,volume=1000}","{Classification=Rare}",0.0764816561118734,0.982658627619868,1.00482510913607,4873
"{volume=1000}","{Classification=Rare}",0.0764816561118734,0.982658627619868,1.00482510913607,4874
"{size_fraction=0.22-3 µm,Sequencing_strategy=MetaB18SV9,device=membrane,method=filter>filter>filtrate>filter,Sequencing_platform=Hiseq 2500R,volume=496}","{Classification=Rare}",0.00264577458179332,0.983388704318937,1.0055716546588,4886
"{size_fraction=0.22-3 µm,Sequencing_strategy=MetaB18SV9,method=filter>filter>filtrate>filter,Sequencing_platform=Hiseq 2500R,volume=496}","{Classification=Rare}",0.00264577458179332,0.983388704318937,1.0055716546588,4887
"{size_fraction=0.22-3 µm,Sequencing_strategy=MetaB18SV9,device=membrane,Sequencing_platform=Hiseq 2500R,volume=496}","{Classification=Rare}",0.00264577458179332,0.983388704318937,1.0055716546588,4889
"{size_fraction=0.22-3 µm,Sequencing_strategy=MetaB18SV9,Sequencing_platform=Hiseq 2500R,volume=496}","{Classification=Rare}",0.00264577458179332,0.983388704318937,1.0055716546588,4890
"{size_fraction=3-20 µm,Sequencing_strategy=MetaB18SV9,device=membrane,method=filter>filter>filtrate>filter,Sequencing_platform=Hiseq 2500R,volume=496}","{Classification=Rare}",0.0037988317475073,0.990675990675991,1.01302332516086,4893
"{size_fraction=3-20 µm,Sequencing_strategy=MetaB18SV9,method=filter>filter>filtrate>filter,Sequencing_platform=Hiseq 2500R,volume=496}","{Classification=Rare}",0.0037988317475073,0.990675990675991,1.01302332516086,4894
"{size_fraction=3-20 µm,Sequencing_strategy=MetaB18SV9,device=membrane,Sequencing_platform=Hiseq 2500R,volume=496}","{Classification=Rare}",0.0037988317475073,0.990675990675991,1.01302332516086,4896
"{size_fraction=3-20 µm,Sequencing_strategy=MetaB18SV9,Sequencing_platform=Hiseq 2500R,volume=496}","{Classification=Rare}",0.0037988317475073,0.990675990675991,1.01302332516086,4897
"{size_fraction=>20 µm,Sequencing_strategy=MetaB18SV9,device=membrane,method=filter>filter>filtrate>filter,Sequencing_platform=Hiseq 2500R,volume=496}","{Classification=Rare}",0.00255192109156078,0.956448911222781,0.978024162806504,4900
"{size_fraction=>20 µm,Sequencing_strategy=MetaB18SV9,method=filter>filter>filtrate>filter,Sequencing_platform=Hiseq 2500R,volume=496}","{Classification=Rare}",0.00255192109156078,0.956448911222781,0.978024162806504,4901
"{size_fraction=>20 µm,Sequencing_strategy=MetaB18SV9,device=membrane,Sequencing_platform=Hiseq 2500R,volume=496}","{Classification=Rare}",0.00255192109156078,0.956448911222781,0.978024162806504,4903
"{size_fraction=>20 µm,Sequencing_strategy=MetaB18SV9,Sequencing_platform=Hiseq 2500R,volume=496}","{Classification=Rare}",0.00255192109156078,0.956448911222781,0.978024162806504,4904
"{Sequencing_strategy=MetaB18SV9,device=membrane,method=filter>filter>filtrate>filter,Sequencing_platform=Hiseq 2500R,volume=496}","{Classification=Rare}",0.0089965274208614,0.978609625668449,1.00068477116583,4907
"{Sequencing_strategy=MetaB18SV9,method=filter>filter>filtrate>filter,Sequencing_platform=Hiseq 2500R,volume=496}","{Classification=Rare}",0.0089965274208614,0.978609625668449,1.00068477116583,4908
"{Sequencing_strategy=MetaB18SV9,device=membrane,Sequencing_platform=Hiseq 2500R,volume=496}","{Classification=Rare}",0.0089965274208614,0.978609625668449,1.00068477116583,4910
"{Sequencing_strategy=MetaB18SV9,Sequencing_platform=Hiseq 2500R,volume=496}","{Classification=Rare}",0.0089965274208614,0.978609625668449,1.00068477116583,4911
"{size_fraction=0.22-3 µm,device=membrane,method=filter>filter>filtrate>filter,Sequencing_platform=Hiseq 2500R,volume=496}","{Classification=Rare}",0.00264577458179332,0.983388704318937,1.0055716546588,4917
"{size_fraction=0.22-3 µm,method=filter>filter>filtrate>filter,Sequencing_platform=Hiseq 2500R,volume=496}","{Classification=Rare}",0.00264577458179332,0.983388704318937,1.0055716546588,4918
"{size_fraction=0.22-3 µm,device=membrane,Sequencing_platform=Hiseq 2500R,volume=496}","{Classification=Rare}",0.00264577458179332,0.983388704318937,1.0055716546588,4920
"{size_fraction=0.22-3 µm,Sequencing_platform=Hiseq 2500R,volume=496}","{Classification=Rare}",0.00264577458179332,0.983388704318937,1.0055716546588,4921
"{size_fraction=3-20 µm,device=membrane,method=filter>filter>filtrate>filter,Sequencing_platform=Hiseq 2500R,volume=496}","{Classification=Rare}",0.0037988317475073,0.990675990675991,1.01302332516086,4924
"{size_fraction=3-20 µm,method=filter>filter>filtrate>filter,Sequencing_platform=Hiseq 2500R,volume=496}","{Classification=Rare}",0.0037988317475073,0.990675990675991,1.01302332516086,4925
"{size_fraction=3-20 µm,device=membrane,Sequencing_platform=Hiseq 2500R,volume=496}","{Classification=Rare}",0.0037988317475073,0.990675990675991,1.01302332516086,4927
"{size_fraction=3-20 µm,Sequencing_platform=Hiseq 2500R,volume=496}","{Classification=Rare}",0.0037988317475073,0.990675990675991,1.01302332516086,4928
"{size_fraction=>20 µm,device=membrane,method=filter>filter>filtrate>filter,Sequencing_platform=Hiseq 2500R,volume=496}","{Classification=Rare}",0.00255192109156078,0.956448911222781,0.978024162806504,4931
"{size_fraction=>20 µm,method=filter>filter>filtrate>filter,Sequencing_platform=Hiseq 2500R,volume=496}","{Classification=Rare}",0.00255192109156078,0.956448911222781,0.978024162806504,4932
"{size_fraction=>20 µm,device=membrane,Sequencing_platform=Hiseq 2500R,volume=496}","{Classification=Rare}",0.00255192109156078,0.956448911222781,0.978024162806504,4934
"{size_fraction=>20 µm,Sequencing_platform=Hiseq 2500R,volume=496}","{Classification=Rare}",0.00255192109156078,0.956448911222781,0.978024162806504,4935
"{device=membrane,method=filter>filter>filtrate>filter,Sequencing_platform=Hiseq 2500R,volume=496}","{Classification=Rare}",0.0089965274208614,0.978609625668449,1.00068477116583,4938
"{method=filter>filter>filtrate>filter,Sequencing_platform=Hiseq 2500R,volume=496}","{Classification=Rare}",0.0089965274208614,0.978609625668449,1.00068477116583,4939
"{device=membrane,Sequencing_platform=Hiseq 2500R,volume=496}","{Classification=Rare}",0.0089965274208614,0.978609625668449,1.00068477116583,4941
"{Sequencing_platform=Hiseq 2500R,volume=496}","{Classification=Rare}",0.0089965274208614,0.978609625668449,1.00068477116583,4942
"{size_fraction=0.22-3 µm,Sequencing_strategy=MetaB18SV9,device=membrane,method=filter>filter>filtrate>filter,volume=496}","{Classification=Rare}",0.00264577458179332,0.983388704318937,1.0055716546588,4949
"{size_fraction=0.22-3 µm,Sequencing_strategy=MetaB18SV9,method=filter>filter>filtrate>filter,volume=496}","{Classification=Rare}",0.00264577458179332,0.983388704318937,1.0055716546588,4950
"{size_fraction=0.22-3 µm,Sequencing_strategy=MetaB18SV9,device=membrane,volume=496}","{Classification=Rare}",0.00264577458179332,0.983388704318937,1.0055716546588,4952
"{size_fraction=0.22-3 µm,Sequencing_strategy=MetaB18SV9,volume=496}","{Classification=Rare}",0.00264577458179332,0.983388704318937,1.0055716546588,4953
"{size_fraction=3-20 µm,Sequencing_strategy=MetaB18SV9,device=membrane,method=filter>filter>filtrate>filter,volume=496}","{Classification=Rare}",0.0037988317475073,0.990675990675991,1.01302332516086,4956
"{size_fraction=3-20 µm,Sequencing_strategy=MetaB18SV9,method=filter>filter>filtrate>filter,volume=496}","{Classification=Rare}",0.0037988317475073,0.990675990675991,1.01302332516086,4957
"{size_fraction=3-20 µm,Sequencing_strategy=MetaB18SV9,device=membrane,volume=496}","{Classification=Rare}",0.0037988317475073,0.990675990675991,1.01302332516086,4959
"{size_fraction=3-20 µm,Sequencing_strategy=MetaB18SV9,volume=496}","{Classification=Rare}",0.0037988317475073,0.990675990675991,1.01302332516086,4960
"{size_fraction=>20 µm,Sequencing_strategy=MetaB18SV9,device=membrane,method=filter>filter>filtrate>filter,volume=496}","{Classification=Rare}",0.00255192109156078,0.956448911222781,0.978024162806504,4963
"{size_fraction=>20 µm,Sequencing_strategy=MetaB18SV9,method=filter>filter>filtrate>filter,volume=496}","{Classification=Rare}",0.00255192109156078,0.956448911222781,0.978024162806504,4964
"{size_fraction=>20 µm,Sequencing_strategy=MetaB18SV9,device=membrane,volume=496}","{Classification=Rare}",0.00255192109156078,0.956448911222781,0.978024162806504,4966
"{size_fraction=>20 µm,Sequencing_strategy=MetaB18SV9,volume=496}","{Classification=Rare}",0.00255192109156078,0.956448911222781,0.978024162806504,4967
"{Sequencing_strategy=MetaB18SV9,device=membrane,method=filter>filter>filtrate>filter,volume=496}","{Classification=Rare}",0.0089965274208614,0.978609625668449,1.00068477116583,4970
"{Sequencing_strategy=MetaB18SV9,method=filter>filter>filtrate>filter,volume=496}","{Classification=Rare}",0.0089965274208614,0.978609625668449,1.00068477116583,4971
"{Sequencing_strategy=MetaB18SV9,device=membrane,volume=496}","{Classification=Rare}",0.0089965274208614,0.978609625668449,1.00068477116583,4973
"{Sequencing_strategy=MetaB18SV9,volume=496}","{Classification=Rare}",0.0089965274208614,0.978609625668449,1.00068477116583,4974
"{size_fraction=0.22-3 µm,Sequencing_strategy=MetaB16SV4V5 Sizing 500 bp,device=membrane,method=filter>filter>filtrate>filter,Sequencing_platform=Hiseq 2500 Rapid,volume=496}","{Classification=Rare}",0.00341894857275657,0.984555984555985,1.00676526600929,4980
"{size_fraction=0.22-3 µm,Sequencing_strategy=MetaB16SV4V5 Sizing 500 bp,method=filter>filter>filtrate>filter,Sequencing_platform=Hiseq 2500 Rapid,volume=496}","{Classification=Rare}",0.00341894857275657,0.984555984555985,1.00676526600929,4981
"{size_fraction=0.22-3 µm,Sequencing_strategy=MetaB16SV4V5 Sizing 500 bp,device=membrane,method=filter>filter>filtrate>filter,volume=496}","{Classification=Rare}",0.00341894857275657,0.984555984555985,1.00676526600929,4983
"{size_fraction=0.22-3 µm,Sequencing_strategy=MetaB16SV4V5 Sizing 500 bp,method=filter>filter>filtrate>filter,volume=496}","{Classification=Rare}",0.00341894857275657,0.984555984555985,1.00676526600929,4984
"{size_fraction=0.22-3 µm,Sequencing_strategy=MetaB16SV4V5 Sizing 500 bp,device=membrane,Sequencing_platform=Hiseq 2500 Rapid,volume=496}","{Classification=Rare}",0.00341894857275657,0.984555984555985,1.00676526600929,4987
"{size_fraction=0.22-3 µm,Sequencing_strategy=MetaB16SV4V5 Sizing 500 bp,Sequencing_platform=Hiseq 2500 Rapid,volume=496}","{Classification=Rare}",0.00341894857275657,0.984555984555985,1.00676526600929,4988
"{size_fraction=0.22-3 µm,Sequencing_strategy=MetaB16SV4V5 Sizing 500 bp,device=membrane,volume=496}","{Classification=Rare}",0.00341894857275657,0.984555984555985,1.00676526600929,4990
"{size_fraction=0.22-3 µm,Sequencing_strategy=MetaB16SV4V5 Sizing 500 bp,volume=496}","{Classification=Rare}",0.00341894857275657,0.984555984555985,1.00676526600929,4991
"{size_fraction=0.22-3 µm,Sequencing_strategy=MetaB16SV4V5 Sizing 400 bp,device=membrane,method=filter>filter>filtrate>filter,Sequencing_platform=Hiseq 2500 Rapid,volume=496}","{Classification=Rare}",0.00401782322471654,0.984665936473165,1.00687769818469,4995
"{size_fraction=0.22-3 µm,Sequencing_strategy=MetaB16SV4V5 Sizing 400 bp,method=filter>filter>filtrate>filter,Sequencing_platform=Hiseq 2500 Rapid,volume=496}","{Classification=Rare}",0.00401782322471654,0.984665936473165,1.00687769818469,4996
"{size_fraction=0.22-3 µm,Sequencing_strategy=MetaB16SV4V5 Sizing 400 bp,device=membrane,method=filter>filter>filtrate>filter,volume=496}","{Classification=Rare}",0.00401782322471654,0.984665936473165,1.00687769818469,4998
"{size_fraction=0.22-3 µm,Sequencing_strategy=MetaB16SV4V5 Sizing 400 bp,method=filter>filter>filtrate>filter,volume=496}","{Classification=Rare}",0.00401782322471654,0.984665936473165,1.00687769818469,4999
"{size_fraction=0.22-3 µm,Sequencing_strategy=MetaB16SV4V5 Sizing 400 bp,device=membrane,Sequencing_platform=Hiseq 2500 Rapid,volume=496}","{Classification=Rare}",0.00401782322471654,0.984665936473165,1.00687769818469,5002
"{size_fraction=0.22-3 µm,Sequencing_strategy=MetaB16SV4V5 Sizing 400 bp,Sequencing_platform=Hiseq 2500 Rapid,volume=496}","{Classification=Rare}",0.00401782322471654,0.984665936473165,1.00687769818469,5003
"{size_fraction=0.22-3 µm,Sequencing_strategy=MetaB16SV4V5 Sizing 400 bp,device=membrane,volume=496}","{Classification=Rare}",0.00401782322471654,0.984665936473165,1.00687769818469,5005
"{size_fraction=0.22-3 µm,Sequencing_strategy=MetaB16SV4V5 Sizing 400 bp,volume=496}","{Classification=Rare}",0.00401782322471654,0.984665936473165,1.00687769818469,5006
"{size_fraction=0.22-3 µm,Sequencing_strategy=MetaB16SV4V5,device=membrane,method=filter>filter>filtrate>filter,Sequencing_platform=Hiseq 2500 Rapid,volume=496}","{Classification=Rare}",0.00473736664983263,0.986964618249534,1.0092282328484,5010
"{size_fraction=0.22-3 µm,Sequencing_strategy=MetaB16SV4V5,method=filter>filter>filtrate>filter,Sequencing_platform=Hiseq 2500 Rapid,volume=496}","{Classification=Rare}",0.00473736664983263,0.986964618249534,1.0092282328484,5011
"{size_fraction=0.22-3 µm,Sequencing_strategy=MetaB16SV4V5,device=membrane,method=filter>filter>filtrate>filter,volume=496}","{Classification=Rare}",0.00473736664983263,0.986964618249534,1.0092282328484,5013
"{size_fraction=0.22-3 µm,Sequencing_strategy=MetaB16SV4V5,method=filter>filter>filtrate>filter,volume=496}","{Classification=Rare}",0.00473736664983263,0.986964618249534,1.0092282328484,5014
"{size_fraction=0.22-3 µm,Sequencing_strategy=MetaB16SV4V5,device=membrane,Sequencing_platform=Hiseq 2500 Rapid,volume=496}","{Classification=Rare}",0.00473736664983263,0.986964618249534,1.0092282328484,5017
"{size_fraction=0.22-3 µm,Sequencing_strategy=MetaB16SV4V5,Sequencing_platform=Hiseq 2500 Rapid,volume=496}","{Classification=Rare}",0.00473736664983263,0.986964618249534,1.0092282328484,5018
"{size_fraction=0.22-3 µm,Sequencing_strategy=MetaB16SV4V5,device=membrane,volume=496}","{Classification=Rare}",0.00473736664983263,0.986964618249534,1.0092282328484,5020
"{size_fraction=0.22-3 µm,Sequencing_strategy=MetaB16SV4V5,volume=496}","{Classification=Rare}",0.00473736664983263,0.986964618249534,1.0092282328484,5021
"{size_fraction=0.22-3 µm,device=membrane,method=filter>filter>filtrate>filter,Sequencing_platform=Hiseq 2500 Rapid,volume=496}","{Classification=Rare}",0.0121741384473057,0.985528219971056,1.00775943278257,5025
"{size_fraction=0.22-3 µm,method=filter>filter>filtrate>filter,Sequencing_platform=Hiseq 2500 Rapid,volume=496}","{Classification=Rare}",0.0121741384473057,0.985528219971056,1.00775943278257,5026
"{size_fraction=0.22-3 µm,device=membrane,method=filter>filter>filtrate>filter,volume=496}","{Classification=Rare}",0.0156869405102948,0.983744394618834,1.00593536850038,5028
"{size_fraction=0.22-3 µm,method=filter>filter>filtrate>filter,volume=496}","{Classification=Rare}",0.0156869405102948,0.983744394618834,1.00593536850038,5029
"{size_fraction=0.22-3 µm,device=membrane,Sequencing_platform=Hiseq 2500 Rapid,volume=496}","{Classification=Rare}",0.0121741384473057,0.985528219971056,1.00775943278257,5032
"{size_fraction=0.22-3 µm,Sequencing_platform=Hiseq 2500 Rapid,volume=496}","{Classification=Rare}",0.0121741384473057,0.985528219971056,1.00775943278257,5033
"{size_fraction=0.22-3 µm,device=membrane,volume=496}","{Classification=Rare}",0.0156869405102948,0.983744394618834,1.00593536850038,5035
"{size_fraction=0.22-3 µm,volume=496}","{Classification=Rare}",0.0156869405102948,0.983744394618834,1.00593536850038,5036
"{size_fraction=3-20 µm,Sequencing_strategy=MetaB16SV4V5 Sizing 500 bp,device=membrane,method=filter>filter>filtrate>filter,Sequencing_platform=Hiseq 2500 Rapid,volume=496}","{Classification=Rare}",0.00518875724571291,0.973993288590604,0.995964300314936,5043
"{size_fraction=3-20 µm,Sequencing_strategy=MetaB16SV4V5 Sizing 500 bp,method=filter>filter>filtrate>filter,Sequencing_platform=Hiseq 2500 Rapid,volume=496}","{Classification=Rare}",0.00518875724571291,0.973993288590604,0.995964300314936,5044
"{size_fraction=3-20 µm,Sequencing_strategy=MetaB16SV4V5 Sizing 500 bp,device=membrane,method=filter>filter>filtrate>filter,volume=496}","{Classification=Rare}",0.00518875724571291,0.973993288590604,0.995964300314936,5046
"{size_fraction=3-20 µm,Sequencing_strategy=MetaB16SV4V5 Sizing 500 bp,method=filter>filter>filtrate>filter,volume=496}","{Classification=Rare}",0.00518875724571291,0.973993288590604,0.995964300314936,5047
"{size_fraction=3-20 µm,Sequencing_strategy=MetaB16SV4V5 Sizing 500 bp,device=membrane,Sequencing_platform=Hiseq 2500 Rapid,volume=496}","{Classification=Rare}",0.00518875724571291,0.973993288590604,0.995964300314936,5050
"{size_fraction=3-20 µm,Sequencing_strategy=MetaB16SV4V5 Sizing 500 bp,Sequencing_platform=Hiseq 2500 Rapid,volume=496}","{Classification=Rare}",0.00518875724571291,0.973993288590604,0.995964300314936,5051
"{size_fraction=3-20 µm,Sequencing_strategy=MetaB16SV4V5 Sizing 500 bp,device=membrane,volume=496}","{Classification=Rare}",0.00518875724571291,0.973993288590604,0.995964300314936,5053
"{size_fraction=3-20 µm,Sequencing_strategy=MetaB16SV4V5 Sizing 500 bp,volume=496}","{Classification=Rare}",0.00518875724571291,0.973993288590604,0.995964300314936,5054
"{size_fraction=>20 µm,Sequencing_strategy=MetaB16SV4V5 Sizing 500 bp,device=membrane,method=filter>filter>filtrate>filter,Sequencing_platform=Hiseq 2500 Rapid,volume=496}","{Classification=Rare}",0.00735185673488177,0.967078189300412,0.988893212549916,5058
"{size_fraction=>20 µm,Sequencing_strategy=MetaB16SV4V5 Sizing 500 bp,method=filter>filter>filtrate>filter,Sequencing_platform=Hiseq 2500 Rapid,volume=496}","{Classification=Rare}",0.00735185673488177,0.967078189300412,0.988893212549916,5059
"{size_fraction=>20 µm,Sequencing_strategy=MetaB16SV4V5 Sizing 500 bp,device=membrane,method=filter>filter>filtrate>filter,volume=496}","{Classification=Rare}",0.00735185673488177,0.967078189300412,0.988893212549916,5061
"{size_fraction=>20 µm,Sequencing_strategy=MetaB16SV4V5 Sizing 500 bp,method=filter>filter>filtrate>filter,volume=496}","{Classification=Rare}",0.00735185673488177,0.967078189300412,0.988893212549916,5062
"{size_fraction=>20 µm,Sequencing_strategy=MetaB16SV4V5 Sizing 500 bp,device=membrane,Sequencing_platform=Hiseq 2500 Rapid,volume=496}","{Classification=Rare}",0.00735185673488177,0.967078189300412,0.988893212549916,5065
"{size_fraction=>20 µm,Sequencing_strategy=MetaB16SV4V5 Sizing 500 bp,Sequencing_platform=Hiseq 2500 Rapid,volume=496}","{Classification=Rare}",0.00735185673488177,0.967078189300412,0.988893212549916,5066
"{size_fraction=>20 µm,Sequencing_strategy=MetaB16SV4V5 Sizing 500 bp,device=membrane,volume=496}","{Classification=Rare}",0.00735185673488177,0.967078189300412,0.988893212549916,5068
"{size_fraction=>20 µm,Sequencing_strategy=MetaB16SV4V5 Sizing 500 bp,volume=496}","{Classification=Rare}",0.00735185673488177,0.967078189300412,0.988893212549916,5069
"{Sequencing_strategy=MetaB16SV4V5 Sizing 500 bp,device=membrane,method=filter>filter>filtrate>filter,Sequencing_platform=Hiseq 2500 Rapid,volume=496}","{Classification=Rare}",0.0159595625533512,0.973024523160763,0.994973681801643,5073
"{Sequencing_strategy=MetaB16SV4V5 Sizing 500 bp,method=filter>filter>filtrate>filter,Sequencing_platform=Hiseq 2500 Rapid,volume=496}","{Classification=Rare}",0.0159595625533512,0.973024523160763,0.994973681801643,5074
"{Sequencing_strategy=MetaB16SV4V5 Sizing 500 bp,device=membrane,method=filter>filter>filtrate>filter,volume=496}","{Classification=Rare}",0.0159595625533512,0.973024523160763,0.994973681801643,5076
"{Sequencing_strategy=MetaB16SV4V5 Sizing 500 bp,method=filter>filter>filtrate>filter,volume=496}","{Classification=Rare}",0.0159595625533512,0.973024523160763,0.994973681801643,5077
"{Sequencing_strategy=MetaB16SV4V5 Sizing 500 bp,device=membrane,Sequencing_platform=Hiseq 2500 Rapid,volume=496}","{Classification=Rare}",0.0159595625533512,0.973024523160763,0.994973681801643,5080
"{Sequencing_strategy=MetaB16SV4V5 Sizing 500 bp,Sequencing_platform=Hiseq 2500 Rapid,volume=496}","{Classification=Rare}",0.0159595625533512,0.973024523160763,0.994973681801643,5081
"{Sequencing_strategy=MetaB16SV4V5 Sizing 500 bp,device=membrane,volume=496}","{Classification=Rare}",0.0159595625533512,0.973024523160763,0.994973681801643,5083
"{Sequencing_strategy=MetaB16SV4V5 Sizing 500 bp,volume=496}","{Classification=Rare}",0.0159595625533512,0.973024523160763,0.994973681801643,5084
"{size_fraction=3-20 µm,Sequencing_strategy=MetaB16SV4V5 Sizing 400 bp,device=membrane,method=filter>filter>filtrate>filter,Sequencing_platform=Hiseq 2500 Rapid,volume=496}","{Classification=Rare}",0.00504127318963321,0.986876640419947,1.00913827044464,5090
"{size_fraction=3-20 µm,Sequencing_strategy=MetaB16SV4V5 Sizing 400 bp,method=filter>filter>filtrate>filter,Sequencing_platform=Hiseq 2500 Rapid,volume=496}","{Classification=Rare}",0.00504127318963321,0.986876640419947,1.00913827044464,5091
"{size_fraction=3-20 µm,Sequencing_strategy=MetaB16SV4V5 Sizing 400 bp,device=membrane,method=filter>filter>filtrate>filter,volume=496}","{Classification=Rare}",0.00504127318963321,0.986876640419947,1.00913827044464,5093
"{size_fraction=3-20 µm,Sequencing_strategy=MetaB16SV4V5 Sizing 400 bp,method=filter>filter>filtrate>filter,volume=496}","{Classification=Rare}",0.00504127318963321,0.986876640419947,1.00913827044464,5094
"{size_fraction=3-20 µm,Sequencing_strategy=MetaB16SV4V5 Sizing 400 bp,device=membrane,Sequencing_platform=Hiseq 2500 Rapid,volume=496}","{Classification=Rare}",0.00504127318963321,0.986876640419947,1.00913827044464,5097
"{size_fraction=3-20 µm,Sequencing_strategy=MetaB16SV4V5 Sizing 400 bp,Sequencing_platform=Hiseq 2500 Rapid,volume=496}","{Classification=Rare}",0.00504127318963321,0.986876640419947,1.00913827044464,5098
"{size_fraction=3-20 µm,Sequencing_strategy=MetaB16SV4V5 Sizing 400 bp,device=membrane,volume=496}","{Classification=Rare}",0.00504127318963321,0.986876640419947,1.00913827044464,5100
"{size_fraction=3-20 µm,Sequencing_strategy=MetaB16SV4V5 Sizing 400 bp,volume=496}","{Classification=Rare}",0.00504127318963321,0.986876640419947,1.00913827044464,5101
"{size_fraction=>20 µm,Sequencing_strategy=MetaB16SV4V5 Sizing 400 bp,device=membrane,method=filter>filter>filtrate>filter,Sequencing_platform=Hiseq 2500 Rapid,volume=496}","{Classification=Rare}",0.0143417071502952,0.973604368932039,0.995566607538036,5105
"{size_fraction=>20 µm,Sequencing_strategy=MetaB16SV4V5 Sizing 400 bp,method=filter>filter>filtrate>filter,Sequencing_platform=Hiseq 2500 Rapid,volume=496}","{Classification=Rare}",0.0143417071502952,0.973604368932039,0.995566607538036,5106
"{size_fraction=>20 µm,Sequencing_strategy=MetaB16SV4V5 Sizing 400 bp,device=membrane,method=filter>filter>filtrate>filter,volume=496}","{Classification=Rare}",0.0143417071502952,0.973604368932039,0.995566607538036,5108
"{size_fraction=>20 µm,Sequencing_strategy=MetaB16SV4V5 Sizing 400 bp,method=filter>filter>filtrate>filter,volume=496}","{Classification=Rare}",0.0143417071502952,0.973604368932039,0.995566607538036,5109
"{size_fraction=>20 µm,Sequencing_strategy=MetaB16SV4V5 Sizing 400 bp,device=membrane,Sequencing_platform=Hiseq 2500 Rapid,volume=496}","{Classification=Rare}",0.0143417071502952,0.973604368932039,0.995566607538036,5112
"{size_fraction=>20 µm,Sequencing_strategy=MetaB16SV4V5 Sizing 400 bp,Sequencing_platform=Hiseq 2500 Rapid,volume=496}","{Classification=Rare}",0.0143417071502952,0.973604368932039,0.995566607538036,5113
"{size_fraction=>20 µm,Sequencing_strategy=MetaB16SV4V5 Sizing 400 bp,device=membrane,volume=496}","{Classification=Rare}",0.0143417071502952,0.973604368932039,0.995566607538036,5115
"{size_fraction=>20 µm,Sequencing_strategy=MetaB16SV4V5 Sizing 400 bp,volume=496}","{Classification=Rare}",0.0143417071502952,0.973604368932039,0.995566607538036,5116
"{Sequencing_strategy=MetaB16SV4V5 Sizing 400 bp,device=membrane,method=filter>filter>filtrate>filter,Sequencing_platform=Hiseq 2500 Rapid,volume=496}","{Classification=Rare}",0.0234008035646449,0.978325859491779,1.00039460388756,5120
"{Sequencing_strategy=MetaB16SV4V5 Sizing 400 bp,method=filter>filter>filtrate>filter,Sequencing_platform=Hiseq 2500 Rapid,volume=496}","{Classification=Rare}",0.0234008035646449,0.978325859491779,1.00039460388756,5121
"{Sequencing_strategy=MetaB16SV4V5 Sizing 400 bp,device=membrane,method=filter>filter>filtrate>filter,volume=496}","{Classification=Rare}",0.0234008035646449,0.978325859491779,1.00039460388756,5123
"{Sequencing_strategy=MetaB16SV4V5 Sizing 400 bp,method=filter>filter>filtrate>filter,volume=496}","{Classification=Rare}",0.0234008035646449,0.978325859491779,1.00039460388756,5124
"{Sequencing_strategy=MetaB16SV4V5 Sizing 400 bp,device=membrane,Sequencing_platform=Hiseq 2500 Rapid,volume=496}","{Classification=Rare}",0.0234008035646449,0.978325859491779,1.00039460388756,5127
"{Sequencing_strategy=MetaB16SV4V5 Sizing 400 bp,Sequencing_platform=Hiseq 2500 Rapid,volume=496}","{Classification=Rare}",0.0234008035646449,0.978325859491779,1.00039460388756,5128
"{Sequencing_strategy=MetaB16SV4V5 Sizing 400 bp,device=membrane,volume=496}","{Classification=Rare}",0.0234008035646449,0.978325859491779,1.00039460388756,5130
"{Sequencing_strategy=MetaB16SV4V5 Sizing 400 bp,volume=496}","{Classification=Rare}",0.0234008035646449,0.978325859491779,1.00039460388756,5131
"{size_fraction=3-20 µm,Sequencing_strategy=MetaB16SV4V5,device=membrane,method=filter>filter>filtrate>filter,Sequencing_platform=Hiseq 2500 Rapid,volume=496}","{Classification=Rare}",0.00594852359521437,0.988855869242199,1.01116214604235,5137
"{size_fraction=3-20 µm,Sequencing_strategy=MetaB16SV4V5,method=filter>filter>filtrate>filter,Sequencing_platform=Hiseq 2500 Rapid,volume=496}","{Classification=Rare}",0.00594852359521437,0.988855869242199,1.01116214604235,5138
"{size_fraction=3-20 µm,Sequencing_strategy=MetaB16SV4V5,device=membrane,method=filter>filter>filtrate>filter,volume=496}","{Classification=Rare}",0.00594852359521437,0.988855869242199,1.01116214604235,5140
"{size_fraction=3-20 µm,Sequencing_strategy=MetaB16SV4V5,method=filter>filter>filtrate>filter,volume=496}","{Classification=Rare}",0.00594852359521437,0.988855869242199,1.01116214604235,5141
"{size_fraction=3-20 µm,Sequencing_strategy=MetaB16SV4V5,device=membrane,Sequencing_platform=Hiseq 2500 Rapid,volume=496}","{Classification=Rare}",0.00594852359521437,0.988855869242199,1.01116214604235,5144
"{size_fraction=3-20 µm,Sequencing_strategy=MetaB16SV4V5,Sequencing_platform=Hiseq 2500 Rapid,volume=496}","{Classification=Rare}",0.00594852359521437,0.988855869242199,1.01116214604235,5145
"{size_fraction=3-20 µm,Sequencing_strategy=MetaB16SV4V5,device=membrane,volume=496}","{Classification=Rare}",0.00594852359521437,0.988855869242199,1.01116214604235,5147
"{size_fraction=3-20 µm,Sequencing_strategy=MetaB16SV4V5,volume=496}","{Classification=Rare}",0.00594852359521437,0.988855869242199,1.01116214604235,5148
"{size_fraction=3-20 µm,device=membrane,method=filter>filter>filtrate>filter,Sequencing_platform=Hiseq 2500 Rapid,volume=496}","{Classification=Rare}",0.0161785540305605,0.983428416191252,1.00561226233812,5152
"{size_fraction=3-20 µm,method=filter>filter>filtrate>filter,Sequencing_platform=Hiseq 2500 Rapid,volume=496}","{Classification=Rare}",0.0161785540305605,0.983428416191252,1.00561226233812,5153
"{size_fraction=3-20 µm,device=membrane,method=filter>filter>filtrate>filter,volume=496}","{Classification=Rare}",0.0207460905552104,0.983474576271186,1.00565946368155,5155
"{size_fraction=3-20 µm,method=filter>filter>filtrate>filter,volume=496}","{Classification=Rare}",0.0207460905552104,0.983474576271186,1.00565946368155,5156
"{size_fraction=3-20 µm,device=membrane,Sequencing_platform=Hiseq 2500 Rapid,volume=496}","{Classification=Rare}",0.0161785540305605,0.983428416191252,1.00561226233812,5159
"{size_fraction=3-20 µm,Sequencing_platform=Hiseq 2500 Rapid,volume=496}","{Classification=Rare}",0.0161785540305605,0.983428416191252,1.00561226233812,5160
"{size_fraction=3-20 µm,device=membrane,volume=496}","{Classification=Rare}",0.0207460905552104,0.983474576271186,1.00565946368155,5162
"{size_fraction=3-20 µm,volume=496}","{Classification=Rare}",0.0207460905552104,0.983474576271186,1.00565946368155,5163
"{size_fraction=>20 µm,Sequencing_strategy=MetaB16SV4V5,device=membrane,method=filter>filter>filtrate>filter,Sequencing_platform=Hiseq 2500 Rapid,volume=496}","{Classification=Rare}",0.0191952733594633,0.979475484606613,1.00157016185755,5168
"{size_fraction=>20 µm,Sequencing_strategy=MetaB16SV4V5,method=filter>filter>filtrate>filter,Sequencing_platform=Hiseq 2500 Rapid,volume=496}","{Classification=Rare}",0.0191952733594633,0.979475484606613,1.00157016185755,5169
"{size_fraction=>20 µm,Sequencing_strategy=MetaB16SV4V5,device=membrane,method=filter>filter>filtrate>filter,volume=496}","{Classification=Rare}",0.0191952733594633,0.979475484606613,1.00157016185755,5171
"{size_fraction=>20 µm,Sequencing_strategy=MetaB16SV4V5,method=filter>filter>filtrate>filter,volume=496}","{Classification=Rare}",0.0191952733594633,0.979475484606613,1.00157016185755,5172
"{size_fraction=>20 µm,Sequencing_strategy=MetaB16SV4V5,device=membrane,Sequencing_platform=Hiseq 2500 Rapid,volume=496}","{Classification=Rare}",0.0191952733594633,0.979475484606613,1.00157016185755,5175
"{size_fraction=>20 µm,Sequencing_strategy=MetaB16SV4V5,Sequencing_platform=Hiseq 2500 Rapid,volume=496}","{Classification=Rare}",0.0191952733594633,0.979475484606613,1.00157016185755,5176
"{size_fraction=>20 µm,Sequencing_strategy=MetaB16SV4V5,device=membrane,volume=496}","{Classification=Rare}",0.0191952733594633,0.979475484606613,1.00157016185755,5178
"{size_fraction=>20 µm,Sequencing_strategy=MetaB16SV4V5,volume=496}","{Classification=Rare}",0.0191952733594633,0.979475484606613,1.00157016185755,5179
"{size_fraction=>20 µm,device=membrane,method=filter>filter>filtrate>filter,Sequencing_platform=Hiseq 2500 Rapid,volume=496}","{Classification=Rare}",0.0408888372446403,0.975165209976551,0.997162657507795,5183
"{size_fraction=>20 µm,method=filter>filter>filtrate>filter,Sequencing_platform=Hiseq 2500 Rapid,volume=496}","{Classification=Rare}",0.0408888372446403,0.975165209976551,0.997162657507795,5184
"{size_fraction=>20 µm,device=membrane,method=filter>filter>filtrate>filter,volume=496}","{Classification=Rare}",0.0442228707548055,0.97334251426323,0.995298846040027,5186
"{size_fraction=>20 µm,method=filter>filter>filtrate>filter,volume=496}","{Classification=Rare}",0.0442228707548055,0.97334251426323,0.995298846040027,5187
"{size_fraction=>20 µm,device=membrane,Sequencing_platform=Hiseq 2500 Rapid,volume=496}","{Classification=Rare}",0.0408888372446403,0.975165209976551,0.997162657507795,5190
"{size_fraction=>20 µm,Sequencing_platform=Hiseq 2500 Rapid,volume=496}","{Classification=Rare}",0.0408888372446403,0.975165209976551,0.997162657507795,5191
"{size_fraction=>20 µm,device=membrane,volume=496}","{Classification=Rare}",0.0442228707548055,0.97334251426323,0.995298846040027,5193
"{size_fraction=>20 µm,volume=496}","{Classification=Rare}",0.0442228707548055,0.97334251426323,0.995298846040027,5194
"{Sequencing_strategy=MetaB16SV4V5,device=membrane,method=filter>filter>filtrate>filter,Sequencing_platform=Hiseq 2500 Rapid,volume=496}","{Classification=Rare}",0.0298811636045103,0.982512858192506,1.00467605149119,5199
"{Sequencing_strategy=MetaB16SV4V5,method=filter>filter>filtrate>filter,Sequencing_platform=Hiseq 2500 Rapid,volume=496}","{Classification=Rare}",0.0298811636045103,0.982512858192506,1.00467605149119,5200
"{Sequencing_strategy=MetaB16SV4V5,device=membrane,method=filter>filter>filtrate>filter,volume=496}","{Classification=Rare}",0.0298811636045103,0.982512858192506,1.00467605149119,5202
"{Sequencing_strategy=MetaB16SV4V5,method=filter>filter>filtrate>filter,volume=496}","{Classification=Rare}",0.0298811636045103,0.982512858192506,1.00467605149119,5203
"{Sequencing_strategy=MetaB16SV4V5,device=membrane,Sequencing_platform=Hiseq 2500 Rapid,volume=496}","{Classification=Rare}",0.0298811636045103,0.982512858192506,1.00467605149119,5206
"{Sequencing_strategy=MetaB16SV4V5,Sequencing_platform=Hiseq 2500 Rapid,volume=496}","{Classification=Rare}",0.0298811636045103,0.982512858192506,1.00467605149119,5207
"{Sequencing_strategy=MetaB16SV4V5,device=membrane,volume=496}","{Classification=Rare}",0.0298811636045103,0.982512858192506,1.00467605149119,5209
"{Sequencing_strategy=MetaB16SV4V5,volume=496}","{Classification=Rare}",0.0298811636045103,0.982512858192506,1.00467605149119,5210
"{device=membrane,method=filter>filter>filtrate>filter,Sequencing_platform=Hiseq 2500 Rapid,volume=496}","{Classification=Rare}",0.0692415297225065,0.978896821886649,1.00097844585934,5214
"{method=filter>filter>filtrate>filter,Sequencing_platform=Hiseq 2500 Rapid,volume=496}","{Classification=Rare}",0.0692415297225065,0.978896821886649,1.00097844585934,5215
"{device=membrane,method=filter>filter>filtrate>filter,volume=496}","{Classification=Rare}",0.0806559018203108,0.977945160940717,1.00000531766713,5217
"{method=filter>filter>filtrate>filter,volume=496}","{Classification=Rare}",0.0806559018203108,0.977945160940717,1.00000531766713,5218
"{device=membrane,Sequencing_platform=Hiseq 2500 Rapid,volume=496}","{Classification=Rare}",0.0692415297225065,0.978896821886649,1.00097844585934,5221
"{Sequencing_platform=Hiseq 2500 Rapid,volume=496}","{Classification=Rare}",0.0692415297225065,0.978896821886649,1.00097844585934,5222
"{device=membrane,volume=496}","{Classification=Rare}",0.0806559018203108,0.977945160940717,1.00000531766713,5224
"{volume=496}","{Classification=Rare}",0.0806559018203108,0.977945160940717,1.00000531766713,5225
"{size_fraction=0.22-3 µm,Sequencing_strategy=MetaB18SV9,device=membrane,method=filter>filter>filter,Sequencing_platform=Hiseq 2500R,volume=60}","{Classification=Rare}",0.00492954284411829,0.982190560997329,1.00434648402471,5237
"{size_fraction=0.22-3 µm,Sequencing_strategy=MetaB18SV9,method=filter>filter>filter,Sequencing_platform=Hiseq 2500R,volume=60}","{Classification=Rare}",0.00492954284411829,0.982190560997329,1.00434648402471,5238
"{size_fraction=0.22-3 µm,Sequencing_strategy=MetaB18SV9,device=membrane,Sequencing_platform=Hiseq 2500R,volume=60}","{Classification=Rare}",0.00492954284411829,0.982190560997329,1.00434648402471,5240
"{size_fraction=0.22-3 µm,Sequencing_strategy=MetaB18SV9,Sequencing_platform=Hiseq 2500R,volume=60}","{Classification=Rare}",0.00492954284411829,0.982190560997329,1.00434648402471,5241
"{size_fraction=3-20 µm,Sequencing_strategy=MetaB18SV9,device=membrane,method=filter>filter>filter,Sequencing_platform=Hiseq 2500R,volume=60}","{Classification=Rare}",0.00680661264876896,0.981947130883301,1.00409756269637,5244
"{size_fraction=3-20 µm,Sequencing_strategy=MetaB18SV9,method=filter>filter>filter,Sequencing_platform=Hiseq 2500R,volume=60}","{Classification=Rare}",0.00680661264876896,0.981947130883301,1.00409756269637,5245
"{size_fraction=>20 µm,Sequencing_strategy=MetaB18SV9,device=membrane,method=filter>filter>filter,Sequencing_platform=Hiseq 2500R,volume=60}","{Classification=Rare}",0.00163573225833844,0.978609625668449,1.00068477116583,5247
"{size_fraction=>20 µm,Sequencing_strategy=MetaB18SV9,method=filter>filter>filter,Sequencing_platform=Hiseq 2500R,volume=60}","{Classification=Rare}",0.00163573225833844,0.978609625668449,1.00068477116583,5248
"{Sequencing_strategy=MetaB18SV9,device=membrane,method=filter>filter>filter,Sequencing_platform=Hiseq 2500R,volume=60}","{Classification=Rare}",0.0133718877512257,0.981627296587926,1.00377051368695,5250
"{Sequencing_strategy=MetaB18SV9,method=filter>filter>filter,Sequencing_platform=Hiseq 2500R,volume=60}","{Classification=Rare}",0.0133718877512257,0.981627296587926,1.00377051368695,5251
"{size_fraction=3-20 µm,Sequencing_strategy=MetaB18SV9,device=membrane,Sequencing_platform=Hiseq 2500R,volume=60}","{Classification=Rare}",0.00680661264876896,0.981947130883301,1.00409756269637,5255
"{size_fraction=3-20 µm,Sequencing_strategy=MetaB18SV9,Sequencing_platform=Hiseq 2500R,volume=60}","{Classification=Rare}",0.00680661264876896,0.981947130883301,1.00409756269637,5256
"{size_fraction=>20 µm,Sequencing_strategy=MetaB18SV9,device=membrane,Sequencing_platform=Hiseq 2500R,volume=60}","{Classification=Rare}",0.00163573225833844,0.978609625668449,1.00068477116583,5258
"{size_fraction=>20 µm,Sequencing_strategy=MetaB18SV9,Sequencing_platform=Hiseq 2500R,volume=60}","{Classification=Rare}",0.00163573225833844,0.978609625668449,1.00068477116583,5259
"{Sequencing_strategy=MetaB18SV9,device=membrane,Sequencing_platform=Hiseq 2500R,volume=60}","{Classification=Rare}",0.0133718877512257,0.981627296587926,1.00377051368695,5261
"{Sequencing_strategy=MetaB18SV9,Sequencing_platform=Hiseq 2500R,volume=60}","{Classification=Rare}",0.0133718877512257,0.981627296587926,1.00377051368695,5262
"{size_fraction=0.22-3 µm,device=membrane,method=filter>filter>filter,Sequencing_platform=Hiseq 2500R,volume=60}","{Classification=Rare}",0.00492954284411829,0.982190560997329,1.00434648402471,5268
"{size_fraction=0.22-3 µm,method=filter>filter>filter,Sequencing_platform=Hiseq 2500R,volume=60}","{Classification=Rare}",0.00492954284411829,0.982190560997329,1.00434648402471,5269
"{size_fraction=0.22-3 µm,device=membrane,Sequencing_platform=Hiseq 2500R,volume=60}","{Classification=Rare}",0.00492954284411829,0.982190560997329,1.00434648402471,5271
"{size_fraction=0.22-3 µm,Sequencing_platform=Hiseq 2500R,volume=60}","{Classification=Rare}",0.00492954284411829,0.982190560997329,1.00434648402471,5272
"{size_fraction=3-20 µm,device=membrane,method=filter>filter>filter,Sequencing_platform=Hiseq 2500R,volume=60}","{Classification=Rare}",0.00680661264876896,0.981947130883301,1.00409756269637,5275
"{size_fraction=3-20 µm,method=filter>filter>filter,Sequencing_platform=Hiseq 2500R,volume=60}","{Classification=Rare}",0.00680661264876896,0.981947130883301,1.00409756269637,5276
"{size_fraction=>20 µm,device=membrane,method=filter>filter>filter,Sequencing_platform=Hiseq 2500R,volume=60}","{Classification=Rare}",0.00163573225833844,0.978609625668449,1.00068477116583,5278
"{size_fraction=>20 µm,method=filter>filter>filter,Sequencing_platform=Hiseq 2500R,volume=60}","{Classification=Rare}",0.00163573225833844,0.978609625668449,1.00068477116583,5279
"{device=membrane,method=filter>filter>filter,Sequencing_platform=Hiseq 2500R,volume=60}","{Classification=Rare}",0.0133718877512257,0.981627296587926,1.00377051368695,5281
"{method=filter>filter>filter,Sequencing_platform=Hiseq 2500R,volume=60}","{Classification=Rare}",0.0133718877512257,0.981627296587926,1.00377051368695,5282
"{size_fraction=3-20 µm,device=membrane,Sequencing_platform=Hiseq 2500R,volume=60}","{Classification=Rare}",0.00680661264876896,0.981947130883301,1.00409756269637,5286
"{size_fraction=3-20 µm,Sequencing_platform=Hiseq 2500R,volume=60}","{Classification=Rare}",0.00680661264876896,0.981947130883301,1.00409756269637,5287
"{size_fraction=>20 µm,device=membrane,Sequencing_platform=Hiseq 2500R,volume=60}","{Classification=Rare}",0.00163573225833844,0.978609625668449,1.00068477116583,5289
"{size_fraction=>20 µm,Sequencing_platform=Hiseq 2500R,volume=60}","{Classification=Rare}",0.00163573225833844,0.978609625668449,1.00068477116583,5290
"{device=membrane,Sequencing_platform=Hiseq 2500R,volume=60}","{Classification=Rare}",0.0133718877512257,0.981627296587926,1.00377051368695,5292
"{Sequencing_platform=Hiseq 2500R,volume=60}","{Classification=Rare}",0.0133718877512257,0.981627296587926,1.00377051368695,5293
"{size_fraction=0.22-3 µm,Sequencing_strategy=MetaB18SV9,device=membrane,method=filter>filter>filter,volume=60}","{Classification=Rare}",0.00492954284411829,0.982190560997329,1.00434648402471,5300
"{size_fraction=0.22-3 µm,Sequencing_strategy=MetaB18SV9,method=filter>filter>filter,volume=60}","{Classification=Rare}",0.00492954284411829,0.982190560997329,1.00434648402471,5301
"{size_fraction=0.22-3 µm,Sequencing_strategy=MetaB18SV9,device=membrane,volume=60}","{Classification=Rare}",0.00492954284411829,0.982190560997329,1.00434648402471,5303
"{size_fraction=0.22-3 µm,Sequencing_strategy=MetaB18SV9,volume=60}","{Classification=Rare}",0.00492954284411829,0.982190560997329,1.00434648402471,5304
"{size_fraction=3-20 µm,Sequencing_strategy=MetaB18SV9,device=membrane,method=filter>filter>filter,volume=60}","{Classification=Rare}",0.00680661264876896,0.981947130883301,1.00409756269637,5307
"{size_fraction=3-20 µm,Sequencing_strategy=MetaB18SV9,method=filter>filter>filter,volume=60}","{Classification=Rare}",0.00680661264876896,0.981947130883301,1.00409756269637,5308
"{size_fraction=>20 µm,Sequencing_strategy=MetaB18SV9,device=membrane,method=filter>filter>filter,volume=60}","{Classification=Rare}",0.00163573225833844,0.978609625668449,1.00068477116583,5310
"{size_fraction=>20 µm,Sequencing_strategy=MetaB18SV9,method=filter>filter>filter,volume=60}","{Classification=Rare}",0.00163573225833844,0.978609625668449,1.00068477116583,5311
"{Sequencing_strategy=MetaB18SV9,device=membrane,method=filter>filter>filter,volume=60}","{Classification=Rare}",0.0133718877512257,0.981627296587926,1.00377051368695,5313
"{Sequencing_strategy=MetaB18SV9,method=filter>filter>filter,volume=60}","{Classification=Rare}",0.0133718877512257,0.981627296587926,1.00377051368695,5314
"{size_fraction=3-20 µm,Sequencing_strategy=MetaB18SV9,device=membrane,volume=60}","{Classification=Rare}",0.00680661264876896,0.981947130883301,1.00409756269637,5318
"{size_fraction=3-20 µm,Sequencing_strategy=MetaB18SV9,volume=60}","{Classification=Rare}",0.00680661264876896,0.981947130883301,1.00409756269637,5319
"{size_fraction=>20 µm,Sequencing_strategy=MetaB18SV9,device=membrane,volume=60}","{Classification=Rare}",0.00163573225833844,0.978609625668449,1.00068477116583,5321
"{size_fraction=>20 µm,Sequencing_strategy=MetaB18SV9,volume=60}","{Classification=Rare}",0.00163573225833844,0.978609625668449,1.00068477116583,5322
"{Sequencing_strategy=MetaB18SV9,device=membrane,volume=60}","{Classification=Rare}",0.0133718877512257,0.981627296587926,1.00377051368695,5324
"{Sequencing_strategy=MetaB18SV9,volume=60}","{Classification=Rare}",0.0133718877512257,0.981627296587926,1.00377051368695,5325
"{size_fraction=0.22-3 µm,Sequencing_strategy=MetaB16SV4V5 Sizing 500 bp,device=membrane,method=filter>filter>filter,Sequencing_platform=Hiseq 2500 Rapid,volume=60}","{Classification=Rare}",0.00742783336983191,0.969096209912536,0.990956754989602,5331
"{size_fraction=0.22-3 µm,Sequencing_strategy=MetaB16SV4V5 Sizing 500 bp,method=filter>filter>filter,Sequencing_platform=Hiseq 2500 Rapid,volume=60}","{Classification=Rare}",0.00742783336983191,0.969096209912536,0.990956754989602,5332
"{size_fraction=0.22-3 µm,Sequencing_strategy=MetaB16SV4V5 Sizing 500 bp,device=membrane,method=filter>filter>filter,volume=60}","{Classification=Rare}",0.00742783336983191,0.969096209912536,0.990956754989602,5334
"{size_fraction=0.22-3 µm,Sequencing_strategy=MetaB16SV4V5 Sizing 500 bp,method=filter>filter>filter,volume=60}","{Classification=Rare}",0.00742783336983191,0.969096209912536,0.990956754989602,5335
"{size_fraction=0.22-3 µm,Sequencing_strategy=MetaB16SV4V5 Sizing 500 bp,device=membrane,Sequencing_platform=Hiseq 2500 Rapid,volume=60}","{Classification=Rare}",0.00742783336983191,0.969096209912536,0.990956754989602,5338
"{size_fraction=0.22-3 µm,Sequencing_strategy=MetaB16SV4V5 Sizing 500 bp,Sequencing_platform=Hiseq 2500 Rapid,volume=60}","{Classification=Rare}",0.00742783336983191,0.969096209912536,0.990956754989602,5339
"{size_fraction=0.22-3 µm,Sequencing_strategy=MetaB16SV4V5 Sizing 500 bp,device=membrane,volume=60}","{Classification=Rare}",0.00742783336983191,0.969096209912536,0.990956754989602,5341
"{size_fraction=0.22-3 µm,Sequencing_strategy=MetaB16SV4V5 Sizing 500 bp,volume=60}","{Classification=Rare}",0.00742783336983191,0.969096209912536,0.990956754989602,5342
"{size_fraction=0.22-3 µm,Sequencing_strategy=MetaB16SV4V5 Sizing 400 bp,device=membrane,method=filter>filter>filter,Sequencing_platform=Hiseq 2500 Rapid,volume=60}","{Classification=Rare}",0.00821888421607755,0.985530546623794,1.00776181191916,5346
"{size_fraction=0.22-3 µm,Sequencing_strategy=MetaB16SV4V5 Sizing 400 bp,method=filter>filter>filter,Sequencing_platform=Hiseq 2500 Rapid,volume=60}","{Classification=Rare}",0.00821888421607755,0.985530546623794,1.00776181191916,5347
"{size_fraction=0.22-3 µm,Sequencing_strategy=MetaB16SV4V5 Sizing 400 bp,device=membrane,method=filter>filter>filter,volume=60}","{Classification=Rare}",0.00821888421607755,0.985530546623794,1.00776181191916,5349
"{size_fraction=0.22-3 µm,Sequencing_strategy=MetaB16SV4V5 Sizing 400 bp,method=filter>filter>filter,volume=60}","{Classification=Rare}",0.00821888421607755,0.985530546623794,1.00776181191916,5350
"{size_fraction=0.22-3 µm,Sequencing_strategy=MetaB16SV4V5,device=membrane,method=filter>filter>filter,Sequencing_platform=Hiseq 2500 Rapid,volume=60}","{Classification=Rare}",0.00919317282896766,0.987044145873321,1.00930955442947,5353
"{size_fraction=0.22-3 µm,Sequencing_strategy=MetaB16SV4V5,method=filter>filter>filter,Sequencing_platform=Hiseq 2500 Rapid,volume=60}","{Classification=Rare}",0.00919317282896766,0.987044145873321,1.00930955442947,5354
"{size_fraction=0.22-3 µm,Sequencing_strategy=MetaB16SV4V5,device=membrane,method=filter>filter>filter,volume=60}","{Classification=Rare}",0.00919317282896766,0.987044145873321,1.00930955442947,5356
"{size_fraction=0.22-3 µm,Sequencing_strategy=MetaB16SV4V5,method=filter>filter>filter,volume=60}","{Classification=Rare}",0.00919317282896766,0.987044145873321,1.00930955442947,5357
"{size_fraction=0.22-3 µm,device=membrane,method=filter>filter>filter,Sequencing_platform=Hiseq 2500 Rapid,volume=60}","{Classification=Rare}",0.0248398904148771,0.981112091791703,1.0032436870749,5360
"{size_fraction=0.22-3 µm,method=filter>filter>filter,Sequencing_platform=Hiseq 2500 Rapid,volume=60}","{Classification=Rare}",0.0248398904148771,0.981112091791703,1.0032436870749,5361
"{size_fraction=0.22-3 µm,device=membrane,method=filter>filter>filter,volume=60}","{Classification=Rare}",0.0314766729384634,0.980236604036187,1.00234845036222,5363
"{size_fraction=0.22-3 µm,method=filter>filter>filter,volume=60}","{Classification=Rare}",0.0314766729384634,0.980236604036187,1.00234845036222,5364
"{size_fraction=0.22-3 µm,Sequencing_strategy=MetaB16SV4V5 Sizing 400 bp,device=membrane,Sequencing_platform=Hiseq 2500 Rapid,volume=60}","{Classification=Rare}",0.00821888421607755,0.985530546623794,1.00776181191916,5369
"{size_fraction=0.22-3 µm,Sequencing_strategy=MetaB16SV4V5 Sizing 400 bp,Sequencing_platform=Hiseq 2500 Rapid,volume=60}","{Classification=Rare}",0.00821888421607755,0.985530546623794,1.00776181191916,5370
"{size_fraction=0.22-3 µm,Sequencing_strategy=MetaB16SV4V5 Sizing 400 bp,device=membrane,volume=60}","{Classification=Rare}",0.00821888421607755,0.985530546623794,1.00776181191916,5372
"{size_fraction=0.22-3 µm,Sequencing_strategy=MetaB16SV4V5 Sizing 400 bp,volume=60}","{Classification=Rare}",0.00821888421607755,0.985530546623794,1.00776181191916,5373
"{size_fraction=0.22-3 µm,Sequencing_strategy=MetaB16SV4V5,device=membrane,Sequencing_platform=Hiseq 2500 Rapid,volume=60}","{Classification=Rare}",0.00919317282896766,0.987044145873321,1.00930955442947,5376
"{size_fraction=0.22-3 µm,Sequencing_strategy=MetaB16SV4V5,Sequencing_platform=Hiseq 2500 Rapid,volume=60}","{Classification=Rare}",0.00919317282896766,0.987044145873321,1.00930955442947,5377
"{size_fraction=0.22-3 µm,Sequencing_strategy=MetaB16SV4V5,device=membrane,volume=60}","{Classification=Rare}",0.00919317282896766,0.987044145873321,1.00930955442947,5379
"{size_fraction=0.22-3 µm,Sequencing_strategy=MetaB16SV4V5,volume=60}","{Classification=Rare}",0.00919317282896766,0.987044145873321,1.00930955442947,5380
"{size_fraction=0.22-3 µm,device=membrane,Sequencing_platform=Hiseq 2500 Rapid,volume=60}","{Classification=Rare}",0.0248398904148771,0.981112091791703,1.0032436870749,5383
"{size_fraction=0.22-3 µm,Sequencing_platform=Hiseq 2500 Rapid,volume=60}","{Classification=Rare}",0.0248398904148771,0.981112091791703,1.0032436870749,5384
"{size_fraction=0.22-3 µm,device=membrane,volume=60}","{Classification=Rare}",0.0314766729384634,0.980236604036187,1.00234845036222,5386
"{size_fraction=0.22-3 µm,volume=60}","{Classification=Rare}",0.0314766729384634,0.980236604036187,1.00234845036222,5387
"{size_fraction=3-20 µm,Sequencing_strategy=MetaB16SV4V5 Sizing 500 bp,device=membrane,method=filter>filter>filter,Sequencing_platform=Hiseq 2500 Rapid,volume=60}","{Classification=Rare}",0.00976970141182465,0.983798379837984,1.00599057149988,5394
"{size_fraction=3-20 µm,Sequencing_strategy=MetaB16SV4V5 Sizing 500 bp,method=filter>filter>filter,Sequencing_platform=Hiseq 2500 Rapid,volume=60}","{Classification=Rare}",0.00976970141182465,0.983798379837984,1.00599057149988,5395
"{size_fraction=3-20 µm,Sequencing_strategy=MetaB16SV4V5 Sizing 500 bp,device=membrane,method=filter>filter>filter,volume=60}","{Classification=Rare}",0.00976970141182465,0.983798379837984,1.00599057149988,5397
"{size_fraction=3-20 µm,Sequencing_strategy=MetaB16SV4V5 Sizing 500 bp,method=filter>filter>filter,volume=60}","{Classification=Rare}",0.00976970141182465,0.983798379837984,1.00599057149988,5398
"{size_fraction=>20 µm,Sequencing_strategy=MetaB16SV4V5 Sizing 500 bp,device=membrane,method=filter>filter>filter,Sequencing_platform=Hiseq 2500 Rapid,volume=60}","{Classification=Rare}",0.00304800382564703,0.929155313351499,0.95011488517043,5401
"{size_fraction=>20 µm,Sequencing_strategy=MetaB16SV4V5 Sizing 500 bp,method=filter>filter>filter,Sequencing_platform=Hiseq 2500 Rapid,volume=60}","{Classification=Rare}",0.00304800382564703,0.929155313351499,0.95011488517043,5402
"{size_fraction=>20 µm,Sequencing_strategy=MetaB16SV4V5 Sizing 500 bp,device=membrane,method=filter>filter>filter,volume=60}","{Classification=Rare}",0.00304800382564703,0.929155313351499,0.95011488517043,5404
"{size_fraction=>20 µm,Sequencing_strategy=MetaB16SV4V5 Sizing 500 bp,method=filter>filter>filter,volume=60}","{Classification=Rare}",0.00304800382564703,0.929155313351499,0.95011488517043,5405
"{Sequencing_strategy=MetaB16SV4V5 Sizing 500 bp,device=membrane,method=filter>filter>filter,Sequencing_platform=Hiseq 2500 Rapid,volume=60}","{Classification=Rare}",0.0202455386073036,0.969813744380218,0.991690475357523,5408
"{Sequencing_strategy=MetaB16SV4V5 Sizing 500 bp,method=filter>filter>filter,Sequencing_platform=Hiseq 2500 Rapid,volume=60}","{Classification=Rare}",0.0202455386073036,0.969813744380218,0.991690475357523,5409
"{Sequencing_strategy=MetaB16SV4V5 Sizing 500 bp,device=membrane,method=filter>filter>filter,volume=60}","{Classification=Rare}",0.0202455386073036,0.969813744380218,0.991690475357523,5411
"{Sequencing_strategy=MetaB16SV4V5 Sizing 500 bp,method=filter>filter>filter,volume=60}","{Classification=Rare}",0.0202455386073036,0.969813744380218,0.991690475357523,5412
"{size_fraction=3-20 µm,Sequencing_strategy=MetaB16SV4V5 Sizing 500 bp,device=membrane,Sequencing_platform=Hiseq 2500 Rapid,volume=60}","{Classification=Rare}",0.00976970141182465,0.983798379837984,1.00599057149988,5417
"{size_fraction=3-20 µm,Sequencing_strategy=MetaB16SV4V5 Sizing 500 bp,Sequencing_platform=Hiseq 2500 Rapid,volume=60}","{Classification=Rare}",0.00976970141182465,0.983798379837984,1.00599057149988,5418
"{size_fraction=3-20 µm,Sequencing_strategy=MetaB16SV4V5 Sizing 500 bp,device=membrane,volume=60}","{Classification=Rare}",0.00976970141182465,0.983798379837984,1.00599057149988,5420
"{size_fraction=3-20 µm,Sequencing_strategy=MetaB16SV4V5 Sizing 500 bp,volume=60}","{Classification=Rare}",0.00976970141182465,0.983798379837984,1.00599057149988,5421
"{size_fraction=>20 µm,Sequencing_strategy=MetaB16SV4V5 Sizing 500 bp,device=membrane,Sequencing_platform=Hiseq 2500 Rapid,volume=60}","{Classification=Rare}",0.00304800382564703,0.929155313351499,0.95011488517043,5424
"{size_fraction=>20 µm,Sequencing_strategy=MetaB16SV4V5 Sizing 500 bp,Sequencing_platform=Hiseq 2500 Rapid,volume=60}","{Classification=Rare}",0.00304800382564703,0.929155313351499,0.95011488517043,5425
"{size_fraction=>20 µm,Sequencing_strategy=MetaB16SV4V5 Sizing 500 bp,device=membrane,volume=60}","{Classification=Rare}",0.00304800382564703,0.929155313351499,0.95011488517043,5427
"{size_fraction=>20 µm,Sequencing_strategy=MetaB16SV4V5 Sizing 500 bp,volume=60}","{Classification=Rare}",0.00304800382564703,0.929155313351499,0.95011488517043,5428
"{Sequencing_strategy=MetaB16SV4V5 Sizing 500 bp,device=membrane,Sequencing_platform=Hiseq 2500 Rapid,volume=60}","{Classification=Rare}",0.0202455386073036,0.969813744380218,0.991690475357523,5431
"{Sequencing_strategy=MetaB16SV4V5 Sizing 500 bp,Sequencing_platform=Hiseq 2500 Rapid,volume=60}","{Classification=Rare}",0.0202455386073036,0.969813744380218,0.991690475357523,5432
"{Sequencing_strategy=MetaB16SV4V5 Sizing 500 bp,device=membrane,volume=60}","{Classification=Rare}",0.0202455386073036,0.969813744380218,0.991690475357523,5434
"{Sequencing_strategy=MetaB16SV4V5 Sizing 500 bp,volume=60}","{Classification=Rare}",0.0202455386073036,0.969813744380218,0.991690475357523,5435
"{size_fraction=3-20 µm,Sequencing_strategy=MetaB16SV4V5 Sizing 400 bp,device=membrane,method=filter>filter>filter,Sequencing_platform=Hiseq 2500 Rapid,volume=60}","{Classification=Rare}",0.010087015593087,0.985589519650655,1.00782211523964,5441
"{size_fraction=3-20 µm,Sequencing_strategy=MetaB16SV4V5 Sizing 400 bp,method=filter>filter>filter,Sequencing_platform=Hiseq 2500 Rapid,volume=60}","{Classification=Rare}",0.010087015593087,0.985589519650655,1.00782211523964,5442
"{size_fraction=3-20 µm,Sequencing_strategy=MetaB16SV4V5 Sizing 400 bp,device=membrane,method=filter>filter>filter,volume=60}","{Classification=Rare}",0.010087015593087,0.985589519650655,1.00782211523964,5444
"{size_fraction=3-20 µm,Sequencing_strategy=MetaB16SV4V5 Sizing 400 bp,method=filter>filter>filter,volume=60}","{Classification=Rare}",0.010087015593087,0.985589519650655,1.00782211523964,5445
"{size_fraction=>20 µm,Sequencing_strategy=MetaB16SV4V5 Sizing 400 bp,device=membrane,method=filter>filter>filter,Sequencing_platform=Hiseq 2500 Rapid,volume=60}","{Classification=Rare}",0.006462483184583,0.993814432989691,1.01623256339655,5448
"{size_fraction=>20 µm,Sequencing_strategy=MetaB16SV4V5 Sizing 400 bp,method=filter>filter>filter,Sequencing_platform=Hiseq 2500 Rapid,volume=60}","{Classification=Rare}",0.006462483184583,0.993814432989691,1.01623256339655,5449
"{size_fraction=>20 µm,Sequencing_strategy=MetaB16SV4V5 Sizing 400 bp,device=membrane,method=filter>filter>filter,volume=60}","{Classification=Rare}",0.006462483184583,0.993814432989691,1.01623256339655,5451
"{size_fraction=>20 µm,Sequencing_strategy=MetaB16SV4V5 Sizing 400 bp,method=filter>filter>filter,volume=60}","{Classification=Rare}",0.006462483184583,0.993814432989691,1.01623256339655,5452
"{Sequencing_strategy=MetaB16SV4V5 Sizing 400 bp,device=membrane,method=filter>filter>filter,Sequencing_platform=Hiseq 2500 Rapid,volume=60}","{Classification=Rare}",0.0247683829937476,0.987702726786669,1.00998299138868,5455
"{Sequencing_strategy=MetaB16SV4V5 Sizing 400 bp,method=filter>filter>filter,Sequencing_platform=Hiseq 2500 Rapid,volume=60}","{Classification=Rare}",0.0247683829937476,0.987702726786669,1.00998299138868,5456
"{Sequencing_strategy=MetaB16SV4V5 Sizing 400 bp,device=membrane,method=filter>filter>filter,volume=60}","{Classification=Rare}",0.0247683829937476,0.987702726786669,1.00998299138868,5458
"{Sequencing_strategy=MetaB16SV4V5 Sizing 400 bp,method=filter>filter>filter,volume=60}","{Classification=Rare}",0.0247683829937476,0.987702726786669,1.00998299138868,5459
"{size_fraction=3-20 µm,Sequencing_strategy=MetaB16SV4V5,device=membrane,method=filter>filter>filter,Sequencing_platform=Hiseq 2500 Rapid,volume=60}","{Classification=Rare}",0.0119685546115583,0.987827369974179,1.01011044623513,5464
"{size_fraction=3-20 µm,Sequencing_strategy=MetaB16SV4V5,method=filter>filter>filter,Sequencing_platform=Hiseq 2500 Rapid,volume=60}","{Classification=Rare}",0.0119685546115583,0.987827369974179,1.01011044623513,5465
"{size_fraction=3-20 µm,Sequencing_strategy=MetaB16SV4V5,device=membrane,method=filter>filter>filter,volume=60}","{Classification=Rare}",0.0119685546115583,0.987827369974179,1.01011044623513,5467
"{size_fraction=3-20 µm,Sequencing_strategy=MetaB16SV4V5,method=filter>filter>filter,volume=60}","{Classification=Rare}",0.0119685546115583,0.987827369974179,1.01011044623513,5468
"{size_fraction=3-20 µm,device=membrane,method=filter>filter>filter,Sequencing_platform=Hiseq 2500 Rapid,volume=60}","{Classification=Rare}",0.0318252716164699,0.985878443859892,1.00811755690363,5471
"{size_fraction=3-20 µm,method=filter>filter>filter,Sequencing_platform=Hiseq 2500 Rapid,volume=60}","{Classification=Rare}",0.0318252716164699,0.985878443859892,1.00811755690363,5472
"{size_fraction=3-20 µm,device=membrane,method=filter>filter>filter,volume=60}","{Classification=Rare}",0.0404016929381952,0.98421339139902,1.00641494475157,5474
"{size_fraction=3-20 µm,method=filter>filter>filter,volume=60}","{Classification=Rare}",0.0404016929381952,0.98421339139902,1.00641494475157,5475
"{size_fraction=>20 µm,Sequencing_strategy=MetaB16SV4V5,device=membrane,method=filter>filter>filter,Sequencing_platform=Hiseq 2500 Rapid,volume=60}","{Classification=Rare}",0.00587254696026422,0.976225854383358,0.998247227572993,5479
"{size_fraction=>20 µm,Sequencing_strategy=MetaB16SV4V5,method=filter>filter>filter,Sequencing_platform=Hiseq 2500 Rapid,volume=60}","{Classification=Rare}",0.00587254696026422,0.976225854383358,0.998247227572993,5480
"{size_fraction=>20 µm,Sequencing_strategy=MetaB16SV4V5,device=membrane,method=filter>filter>filter,volume=60}","{Classification=Rare}",0.00587254696026422,0.976225854383358,0.998247227572993,5482
"{size_fraction=>20 µm,Sequencing_strategy=MetaB16SV4V5,method=filter>filter>filter,volume=60}","{Classification=Rare}",0.00587254696026422,0.976225854383358,0.998247227572993,5483
"{size_fraction=>20 µm,device=membrane,method=filter>filter>filter,Sequencing_platform=Hiseq 2500 Rapid,volume=60}","{Classification=Rare}",0.0153830339704943,0.973691654879774,0.995655862452707,5486
"{size_fraction=>20 µm,method=filter>filter>filter,Sequencing_platform=Hiseq 2500 Rapid,volume=60}","{Classification=Rare}",0.0153830339704943,0.973691654879774,0.995655862452707,5487
"{size_fraction=>20 µm,device=membrane,method=filter>filter>filter,volume=60}","{Classification=Rare}",0.0172824498442479,0.968687374749499,0.990538697461005,5489
"{size_fraction=>20 µm,method=filter>filter>filter,volume=60}","{Classification=Rare}",0.0172824498442479,0.968687374749499,0.990538697461005,5490
"{Sequencing_strategy=MetaB16SV4V5,device=membrane,method=filter>filter>filter,Sequencing_platform=Hiseq 2500 Rapid,volume=60}","{Classification=Rare}",0.0270342744007902,0.98501872659176,1.00723844642366,5494
"{Sequencing_strategy=MetaB16SV4V5,method=filter>filter>filter,Sequencing_platform=Hiseq 2500 Rapid,volume=60}","{Classification=Rare}",0.0270342744007902,0.98501872659176,1.00723844642366,5495
"{Sequencing_strategy=MetaB16SV4V5,device=membrane,method=filter>filter>filter,volume=60}","{Classification=Rare}",0.0270342744007902,0.98501872659176,1.00723844642366,5497
"{Sequencing_strategy=MetaB16SV4V5,method=filter>filter>filter,volume=60}","{Classification=Rare}",0.0270342744007902,0.98501872659176,1.00723844642366,5498
"{device=membrane,method=filter>filter>filter,Sequencing_platform=Hiseq 2500 Rapid,volume=60}","{Classification=Rare}",0.0720481960018413,0.981611155087378,1.00375400807189,5501
"{method=filter>filter>filter,Sequencing_platform=Hiseq 2500 Rapid,volume=60}","{Classification=Rare}",0.0720481960018413,0.981611155087378,1.00375400807189,5502
"{device=membrane,method=filter>filter>filter,volume=60}","{Classification=Rare}",0.0891608157209065,0.979766231215008,1.00186746702976,5504
"{method=filter>filter>filter,volume=60}","{Classification=Rare}",0.0891608157209065,0.979766231215008,1.00186746702976,5505
"{size_fraction=3-20 µm,Sequencing_strategy=MetaB16SV4V5 Sizing 400 bp,device=membrane,Sequencing_platform=Hiseq 2500 Rapid,volume=60}","{Classification=Rare}",0.010087015593087,0.985589519650655,1.00782211523964,5512
"{size_fraction=3-20 µm,Sequencing_strategy=MetaB16SV4V5 Sizing 400 bp,Sequencing_platform=Hiseq 2500 Rapid,volume=60}","{Classification=Rare}",0.010087015593087,0.985589519650655,1.00782211523964,5513
"{size_fraction=3-20 µm,Sequencing_strategy=MetaB16SV4V5 Sizing 400 bp,device=membrane,volume=60}","{Classification=Rare}",0.010087015593087,0.985589519650655,1.00782211523964,5515
"{size_fraction=3-20 µm,Sequencing_strategy=MetaB16SV4V5 Sizing 400 bp,volume=60}","{Classification=Rare}",0.010087015593087,0.985589519650655,1.00782211523964,5516
"{size_fraction=>20 µm,Sequencing_strategy=MetaB16SV4V5 Sizing 400 bp,device=membrane,Sequencing_platform=Hiseq 2500 Rapid,volume=60}","{Classification=Rare}",0.006462483184583,0.993814432989691,1.01623256339655,5519
"{size_fraction=>20 µm,Sequencing_strategy=MetaB16SV4V5 Sizing 400 bp,Sequencing_platform=Hiseq 2500 Rapid,volume=60}","{Classification=Rare}",0.006462483184583,0.993814432989691,1.01623256339655,5520
"{size_fraction=>20 µm,Sequencing_strategy=MetaB16SV4V5 Sizing 400 bp,device=membrane,volume=60}","{Classification=Rare}",0.006462483184583,0.993814432989691,1.01623256339655,5522
"{size_fraction=>20 µm,Sequencing_strategy=MetaB16SV4V5 Sizing 400 bp,volume=60}","{Classification=Rare}",0.006462483184583,0.993814432989691,1.01623256339655,5523
"{Sequencing_strategy=MetaB16SV4V5 Sizing 400 bp,device=membrane,Sequencing_platform=Hiseq 2500 Rapid,volume=60}","{Classification=Rare}",0.0247683829937476,0.987702726786669,1.00998299138868,5526
"{Sequencing_strategy=MetaB16SV4V5 Sizing 400 bp,Sequencing_platform=Hiseq 2500 Rapid,volume=60}","{Classification=Rare}",0.0247683829937476,0.987702726786669,1.00998299138868,5527
"{Sequencing_strategy=MetaB16SV4V5 Sizing 400 bp,device=membrane,volume=60}","{Classification=Rare}",0.0247683829937476,0.987702726786669,1.00998299138868,5529
"{Sequencing_strategy=MetaB16SV4V5 Sizing 400 bp,volume=60}","{Classification=Rare}",0.0247683829937476,0.987702726786669,1.00998299138868,5530
"{size_fraction=3-20 µm,Sequencing_strategy=MetaB16SV4V5,device=membrane,Sequencing_platform=Hiseq 2500 Rapid,volume=60}","{Classification=Rare}",0.0119685546115583,0.987827369974179,1.01011044623513,5535
"{size_fraction=3-20 µm,Sequencing_strategy=MetaB16SV4V5,Sequencing_platform=Hiseq 2500 Rapid,volume=60}","{Classification=Rare}",0.0119685546115583,0.987827369974179,1.01011044623513,5536
"{size_fraction=3-20 µm,Sequencing_strategy=MetaB16SV4V5,device=membrane,volume=60}","{Classification=Rare}",0.0119685546115583,0.987827369974179,1.01011044623513,5538
"{size_fraction=3-20 µm,Sequencing_strategy=MetaB16SV4V5,volume=60}","{Classification=Rare}",0.0119685546115583,0.987827369974179,1.01011044623513,5539
"{size_fraction=3-20 µm,device=membrane,Sequencing_platform=Hiseq 2500 Rapid,volume=60}","{Classification=Rare}",0.0318252716164699,0.985878443859892,1.00811755690363,5542
"{size_fraction=3-20 µm,Sequencing_platform=Hiseq 2500 Rapid,volume=60}","{Classification=Rare}",0.0318252716164699,0.985878443859892,1.00811755690363,5543
"{size_fraction=3-20 µm,device=membrane,volume=60}","{Classification=Rare}",0.0404016929381952,0.98421339139902,1.00641494475157,5545
"{size_fraction=3-20 µm,volume=60}","{Classification=Rare}",0.0404016929381952,0.98421339139902,1.00641494475157,5546
"{size_fraction=>20 µm,Sequencing_strategy=MetaB16SV4V5,device=membrane,Sequencing_platform=Hiseq 2500 Rapid,volume=60}","{Classification=Rare}",0.00587254696026422,0.976225854383358,0.998247227572993,5550
"{size_fraction=>20 µm,Sequencing_strategy=MetaB16SV4V5,Sequencing_platform=Hiseq 2500 Rapid,volume=60}","{Classification=Rare}",0.00587254696026422,0.976225854383358,0.998247227572993,5551
"{size_fraction=>20 µm,Sequencing_strategy=MetaB16SV4V5,device=membrane,volume=60}","{Classification=Rare}",0.00587254696026422,0.976225854383358,0.998247227572993,5553
"{size_fraction=>20 µm,Sequencing_strategy=MetaB16SV4V5,volume=60}","{Classification=Rare}",0.00587254696026422,0.976225854383358,0.998247227572993,5554
"{size_fraction=>20 µm,device=membrane,Sequencing_platform=Hiseq 2500 Rapid,volume=60}","{Classification=Rare}",0.0153830339704943,0.973691654879774,0.995655862452707,5557
"{size_fraction=>20 µm,Sequencing_platform=Hiseq 2500 Rapid,volume=60}","{Classification=Rare}",0.0153830339704943,0.973691654879774,0.995655862452707,5558
"{size_fraction=>20 µm,device=membrane,volume=60}","{Classification=Rare}",0.0172824498442479,0.968687374749499,0.990538697461005,5560
"{size_fraction=>20 µm,volume=60}","{Classification=Rare}",0.0172824498442479,0.968687374749499,0.990538697461005,5561
"{Sequencing_strategy=MetaB16SV4V5,device=membrane,Sequencing_platform=Hiseq 2500 Rapid,volume=60}","{Classification=Rare}",0.0270342744007902,0.98501872659176,1.00723844642366,5565
"{Sequencing_strategy=MetaB16SV4V5,Sequencing_platform=Hiseq 2500 Rapid,volume=60}","{Classification=Rare}",0.0270342744007902,0.98501872659176,1.00723844642366,5566
"{Sequencing_strategy=MetaB16SV4V5,device=membrane,volume=60}","{Classification=Rare}",0.0270342744007902,0.98501872659176,1.00723844642366,5568
"{Sequencing_strategy=MetaB16SV4V5,volume=60}","{Classification=Rare}",0.0270342744007902,0.98501872659176,1.00723844642366,5569
"{device=membrane,Sequencing_platform=Hiseq 2500 Rapid,volume=60}","{Classification=Rare}",0.0720481960018413,0.981611155087378,1.00375400807189,5572
"{Sequencing_platform=Hiseq 2500 Rapid,volume=60}","{Classification=Rare}",0.0720481960018413,0.981611155087378,1.00375400807189,5573
"{device=membrane,volume=60}","{Classification=Rare}",0.0891608157209065,0.979766231215008,1.00186746702976,5575
"{volume=60}","{Classification=Rare}",0.0891608157209065,0.979766231215008,1.00186746702976,5576
"{size_fraction=0.22-3 µm,Sequencing_strategy=MetaB18SV9,device=membrane,method=filter>filter,Sequencing_platform=Hiseq 2500R,volume=10}","{Classification=Rare}",0.00862111345993126,0.98468606431853,1.0068982800672,5588
"{size_fraction=0.22-3 µm,Sequencing_strategy=MetaB18SV9,method=filter>filter,Sequencing_platform=Hiseq 2500R,volume=10}","{Classification=Rare}",0.00862111345993126,0.98468606431853,1.0068982800672,5589
"{size_fraction=0.22-3 µm,Sequencing_strategy=MetaB18SV9,device=membrane,method=filter>filter,Sequencing_platform=Hiseq 2500R}","{Classification=Rare}",0.00862111345993126,0.98468606431853,1.0068982800672,5591
"{size_fraction=0.22-3 µm,Sequencing_strategy=MetaB18SV9,method=filter>filter,Sequencing_platform=Hiseq 2500R}","{Classification=Rare}",0.00862111345993126,0.98468606431853,1.0068982800672,5592
"{size_fraction=3-20 µm,Sequencing_strategy=MetaB18SV9,device=membrane,method=filter>filter,Sequencing_platform=Hiseq 2500R,volume=10}","{Classification=Rare}",0.00995740839228971,0.967433782023448,0.989256826613529,5595
"{size_fraction=3-20 µm,Sequencing_strategy=MetaB18SV9,method=filter>filter,Sequencing_platform=Hiseq 2500R,volume=10}","{Classification=Rare}",0.00995740839228971,0.967433782023448,0.989256826613529,5596
"{Sequencing_strategy=MetaB18SV9,device=membrane,method=filter>filter,Sequencing_platform=Hiseq 2500R,volume=10}","{Classification=Rare}",0.018578521852221,0.975363679023932,0.997365603552932,5598
"{Sequencing_strategy=MetaB18SV9,method=filter>filter,Sequencing_platform=Hiseq 2500R,volume=10}","{Classification=Rare}",0.018578521852221,0.975363679023932,0.997365603552932,5599
"{size_fraction=3-20 µm,Sequencing_strategy=MetaB18SV9,device=membrane,method=filter>filter,Sequencing_platform=Hiseq 2500R}","{Classification=Rare}",0.00995740839228971,0.967433782023448,0.989256826613529,5602
"{size_fraction=3-20 µm,Sequencing_strategy=MetaB18SV9,method=filter>filter,Sequencing_platform=Hiseq 2500R}","{Classification=Rare}",0.00995740839228971,0.967433782023448,0.989256826613529,5603
"{Sequencing_strategy=MetaB18SV9,device=membrane,method=filter>filter,Sequencing_platform=Hiseq 2500R}","{Classification=Rare}",0.018578521852221,0.975363679023932,0.997365603552932,5605
"{Sequencing_strategy=MetaB18SV9,method=filter>filter,Sequencing_platform=Hiseq 2500R}","{Classification=Rare}",0.018578521852221,0.975363679023932,0.997365603552932,5606
"{size_fraction=0.22-3 µm,device=membrane,method=filter>filter,Sequencing_platform=Hiseq 2500R,volume=10}","{Classification=Rare}",0.00862111345993126,0.98468606431853,1.0068982800672,5611
"{size_fraction=0.22-3 µm,method=filter>filter,Sequencing_platform=Hiseq 2500R,volume=10}","{Classification=Rare}",0.00862111345993126,0.98468606431853,1.0068982800672,5612
"{size_fraction=0.22-3 µm,device=membrane,method=filter>filter,Sequencing_platform=Hiseq 2500R}","{Classification=Rare}",0.00862111345993126,0.98468606431853,1.0068982800672,5614
"{size_fraction=0.22-3 µm,method=filter>filter,Sequencing_platform=Hiseq 2500R}","{Classification=Rare}",0.00862111345993126,0.98468606431853,1.0068982800672,5615
"{size_fraction=3-20 µm,device=membrane,method=filter>filter,Sequencing_platform=Hiseq 2500R,volume=10}","{Classification=Rare}",0.00995740839228971,0.967433782023448,0.989256826613529,5618
"{size_fraction=3-20 µm,method=filter>filter,Sequencing_platform=Hiseq 2500R,volume=10}","{Classification=Rare}",0.00995740839228971,0.967433782023448,0.989256826613529,5619
"{device=membrane,method=filter>filter,Sequencing_platform=Hiseq 2500R,volume=10}","{Classification=Rare}",0.018578521852221,0.975363679023932,0.997365603552932,5621
"{method=filter>filter,Sequencing_platform=Hiseq 2500R,volume=10}","{Classification=Rare}",0.018578521852221,0.975363679023932,0.997365603552932,5622
"{size_fraction=3-20 µm,device=membrane,method=filter>filter,Sequencing_platform=Hiseq 2500R}","{Classification=Rare}",0.00995740839228971,0.967433782023448,0.989256826613529,5625
"{size_fraction=3-20 µm,method=filter>filter,Sequencing_platform=Hiseq 2500R}","{Classification=Rare}",0.00995740839228971,0.967433782023448,0.989256826613529,5626
"{device=membrane,method=filter>filter,Sequencing_platform=Hiseq 2500R}","{Classification=Rare}",0.018578521852221,0.975363679023932,0.997365603552932,5628
"{method=filter>filter,Sequencing_platform=Hiseq 2500R}","{Classification=Rare}",0.018578521852221,0.975363679023932,0.997365603552932,5629
"{size_fraction=0.22-3 µm,Sequencing_strategy=MetaB18SV9,device=membrane,method=filter>filter,volume=10}","{Classification=Rare}",0.00862111345993126,0.98468606431853,1.0068982800672,5635
"{size_fraction=0.22-3 µm,Sequencing_strategy=MetaB18SV9,method=filter>filter,volume=10}","{Classification=Rare}",0.00862111345993126,0.98468606431853,1.0068982800672,5636
"{size_fraction=0.22-3 µm,Sequencing_strategy=MetaB18SV9,device=membrane,method=filter>filter}","{Classification=Rare}",0.00862111345993126,0.98468606431853,1.0068982800672,5638
"{size_fraction=0.22-3 µm,Sequencing_strategy=MetaB18SV9,method=filter>filter}","{Classification=Rare}",0.00862111345993126,0.98468606431853,1.0068982800672,5639
"{size_fraction=3-20 µm,Sequencing_strategy=MetaB18SV9,device=membrane,method=filter>filter,volume=10}","{Classification=Rare}",0.00995740839228971,0.967433782023448,0.989256826613529,5642
"{size_fraction=3-20 µm,Sequencing_strategy=MetaB18SV9,method=filter>filter,volume=10}","{Classification=Rare}",0.00995740839228971,0.967433782023448,0.989256826613529,5643
"{Sequencing_strategy=MetaB18SV9,device=membrane,method=filter>filter,volume=10}","{Classification=Rare}",0.018578521852221,0.975363679023932,0.997365603552932,5645
"{Sequencing_strategy=MetaB18SV9,method=filter>filter,volume=10}","{Classification=Rare}",0.018578521852221,0.975363679023932,0.997365603552932,5646
"{size_fraction=3-20 µm,Sequencing_strategy=MetaB18SV9,device=membrane,method=filter>filter}","{Classification=Rare}",0.00995740839228971,0.967433782023448,0.989256826613529,5649
"{size_fraction=3-20 µm,Sequencing_strategy=MetaB18SV9,method=filter>filter}","{Classification=Rare}",0.00995740839228971,0.967433782023448,0.989256826613529,5650
"{Sequencing_strategy=MetaB18SV9,device=membrane,method=filter>filter}","{Classification=Rare}",0.018578521852221,0.975363679023932,0.997365603552932,5652
"{Sequencing_strategy=MetaB18SV9,method=filter>filter}","{Classification=Rare}",0.018578521852221,0.975363679023932,0.997365603552932,5653
"{size_fraction=0.22-3 µm,Sequencing_strategy=MetaB16SV4V5 Sizing 500 bp,device=membrane,method=filter>filter,Sequencing_platform=Hiseq 2500 Rapid,volume=10}","{Classification=Rare}",0.0121071002399968,0.966119828815977,0.987913233693275,5658
"{size_fraction=0.22-3 µm,Sequencing_strategy=MetaB16SV4V5 Sizing 500 bp,method=filter>filter,Sequencing_platform=Hiseq 2500 Rapid,volume=10}","{Classification=Rare}",0.0121071002399968,0.966119828815977,0.987913233693275,5659
"{size_fraction=0.22-3 µm,Sequencing_strategy=MetaB16SV4V5 Sizing 500 bp,device=membrane,method=filter>filter,volume=10}","{Classification=Rare}",0.0121071002399968,0.966119828815977,0.987913233693275,5661
"{size_fraction=0.22-3 µm,Sequencing_strategy=MetaB16SV4V5 Sizing 500 bp,method=filter>filter,volume=10}","{Classification=Rare}",0.0121071002399968,0.966119828815977,0.987913233693275,5662
"{size_fraction=0.22-3 µm,Sequencing_strategy=MetaB16SV4V5 Sizing 500 bp,device=membrane,method=filter>filter,Sequencing_platform=Hiseq 2500 Rapid}","{Classification=Rare}",0.0121071002399968,0.966119828815977,0.987913233693275,5665
"{size_fraction=0.22-3 µm,Sequencing_strategy=MetaB16SV4V5 Sizing 500 bp,method=filter>filter,Sequencing_platform=Hiseq 2500 Rapid}","{Classification=Rare}",0.0121071002399968,0.966119828815977,0.987913233693275,5666
"{size_fraction=0.22-3 µm,Sequencing_strategy=MetaB16SV4V5 Sizing 500 bp,device=membrane,method=filter>filter}","{Classification=Rare}",0.0121071002399968,0.966119828815977,0.987913233693275,5668
"{size_fraction=0.22-3 µm,Sequencing_strategy=MetaB16SV4V5 Sizing 500 bp,method=filter>filter}","{Classification=Rare}",0.0121071002399968,0.966119828815977,0.987913233693275,5669
"{size_fraction=0.22-3 µm,Sequencing_strategy=MetaB16SV4V5 Sizing 400 bp,device=membrane,method=filter>filter,Sequencing_platform=Hiseq 2500 Rapid,volume=10}","{Classification=Rare}",0.0129160279415248,0.986011600136472,1.00825371687454,5673
"{size_fraction=0.22-3 µm,Sequencing_strategy=MetaB16SV4V5 Sizing 400 bp,method=filter>filter,Sequencing_platform=Hiseq 2500 Rapid,volume=10}","{Classification=Rare}",0.0129160279415248,0.986011600136472,1.00825371687454,5674
"{size_fraction=0.22-3 µm,Sequencing_strategy=MetaB16SV4V5 Sizing 400 bp,device=membrane,method=filter>filter,volume=10}","{Classification=Rare}",0.0129160279415248,0.986011600136472,1.00825371687454,5676
"{size_fraction=0.22-3 µm,Sequencing_strategy=MetaB16SV4V5 Sizing 400 bp,method=filter>filter,volume=10}","{Classification=Rare}",0.0129160279415248,0.986011600136472,1.00825371687454,5677
"{size_fraction=0.22-3 µm,Sequencing_strategy=MetaB16SV4V5,device=membrane,method=filter>filter,Sequencing_platform=Hiseq 2500 Rapid,volume=10}","{Classification=Rare}",0.0146187984071722,0.987322668276487,1.00959435964696,5680
"{size_fraction=0.22-3 µm,Sequencing_strategy=MetaB16SV4V5,method=filter>filter,Sequencing_platform=Hiseq 2500 Rapid,volume=10}","{Classification=Rare}",0.0146187984071722,0.987322668276487,1.00959435964696,5681
"{size_fraction=0.22-3 µm,Sequencing_strategy=MetaB16SV4V5,device=membrane,method=filter>filter,volume=10}","{Classification=Rare}",0.0146187984071722,0.987322668276487,1.00959435964696,5683
"{size_fraction=0.22-3 µm,Sequencing_strategy=MetaB16SV4V5,method=filter>filter,volume=10}","{Classification=Rare}",0.0146187984071722,0.987322668276487,1.00959435964696,5684
"{size_fraction=0.22-3 µm,device=membrane,method=filter>filter,Sequencing_platform=Hiseq 2500 Rapid,volume=10}","{Classification=Rare}",0.0396419265886938,0.980327144120248,1.00244103281892,5687
"{size_fraction=0.22-3 µm,method=filter>filter,Sequencing_platform=Hiseq 2500 Rapid,volume=10}","{Classification=Rare}",0.0396419265886938,0.980327144120248,1.00244103281892,5688
"{size_fraction=0.22-3 µm,device=membrane,method=filter>filter,volume=10}","{Classification=Rare}",0.0515970735587903,0.980134137023516,1.00224367193327,5690
"{size_fraction=0.22-3 µm,method=filter>filter,volume=10}","{Classification=Rare}",0.0515970735587903,0.980134137023516,1.00224367193327,5691
"{size_fraction=0.22-3 µm,Sequencing_strategy=MetaB16SV4V5 Sizing 400 bp,device=membrane,method=filter>filter,Sequencing_platform=Hiseq 2500 Rapid}","{Classification=Rare}",0.0129160279415248,0.986011600136472,1.00825371687454,5696
"{size_fraction=0.22-3 µm,Sequencing_strategy=MetaB16SV4V5 Sizing 400 bp,method=filter>filter,Sequencing_platform=Hiseq 2500 Rapid}","{Classification=Rare}",0.0129160279415248,0.986011600136472,1.00825371687454,5697
"{size_fraction=0.22-3 µm,Sequencing_strategy=MetaB16SV4V5 Sizing 400 bp,device=membrane,method=filter>filter}","{Classification=Rare}",0.0129160279415248,0.986011600136472,1.00825371687454,5699
"{size_fraction=0.22-3 µm,Sequencing_strategy=MetaB16SV4V5 Sizing 400 bp,method=filter>filter}","{Classification=Rare}",0.0129160279415248,0.986011600136472,1.00825371687454,5700
"{size_fraction=0.22-3 µm,Sequencing_strategy=MetaB16SV4V5,device=membrane,method=filter>filter,Sequencing_platform=Hiseq 2500 Rapid}","{Classification=Rare}",0.0146187984071722,0.987322668276487,1.00959435964696,5703
"{size_fraction=0.22-3 µm,Sequencing_strategy=MetaB16SV4V5,method=filter>filter,Sequencing_platform=Hiseq 2500 Rapid}","{Classification=Rare}",0.0146187984071722,0.987322668276487,1.00959435964696,5704
"{size_fraction=0.22-3 µm,Sequencing_strategy=MetaB16SV4V5,device=membrane,method=filter>filter}","{Classification=Rare}",0.0146187984071722,0.987322668276487,1.00959435964696,5706
"{size_fraction=0.22-3 µm,Sequencing_strategy=MetaB16SV4V5,method=filter>filter}","{Classification=Rare}",0.0146187984071722,0.987322668276487,1.00959435964696,5707
"{size_fraction=0.22-3 µm,device=membrane,method=filter>filter,Sequencing_platform=Hiseq 2500 Rapid}","{Classification=Rare}",0.0396419265886938,0.980327144120248,1.00244103281892,5710
"{size_fraction=0.22-3 µm,method=filter>filter,Sequencing_platform=Hiseq 2500 Rapid}","{Classification=Rare}",0.0396419265886938,0.980327144120248,1.00244103281892,5711
"{size_fraction=0.22-3 µm,device=membrane,method=filter>filter}","{Classification=Rare}",0.0515970735587903,0.980134137023516,1.00224367193327,5713
"{size_fraction=0.22-3 µm,method=filter>filter}","{Classification=Rare}",0.0515970735587903,0.980134137023516,1.00224367193327,5714
"{size_fraction=3-20 µm,Sequencing_strategy=MetaB16SV4V5 Sizing 500 bp,device=membrane,method=filter>filter,Sequencing_platform=Hiseq 2500 Rapid,volume=10}","{Classification=Rare}",0.0172020039954772,0.965387509405568,0.987164394868882,5721
"{size_fraction=3-20 µm,Sequencing_strategy=MetaB16SV4V5 Sizing 500 bp,method=filter>filter,Sequencing_platform=Hiseq 2500 Rapid,volume=10}","{Classification=Rare}",0.0172020039954772,0.965387509405568,0.987164394868882,5722
"{size_fraction=3-20 µm,Sequencing_strategy=MetaB16SV4V5 Sizing 500 bp,device=membrane,method=filter>filter,volume=10}","{Classification=Rare}",0.0172020039954772,0.965387509405568,0.987164394868882,5724
"{size_fraction=3-20 µm,Sequencing_strategy=MetaB16SV4V5 Sizing 500 bp,method=filter>filter,volume=10}","{Classification=Rare}",0.0172020039954772,0.965387509405568,0.987164394868882,5725
"{Sequencing_strategy=MetaB16SV4V5 Sizing 500 bp,device=membrane,method=filter>filter,Sequencing_platform=Hiseq 2500 Rapid,volume=10}","{Classification=Rare}",0.0293091042354739,0.965689883669563,0.987473589989423,5728
"{Sequencing_strategy=MetaB16SV4V5 Sizing 500 bp,method=filter>filter,Sequencing_platform=Hiseq 2500 Rapid,volume=10}","{Classification=Rare}",0.0293091042354739,0.965689883669563,0.987473589989423,5729
"{Sequencing_strategy=MetaB16SV4V5 Sizing 500 bp,device=membrane,method=filter>filter,volume=10}","{Classification=Rare}",0.0293091042354739,0.965689883669563,0.987473589989423,5731
"{Sequencing_strategy=MetaB16SV4V5 Sizing 500 bp,method=filter>filter,volume=10}","{Classification=Rare}",0.0293091042354739,0.965689883669563,0.987473589989423,5732
"{size_fraction=3-20 µm,Sequencing_strategy=MetaB16SV4V5 Sizing 500 bp,device=membrane,method=filter>filter,Sequencing_platform=Hiseq 2500 Rapid}","{Classification=Rare}",0.0172020039954772,0.965387509405568,0.987164394868882,5736
"{size_fraction=3-20 µm,Sequencing_strategy=MetaB16SV4V5 Sizing 500 bp,method=filter>filter,Sequencing_platform=Hiseq 2500 Rapid}","{Classification=Rare}",0.0172020039954772,0.965387509405568,0.987164394868882,5737
"{size_fraction=3-20 µm,Sequencing_strategy=MetaB16SV4V5 Sizing 500 bp,device=membrane,method=filter>filter}","{Classification=Rare}",0.0172020039954772,0.965387509405568,0.987164394868882,5739
"{size_fraction=3-20 µm,Sequencing_strategy=MetaB16SV4V5 Sizing 500 bp,method=filter>filter}","{Classification=Rare}",0.0172020039954772,0.965387509405568,0.987164394868882,5740
"{Sequencing_strategy=MetaB16SV4V5 Sizing 500 bp,device=membrane,method=filter>filter,Sequencing_platform=Hiseq 2500 Rapid}","{Classification=Rare}",0.0293091042354739,0.965689883669563,0.987473589989423,5743
"{Sequencing_strategy=MetaB16SV4V5 Sizing 500 bp,method=filter>filter,Sequencing_platform=Hiseq 2500 Rapid}","{Classification=Rare}",0.0293091042354739,0.965689883669563,0.987473589989423,5744
"{Sequencing_strategy=MetaB16SV4V5 Sizing 500 bp,device=membrane,method=filter>filter}","{Classification=Rare}",0.0293091042354739,0.965689883669563,0.987473589989423,5746
"{Sequencing_strategy=MetaB16SV4V5 Sizing 500 bp,method=filter>filter}","{Classification=Rare}",0.0293091042354739,0.965689883669563,0.987473589989423,5747
"{size_fraction=3-20 µm,Sequencing_strategy=MetaB16SV4V5 Sizing 400 bp,device=membrane,method=filter>filter,Sequencing_platform=Hiseq 2500 Rapid,volume=10}","{Classification=Rare}",0.0167595518272381,0.980648535564854,1.00276967410321,5752
"{size_fraction=3-20 µm,Sequencing_strategy=MetaB16SV4V5 Sizing 400 bp,method=filter>filter,Sequencing_platform=Hiseq 2500 Rapid,volume=10}","{Classification=Rare}",0.0167595518272381,0.980648535564854,1.00276967410321,5753
"{size_fraction=3-20 µm,Sequencing_strategy=MetaB16SV4V5 Sizing 400 bp,device=membrane,method=filter>filter,volume=10}","{Classification=Rare}",0.0167595518272381,0.980648535564854,1.00276967410321,5755
"{size_fraction=3-20 µm,Sequencing_strategy=MetaB16SV4V5 Sizing 400 bp,method=filter>filter,volume=10}","{Classification=Rare}",0.0167595518272381,0.980648535564854,1.00276967410321,5756
"{Sequencing_strategy=MetaB16SV4V5 Sizing 400 bp,device=membrane,method=filter>filter,Sequencing_platform=Hiseq 2500 Rapid,volume=10}","{Classification=Rare}",0.0296755797687629,0.982975573649149,1.00514920472686,5759
"{Sequencing_strategy=MetaB16SV4V5 Sizing 400 bp,method=filter>filter,Sequencing_platform=Hiseq 2500 Rapid,volume=10}","{Classification=Rare}",0.0296755797687629,0.982975573649149,1.00514920472686,5760
"{Sequencing_strategy=MetaB16SV4V5 Sizing 400 bp,device=membrane,method=filter>filter,volume=10}","{Classification=Rare}",0.0296755797687629,0.982975573649149,1.00514920472686,5762
"{Sequencing_strategy=MetaB16SV4V5 Sizing 400 bp,method=filter>filter,volume=10}","{Classification=Rare}",0.0296755797687629,0.982975573649149,1.00514920472686,5763
"{size_fraction=3-20 µm,Sequencing_strategy=MetaB16SV4V5,device=membrane,method=filter>filter,Sequencing_platform=Hiseq 2500 Rapid,volume=10}","{Classification=Rare}",0.0195438720374699,0.980493273542601,1.00261090973269,5767
"{size_fraction=3-20 µm,Sequencing_strategy=MetaB16SV4V5,method=filter>filter,Sequencing_platform=Hiseq 2500 Rapid,volume=10}","{Classification=Rare}",0.0195438720374699,0.980493273542601,1.00261090973269,5768
"{size_fraction=3-20 µm,Sequencing_strategy=MetaB16SV4V5,device=membrane,method=filter>filter,volume=10}","{Classification=Rare}",0.0195438720374699,0.980493273542601,1.00261090973269,5770
"{size_fraction=3-20 µm,Sequencing_strategy=MetaB16SV4V5,method=filter>filter,volume=10}","{Classification=Rare}",0.0195438720374699,0.980493273542601,1.00261090973269,5771
"{size_fraction=3-20 µm,device=membrane,method=filter>filter,Sequencing_platform=Hiseq 2500 Rapid,volume=10}","{Classification=Rare}",0.0535054278601851,0.975633607692935,0.997641621181705,5774
"{size_fraction=3-20 µm,method=filter>filter,Sequencing_platform=Hiseq 2500 Rapid,volume=10}","{Classification=Rare}",0.0535054278601851,0.975633607692935,0.997641621181705,5775
"{size_fraction=3-20 µm,device=membrane,method=filter>filter,volume=10}","{Classification=Rare}",0.066077326337524,0.970972614434885,0.992875486811577,5777
"{size_fraction=3-20 µm,method=filter>filter,volume=10}","{Classification=Rare}",0.066077326337524,0.970972614434885,0.992875486811577,5778
"{Sequencing_strategy=MetaB16SV4V5,device=membrane,method=filter>filter,Sequencing_platform=Hiseq 2500 Rapid,volume=10}","{Classification=Rare}",0.0341626704446421,0.983404091084523,1.00558738851385,5782
"{Sequencing_strategy=MetaB16SV4V5,method=filter>filter,Sequencing_platform=Hiseq 2500 Rapid,volume=10}","{Classification=Rare}",0.0341626704446421,0.983404091084523,1.00558738851385,5783
"{Sequencing_strategy=MetaB16SV4V5,device=membrane,method=filter>filter,volume=10}","{Classification=Rare}",0.0341626704446421,0.983404091084523,1.00558738851385,5785
"{Sequencing_strategy=MetaB16SV4V5,method=filter>filter,volume=10}","{Classification=Rare}",0.0341626704446421,0.983404091084523,1.00558738851385,5786
"{device=membrane,method=filter>filter,Sequencing_platform=Hiseq 2500 Rapid,volume=10}","{Classification=Rare}",0.0931473544488789,0.977625592194756,0.999678540197303,5789
"{method=filter>filter,Sequencing_platform=Hiseq 2500 Rapid,volume=10}","{Classification=Rare}",0.0931473544488789,0.977625592194756,0.999678540197303,5790
"{device=membrane,method=filter>filter,volume=10}","{Classification=Rare}",0.117674399896314,0.974968525512849,0.996961536302374,5792
"{method=filter>filter,volume=10}","{Classification=Rare}",0.117674399896314,0.974968525512849,0.996961536302374,5793
"{size_fraction=3-20 µm,Sequencing_strategy=MetaB16SV4V5 Sizing 400 bp,device=membrane,method=filter>filter,Sequencing_platform=Hiseq 2500 Rapid}","{Classification=Rare}",0.0167595518272381,0.980648535564854,1.00276967410321,5799
"{size_fraction=3-20 µm,Sequencing_strategy=MetaB16SV4V5 Sizing 400 bp,method=filter>filter,Sequencing_platform=Hiseq 2500 Rapid}","{Classification=Rare}",0.0167595518272381,0.980648535564854,1.00276967410321,5800
"{size_fraction=3-20 µm,Sequencing_strategy=MetaB16SV4V5 Sizing 400 bp,device=membrane,method=filter>filter}","{Classification=Rare}",0.0167595518272381,0.980648535564854,1.00276967410321,5802
"{size_fraction=3-20 µm,Sequencing_strategy=MetaB16SV4V5 Sizing 400 bp,method=filter>filter}","{Classification=Rare}",0.0167595518272381,0.980648535564854,1.00276967410321,5803
"{Sequencing_strategy=MetaB16SV4V5 Sizing 400 bp,device=membrane,method=filter>filter,Sequencing_platform=Hiseq 2500 Rapid}","{Classification=Rare}",0.0296755797687629,0.982975573649149,1.00514920472686,5806
"{Sequencing_strategy=MetaB16SV4V5 Sizing 400 bp,method=filter>filter,Sequencing_platform=Hiseq 2500 Rapid}","{Classification=Rare}",0.0296755797687629,0.982975573649149,1.00514920472686,5807
"{Sequencing_strategy=MetaB16SV4V5 Sizing 400 bp,device=membrane,method=filter>filter}","{Classification=Rare}",0.0296755797687629,0.982975573649149,1.00514920472686,5809
"{Sequencing_strategy=MetaB16SV4V5 Sizing 400 bp,method=filter>filter}","{Classification=Rare}",0.0296755797687629,0.982975573649149,1.00514920472686,5810
"{size_fraction=3-20 µm,Sequencing_strategy=MetaB16SV4V5,device=membrane,method=filter>filter,Sequencing_platform=Hiseq 2500 Rapid}","{Classification=Rare}",0.0195438720374699,0.980493273542601,1.00261090973269,5814
"{size_fraction=3-20 µm,Sequencing_strategy=MetaB16SV4V5,method=filter>filter,Sequencing_platform=Hiseq 2500 Rapid}","{Classification=Rare}",0.0195438720374699,0.980493273542601,1.00261090973269,5815
"{size_fraction=3-20 µm,Sequencing_strategy=MetaB16SV4V5,device=membrane,method=filter>filter}","{Classification=Rare}",0.0195438720374699,0.980493273542601,1.00261090973269,5817
"{size_fraction=3-20 µm,Sequencing_strategy=MetaB16SV4V5,method=filter>filter}","{Classification=Rare}",0.0195438720374699,0.980493273542601,1.00261090973269,5818
"{size_fraction=3-20 µm,device=membrane,method=filter>filter,Sequencing_platform=Hiseq 2500 Rapid}","{Classification=Rare}",0.0535054278601851,0.975633607692935,0.997641621181705,5821
"{size_fraction=3-20 µm,method=filter>filter,Sequencing_platform=Hiseq 2500 Rapid}","{Classification=Rare}",0.0535054278601851,0.975633607692935,0.997641621181705,5822
"{size_fraction=3-20 µm,device=membrane,method=filter>filter}","{Classification=Rare}",0.066077326337524,0.970972614434885,0.992875486811577,5824
"{size_fraction=3-20 µm,method=filter>filter}","{Classification=Rare}",0.066077326337524,0.970972614434885,0.992875486811577,5825
"{Sequencing_strategy=MetaB16SV4V5,device=membrane,method=filter>filter,Sequencing_platform=Hiseq 2500 Rapid}","{Classification=Rare}",0.0341626704446421,0.983404091084523,1.00558738851385,5829
"{Sequencing_strategy=MetaB16SV4V5,method=filter>filter,Sequencing_platform=Hiseq 2500 Rapid}","{Classification=Rare}",0.0341626704446421,0.983404091084523,1.00558738851385,5830
"{Sequencing_strategy=MetaB16SV4V5,device=membrane,method=filter>filter}","{Classification=Rare}",0.0341626704446421,0.983404091084523,1.00558738851385,5832
"{Sequencing_strategy=MetaB16SV4V5,method=filter>filter}","{Classification=Rare}",0.0341626704446421,0.983404091084523,1.00558738851385,5833
"{device=membrane,method=filter>filter,Sequencing_platform=Hiseq 2500 Rapid}","{Classification=Rare}",0.0931473544488789,0.977625592194756,0.999678540197303,5836
"{method=filter>filter,Sequencing_platform=Hiseq 2500 Rapid}","{Classification=Rare}",0.0931473544488789,0.977625592194756,0.999678540197303,5837
"{device=membrane,method=filter>filter}","{Classification=Rare}",0.117674399896314,0.974968525512849,0.996961536302374,5839
"{method=filter>filter}","{Classification=Rare}",0.117674399896314,0.974968525512849,0.996961536302374,5840
"{size_fraction=>0.22 µm,Sequencing_strategy=MetaB18SV9,device=sterivex,method=filter,Sequencing_platform=Hiseq 2500R,volume=10}","{Classification=Rare}",0.00906356562817035,0.983988355167394,1.00618483222862,5851
"{size_fraction=>0.22 µm,Sequencing_strategy=MetaB18SV9,device=sterivex,method=filter,Sequencing_platform=Hiseq 2500R}","{Classification=Rare}",0.0207550289828516,0.98368989620843,1.00587964073324,5852
"{Sequencing_strategy=MetaB18SV9,device=sterivex,method=filter,Sequencing_platform=Hiseq 2500R,volume=10}","{Classification=Rare}",0.00906356562817035,0.983988355167394,1.00618483222862,5854
"{Sequencing_strategy=MetaB18SV9,device=sterivex,method=filter,Sequencing_platform=Hiseq 2500R}","{Classification=Rare}",0.0207550289828516,0.98368989620843,1.00587964073324,5855
"{size_fraction=>0.22 µm,Sequencing_strategy=MetaB18SV9,device=sterivex,Sequencing_platform=Hiseq 2500R,volume=10}","{Classification=Rare}",0.00906356562817035,0.983988355167394,1.00618483222862,5858
"{size_fraction=>0.22 µm,Sequencing_strategy=MetaB18SV9,device=sterivex,Sequencing_platform=Hiseq 2500R}","{Classification=Rare}",0.0207550289828516,0.98368989620843,1.00587964073324,5859
"{Sequencing_strategy=MetaB18SV9,device=sterivex,Sequencing_platform=Hiseq 2500R,volume=10}","{Classification=Rare}",0.00906356562817035,0.983988355167394,1.00618483222862,5861
"{Sequencing_strategy=MetaB18SV9,device=sterivex,Sequencing_platform=Hiseq 2500R}","{Classification=Rare}",0.0207550289828516,0.98368989620843,1.00587964073324,5862
"{size_fraction=>0.22 µm,Sequencing_strategy=MetaB18SV9,device=membrane,method=filter,Sequencing_platform=Hiseq 2500R,volume=10}","{Classification=Rare}",0.0087104977363432,0.984840828701364,1.00705653557272,5866
"{size_fraction=>0.22 µm,Sequencing_strategy=MetaB18SV9,method=filter,Sequencing_platform=Hiseq 2500R,volume=10}","{Classification=Rare}",0.0177740633645135,0.984405940594059,1.00661183740634,5867
"{size_fraction=>0.22 µm,Sequencing_strategy=MetaB18SV9,device=membrane,method=filter,Sequencing_platform=Hiseq 2500R}","{Classification=Rare}",0.0087104977363432,0.984840828701364,1.00705653557272,5869
"{size_fraction=>0.22 µm,Sequencing_strategy=MetaB18SV9,method=filter,Sequencing_platform=Hiseq 2500R}","{Classification=Rare}",0.0294655267191948,0.984029850746269,1.00622726385075,5870
"{Sequencing_strategy=MetaB18SV9,device=membrane,method=filter,Sequencing_platform=Hiseq 2500R,volume=10}","{Classification=Rare}",0.0087104977363432,0.984840828701364,1.00705653557272,5873
"{Sequencing_strategy=MetaB18SV9,method=filter,Sequencing_platform=Hiseq 2500R,volume=10}","{Classification=Rare}",0.0177740633645135,0.984405940594059,1.00661183740634,5874
"{Sequencing_strategy=MetaB18SV9,device=membrane,method=filter,Sequencing_platform=Hiseq 2500R}","{Classification=Rare}",0.0087104977363432,0.984840828701364,1.00705653557272,5876
"{Sequencing_strategy=MetaB18SV9,method=filter,Sequencing_platform=Hiseq 2500R}","{Classification=Rare}",0.0294655267191948,0.984029850746269,1.00622726385075,5877
"{size_fraction=>0.22 µm,Sequencing_strategy=MetaB18SV9,device=membrane,Sequencing_platform=Hiseq 2500R,volume=10}","{Classification=Rare}",0.0087104977363432,0.984840828701364,1.00705653557272,5881
"{size_fraction=>0.22 µm,Sequencing_strategy=MetaB18SV9,Sequencing_platform=Hiseq 2500R,volume=10}","{Classification=Rare}",0.0177740633645135,0.984405940594059,1.00661183740634,5882
"{size_fraction=>0.22 µm,Sequencing_strategy=MetaB18SV9,device=membrane,Sequencing_platform=Hiseq 2500R}","{Classification=Rare}",0.0087104977363432,0.984840828701364,1.00705653557272,5884
"{size_fraction=>0.22 µm,Sequencing_strategy=MetaB18SV9,Sequencing_platform=Hiseq 2500R}","{Classification=Rare}",0.0294655267191948,0.984029850746269,1.00622726385075,5885
"{size_fraction=0.22-3 µm,Sequencing_strategy=MetaB18SV9,device=membrane,method=filter>filter>filter,Sequencing_platform=Hiseq 2500R,volume=100}","{Classification=Rare}",0.00261002087122854,0.983164983164983,1.0053428868786,5888
"{size_fraction=0.22-3 µm,Sequencing_strategy=MetaB18SV9,method=filter>filter>filter,Sequencing_platform=Hiseq 2500R,volume=100}","{Classification=Rare}",0.00261002087122854,0.983164983164983,1.0053428868786,5889
"{size_fraction=0.22-3 µm,Sequencing_strategy=MetaB18SV9,device=membrane,method=filter>filter>filter,Sequencing_platform=Hiseq 2500R}","{Classification=Rare}",0.00753956371534683,0.982527664531159,1.00469119182623,5891
"{size_fraction=0.22-3 µm,Sequencing_strategy=MetaB18SV9,method=filter>filter>filter,Sequencing_platform=Hiseq 2500R}","{Classification=Rare}",0.00753956371534683,0.982527664531159,1.00469119182623,5892
"{size_fraction=0.22-3 µm,Sequencing_strategy=MetaB18SV9,device=membrane,Sequencing_platform=Hiseq 2500R,volume=10}","{Classification=Rare}",0.00862111345993126,0.98468606431853,1.0068982800672,5895
"{size_fraction=0.22-3 µm,Sequencing_strategy=MetaB18SV9,Sequencing_platform=Hiseq 2500R,volume=10}","{Classification=Rare}",0.00862111345993126,0.98468606431853,1.0068982800672,5896
"{size_fraction=0.22-3 µm,Sequencing_strategy=MetaB18SV9,device=membrane,method=filter>filter>filtrate>filter,Sequencing_platform=Hiseq 2500R,volume=100}","{Classification=Rare}",0.0107484592385353,0.984445354072861,1.00665213996109,5898
"{size_fraction=0.22-3 µm,Sequencing_strategy=MetaB18SV9,method=filter>filter>filtrate>filter,Sequencing_platform=Hiseq 2500R,volume=100}","{Classification=Rare}",0.0107484592385353,0.984445354072861,1.00665213996109,5899
"{size_fraction=0.22-3 µm,Sequencing_strategy=MetaB18SV9,device=membrane,Sequencing_platform=Hiseq 2500R,volume=100}","{Classification=Rare}",0.0133584801097639,0.984194929206454,1.0063960660951,5901
"{size_fraction=0.22-3 µm,Sequencing_strategy=MetaB18SV9,Sequencing_platform=Hiseq 2500R,volume=100}","{Classification=Rare}",0.0133584801097639,0.984194929206454,1.0063960660951,5902
"{size_fraction=0.22-3 µm,Sequencing_strategy=MetaB18SV9,device=membrane,method=filter>filter>filtrate>filter,Sequencing_platform=Hiseq 2500R}","{Classification=Rare}",0.0158746474907599,0.984206151288446,1.00640754132103,5905
"{size_fraction=0.22-3 µm,Sequencing_strategy=MetaB18SV9,method=filter>filter>filtrate>filter,Sequencing_platform=Hiseq 2500R}","{Classification=Rare}",0.0158746474907599,0.984206151288446,1.00640754132103,5906
"{size_fraction=0.22-3 µm,Sequencing_strategy=MetaB18SV9,device=membrane,Sequencing_platform=Hiseq 2500R}","{Classification=Rare}",0.032035324666038,0.983939601921757,1.00613497922373,5908
"{size_fraction=0.22-3 µm,Sequencing_strategy=MetaB18SV9,Sequencing_platform=Hiseq 2500R}","{Classification=Rare}",0.032035324666038,0.983939601921757,1.00613497922373,5909
"{size_fraction=3-20 µm,Sequencing_strategy=MetaB18SV9,device=membrane,method=filter>filter>filter,Sequencing_platform=Hiseq 2500R,volume=100}","{Classification=Rare}",0.00342341778657716,0.984575835475578,1.00678556471923,5915
"{size_fraction=3-20 µm,Sequencing_strategy=MetaB18SV9,method=filter>filter>filter,Sequencing_platform=Hiseq 2500R,volume=100}","{Classification=Rare}",0.00342341778657716,0.984575835475578,1.00678556471923,5916
"{size_fraction=3-20 µm,Sequencing_strategy=MetaB18SV9,device=membrane,method=filter>filter>filter,Sequencing_platform=Hiseq 2500R}","{Classification=Rare}",0.0102300304353461,0.982825246887076,1.00499548694445,5918
"{size_fraction=3-20 µm,Sequencing_strategy=MetaB18SV9,method=filter>filter>filter,Sequencing_platform=Hiseq 2500R}","{Classification=Rare}",0.0102300304353461,0.982825246887076,1.00499548694445,5919
"{size_fraction=>20 µm,Sequencing_strategy=MetaB18SV9,device=membrane,method=filter>filter>filter,Sequencing_platform=Hiseq 2500R,volume=100}","{Classification=Rare}",0.0021005304956805,0.91796875,0.938675979100116,5922
"{size_fraction=>20 µm,Sequencing_strategy=MetaB18SV9,method=filter>filter>filter,Sequencing_platform=Hiseq 2500R,volume=100}","{Classification=Rare}",0.0021005304956805,0.91796875,0.938675979100116,5923
"{Sequencing_strategy=MetaB18SV9,device=membrane,method=filter>filter>filter,Sequencing_platform=Hiseq 2500R,volume=100}","{Classification=Rare}",0.00813396915348621,0.966029723991507,0.9878210963146,5925
"{Sequencing_strategy=MetaB18SV9,method=filter>filter>filter,Sequencing_platform=Hiseq 2500R,volume=100}","{Classification=Rare}",0.00813396915348621,0.966029723991507,0.9878210963146,5926
"{size_fraction=>20 µm,Sequencing_strategy=MetaB18SV9,device=membrane,method=filter>filter>filter,Sequencing_platform=Hiseq 2500R}","{Classification=Rare}",0.00919317282896766,0.963466042154567,0.985199583808437,5929
"{size_fraction=>20 µm,Sequencing_strategy=MetaB18SV9,method=filter>filter>filter,Sequencing_platform=Hiseq 2500R}","{Classification=Rare}",0.00919317282896766,0.963466042154567,0.985199583808437,5930
"{Sequencing_strategy=MetaB18SV9,device=membrane,method=filter>filter>filter,Sequencing_platform=Hiseq 2500R}","{Classification=Rare}",0.0269627669796606,0.97605565442485,0.998073188301291,5932
"{Sequencing_strategy=MetaB18SV9,method=filter>filter>filter,Sequencing_platform=Hiseq 2500R}","{Classification=Rare}",0.0269627669796606,0.97605565442485,0.998073188301291,5933
"{size_fraction=3-20 µm,Sequencing_strategy=MetaB18SV9,device=membrane,Sequencing_platform=Hiseq 2500R,volume=10}","{Classification=Rare}",0.00995740839228971,0.967433782023448,0.989256826613529,5938
"{size_fraction=3-20 µm,Sequencing_strategy=MetaB18SV9,Sequencing_platform=Hiseq 2500R,volume=10}","{Classification=Rare}",0.00995740839228971,0.967433782023448,0.989256826613529,5939
"{Sequencing_strategy=MetaB18SV9,device=membrane,Sequencing_platform=Hiseq 2500R,volume=10}","{Classification=Rare}",0.0272890195885642,0.97836885114565,1.00043856533264,5941
"{Sequencing_strategy=MetaB18SV9,Sequencing_platform=Hiseq 2500R,volume=10}","{Classification=Rare}",0.0363525852167345,0.979763912310287,1.00186509581597,5942
"{size_fraction=3-20 µm,Sequencing_strategy=MetaB18SV9,device=membrane,method=filter>filter>filtrate>filter,Sequencing_platform=Hiseq 2500R,volume=100}","{Classification=Rare}",0.0150701890030525,0.9862532904358,1.00850085914203,5945
"{size_fraction=3-20 µm,Sequencing_strategy=MetaB18SV9,method=filter>filter>filtrate>filter,Sequencing_platform=Hiseq 2500R,volume=100}","{Classification=Rare}",0.0150701890030525,0.9862532904358,1.00850085914203,5946
"{size_fraction=3-20 µm,Sequencing_strategy=MetaB18SV9,device=membrane,Sequencing_platform=Hiseq 2500R,volume=100}","{Classification=Rare}",0.0184936067896296,0.9859423397665,1.00818289415253,5948
"{size_fraction=3-20 µm,Sequencing_strategy=MetaB18SV9,Sequencing_platform=Hiseq 2500R,volume=100}","{Classification=Rare}",0.0184936067896296,0.9859423397665,1.00818289415253,5949
"{size_fraction=3-20 µm,Sequencing_strategy=MetaB18SV9,device=membrane,method=filter>filter>filtrate>filter,Sequencing_platform=Hiseq 2500R}","{Classification=Rare}",0.0229181284720205,0.987673343605547,1.00995294539168,5952
"{size_fraction=3-20 µm,Sequencing_strategy=MetaB18SV9,method=filter>filter>filtrate>filter,Sequencing_platform=Hiseq 2500R}","{Classification=Rare}",0.0229181284720205,0.987673343605547,1.00995294539168,5953
"{size_fraction=3-20 µm,Sequencing_strategy=MetaB18SV9,device=membrane,Sequencing_platform=Hiseq 2500R}","{Classification=Rare}",0.0431055672996563,0.981779315960912,1.00392596226162,5955
"{size_fraction=3-20 µm,Sequencing_strategy=MetaB18SV9,Sequencing_platform=Hiseq 2500R}","{Classification=Rare}",0.0431055672996563,0.981779315960912,1.00392596226162,5956
"{size_fraction=>20 µm,Sequencing_strategy=MetaB18SV9,device=membrane,method=filter>filter>filtrate>filter,Sequencing_platform=Hiseq 2500R,volume=100}","{Classification=Rare}",0.0089965274208614,0.954028436018957,0.975549087340334,5960
"{size_fraction=>20 µm,Sequencing_strategy=MetaB18SV9,method=filter>filter>filtrate>filter,Sequencing_platform=Hiseq 2500R,volume=100}","{Classification=Rare}",0.0089965274208614,0.954028436018957,0.975549087340334,5961
"{size_fraction=>20 µm,Sequencing_strategy=MetaB18SV9,device=membrane,Sequencing_platform=Hiseq 2500R,volume=100}","{Classification=Rare}",0.0110970579165419,0.94698703279939,0.968348846524547,5963
"{size_fraction=>20 µm,Sequencing_strategy=MetaB18SV9,Sequencing_platform=Hiseq 2500R,volume=100}","{Classification=Rare}",0.0110970579165419,0.94698703279939,0.968348846524547,5964
"{Sequencing_strategy=MetaB18SV9,device=membrane,method=filter>filter>filtrate>filter,Sequencing_platform=Hiseq 2500R,volume=100}","{Classification=Rare}",0.0348151756624492,0.977170095333668,0.999212768391826,5967
"{Sequencing_strategy=MetaB18SV9,method=filter>filter>filtrate>filter,Sequencing_platform=Hiseq 2500R,volume=100}","{Classification=Rare}",0.0348151756624492,0.977170095333668,0.999212768391826,5968
"{Sequencing_strategy=MetaB18SV9,device=membrane,Sequencing_platform=Hiseq 2500R,volume=100}","{Classification=Rare}",0.0429491448159354,0.975040584415584,0.997035220685506,5970
"{Sequencing_strategy=MetaB18SV9,Sequencing_platform=Hiseq 2500R,volume=100}","{Classification=Rare}",0.0429491448159354,0.975040584415584,0.997035220685506,5971
"{size_fraction=>20 µm,Sequencing_strategy=MetaB18SV9,device=membrane,method=filter>filter>filtrate>filter,Sequencing_platform=Hiseq 2500R}","{Classification=Rare}",0.013501494952023,0.956618112729576,0.978197181103757,5975
"{size_fraction=>20 µm,Sequencing_strategy=MetaB18SV9,method=filter>filter>filtrate>filter,Sequencing_platform=Hiseq 2500R}","{Classification=Rare}",0.013501494952023,0.956618112729576,0.978197181103757,5976
"{size_fraction=>20 µm,Sequencing_strategy=MetaB18SV9,device=membrane,Sequencing_platform=Hiseq 2500R}","{Classification=Rare}",0.0226946677809906,0.959380313621765,0.981021690790984,5978
"{size_fraction=>20 µm,Sequencing_strategy=MetaB18SV9,Sequencing_platform=Hiseq 2500R}","{Classification=Rare}",0.0226946677809906,0.959380313621765,0.981021690790984,5979
"{Sequencing_strategy=MetaB18SV9,device=membrane,method=filter>filter>filtrate>filter,Sequencing_platform=Hiseq 2500R}","{Classification=Rare}",0.0522942709148034,0.978426289823564,1.00049729969286,5982
"{Sequencing_strategy=MetaB18SV9,method=filter>filter>filtrate>filter,Sequencing_platform=Hiseq 2500R}","{Classification=Rare}",0.0522942709148034,0.978426289823564,1.00049729969286,5983
"{Sequencing_strategy=MetaB18SV9,device=membrane,Sequencing_platform=Hiseq 2500R}","{Classification=Rare}",0.106546057483028,0.977810590213691,0.999867711339082,5985
"{Sequencing_strategy=MetaB18SV9,Sequencing_platform=Hiseq 2500R}","{Classification=Rare}",0.12730108646588,0.978764346093052,1.00084298172152,5986
"{size_fraction=>0.22 µm,device=sterivex,method=filter,Sequencing_platform=Hiseq 2500R,volume=10}","{Classification=Rare}",0.00906356562817035,0.983988355167394,1.00618483222862,5998
"{size_fraction=>0.22 µm,device=sterivex,method=filter,Sequencing_platform=Hiseq 2500R}","{Classification=Rare}",0.0207550289828516,0.98368989620843,1.00587964073324,5999
"{device=sterivex,method=filter,Sequencing_platform=Hiseq 2500R,volume=10}","{Classification=Rare}",0.00906356562817035,0.983988355167394,1.00618483222862,6001
"{device=sterivex,method=filter,Sequencing_platform=Hiseq 2500R}","{Classification=Rare}",0.0207550289828516,0.98368989620843,1.00587964073324,6002
"{size_fraction=>0.22 µm,device=sterivex,Sequencing_platform=Hiseq 2500R,volume=10}","{Classification=Rare}",0.00906356562817035,0.983988355167394,1.00618483222862,6005
"{size_fraction=>0.22 µm,device=sterivex,Sequencing_platform=Hiseq 2500R}","{Classification=Rare}",0.0207550289828516,0.98368989620843,1.00587964073324,6006
"{device=sterivex,Sequencing_platform=Hiseq 2500R,volume=10}","{Classification=Rare}",0.00906356562817035,0.983988355167394,1.00618483222862,6008
"{device=sterivex,Sequencing_platform=Hiseq 2500R}","{Classification=Rare}",0.0207550289828516,0.98368989620843,1.00587964073324,6009
"{size_fraction=>0.22 µm,device=membrane,method=filter,Sequencing_platform=Hiseq 2500R,volume=10}","{Classification=Rare}",0.0087104977363432,0.984840828701364,1.00705653557272,6013
"{size_fraction=>0.22 µm,method=filter,Sequencing_platform=Hiseq 2500R,volume=10}","{Classification=Rare}",0.0177740633645135,0.984405940594059,1.00661183740634,6014
"{size_fraction=>0.22 µm,device=membrane,method=filter,Sequencing_platform=Hiseq 2500R}","{Classification=Rare}",0.0087104977363432,0.984840828701364,1.00705653557272,6016
"{size_fraction=>0.22 µm,method=filter,Sequencing_platform=Hiseq 2500R}","{Classification=Rare}",0.0294655267191948,0.984029850746269,1.00622726385075,6017
"{device=membrane,method=filter,Sequencing_platform=Hiseq 2500R,volume=10}","{Classification=Rare}",0.0087104977363432,0.984840828701364,1.00705653557272,6020
"{method=filter,Sequencing_platform=Hiseq 2500R,volume=10}","{Classification=Rare}",0.0177740633645135,0.984405940594059,1.00661183740634,6021
"{device=membrane,method=filter,Sequencing_platform=Hiseq 2500R}","{Classification=Rare}",0.0087104977363432,0.984840828701364,1.00705653557272,6023
"{method=filter,Sequencing_platform=Hiseq 2500R}","{Classification=Rare}",0.0294655267191948,0.984029850746269,1.00622726385075,6024
"{size_fraction=>0.22 µm,device=membrane,Sequencing_platform=Hiseq 2500R,volume=10}","{Classification=Rare}",0.0087104977363432,0.984840828701364,1.00705653557272,6028
"{size_fraction=>0.22 µm,Sequencing_platform=Hiseq 2500R,volume=10}","{Classification=Rare}",0.0177740633645135,0.984405940594059,1.00661183740634,6029
"{size_fraction=>0.22 µm,device=membrane,Sequencing_platform=Hiseq 2500R}","{Classification=Rare}",0.0087104977363432,0.984840828701364,1.00705653557272,6031
"{size_fraction=>0.22 µm,Sequencing_platform=Hiseq 2500R}","{Classification=Rare}",0.0294655267191948,0.984029850746269,1.00622726385075,6032
"{size_fraction=0.22-3 µm,device=membrane,method=filter>filter>filter,Sequencing_platform=Hiseq 2500R,volume=100}","{Classification=Rare}",0.00261002087122854,0.983164983164983,1.0053428868786,6035
"{size_fraction=0.22-3 µm,method=filter>filter>filter,Sequencing_platform=Hiseq 2500R,volume=100}","{Classification=Rare}",0.00261002087122854,0.983164983164983,1.0053428868786,6036
"{size_fraction=0.22-3 µm,device=membrane,method=filter>filter>filter,Sequencing_platform=Hiseq 2500R}","{Classification=Rare}",0.00753956371534683,0.982527664531159,1.00469119182623,6038
"{size_fraction=0.22-3 µm,method=filter>filter>filter,Sequencing_platform=Hiseq 2500R}","{Classification=Rare}",0.00753956371534683,0.982527664531159,1.00469119182623,6039
"{size_fraction=0.22-3 µm,device=membrane,Sequencing_platform=Hiseq 2500R,volume=10}","{Classification=Rare}",0.00862111345993126,0.98468606431853,1.0068982800672,6042
"{size_fraction=0.22-3 µm,Sequencing_platform=Hiseq 2500R,volume=10}","{Classification=Rare}",0.00862111345993126,0.98468606431853,1.0068982800672,6043
"{size_fraction=0.22-3 µm,device=membrane,method=filter>filter>filtrate>filter,Sequencing_platform=Hiseq 2500R,volume=100}","{Classification=Rare}",0.0107484592385353,0.984445354072861,1.00665213996109,6045
"{size_fraction=0.22-3 µm,method=filter>filter>filtrate>filter,Sequencing_platform=Hiseq 2500R,volume=100}","{Classification=Rare}",0.0107484592385353,0.984445354072861,1.00665213996109,6046
"{size_fraction=0.22-3 µm,device=membrane,Sequencing_platform=Hiseq 2500R,volume=100}","{Classification=Rare}",0.0133584801097639,0.984194929206454,1.0063960660951,6048
"{size_fraction=0.22-3 µm,Sequencing_platform=Hiseq 2500R,volume=100}","{Classification=Rare}",0.0133584801097639,0.984194929206454,1.0063960660951,6049
"{size_fraction=0.22-3 µm,device=membrane,method=filter>filter>filtrate>filter,Sequencing_platform=Hiseq 2500R}","{Classification=Rare}",0.0158746474907599,0.984206151288446,1.00640754132103,6052
"{size_fraction=0.22-3 µm,method=filter>filter>filtrate>filter,Sequencing_platform=Hiseq 2500R}","{Classification=Rare}",0.0158746474907599,0.984206151288446,1.00640754132103,6053
"{size_fraction=0.22-3 µm,device=membrane,Sequencing_platform=Hiseq 2500R}","{Classification=Rare}",0.032035324666038,0.983939601921757,1.00613497922373,6055
"{size_fraction=0.22-3 µm,Sequencing_platform=Hiseq 2500R}","{Classification=Rare}",0.032035324666038,0.983939601921757,1.00613497922373,6056
"{size_fraction=3-20 µm,device=membrane,method=filter>filter>filter,Sequencing_platform=Hiseq 2500R,volume=100}","{Classification=Rare}",0.00342341778657716,0.984575835475578,1.00678556471923,6062
"{size_fraction=3-20 µm,method=filter>filter>filter,Sequencing_platform=Hiseq 2500R,volume=100}","{Classification=Rare}",0.00342341778657716,0.984575835475578,1.00678556471923,6063
"{size_fraction=3-20 µm,device=membrane,method=filter>filter>filter,Sequencing_platform=Hiseq 2500R}","{Classification=Rare}",0.0102300304353461,0.982825246887076,1.00499548694445,6065
"{size_fraction=3-20 µm,method=filter>filter>filter,Sequencing_platform=Hiseq 2500R}","{Classification=Rare}",0.0102300304353461,0.982825246887076,1.00499548694445,6066
"{size_fraction=>20 µm,device=membrane,method=filter>filter>filter,Sequencing_platform=Hiseq 2500R,volume=100}","{Classification=Rare}",0.0021005304956805,0.91796875,0.938675979100116,6069
"{size_fraction=>20 µm,method=filter>filter>filter,Sequencing_platform=Hiseq 2500R,volume=100}","{Classification=Rare}",0.0021005304956805,0.91796875,0.938675979100116,6070
"{device=membrane,method=filter>filter>filter,Sequencing_platform=Hiseq 2500R,volume=100}","{Classification=Rare}",0.00813396915348621,0.966029723991507,0.9878210963146,6072
"{method=filter>filter>filter,Sequencing_platform=Hiseq 2500R,volume=100}","{Classification=Rare}",0.00813396915348621,0.966029723991507,0.9878210963146,6073
"{size_fraction=>20 µm,device=membrane,method=filter>filter>filter,Sequencing_platform=Hiseq 2500R}","{Classification=Rare}",0.00919317282896766,0.963466042154567,0.985199583808437,6076
"{size_fraction=>20 µm,method=filter>filter>filter,Sequencing_platform=Hiseq 2500R}","{Classification=Rare}",0.00919317282896766,0.963466042154567,0.985199583808437,6077
"{device=membrane,method=filter>filter>filter,Sequencing_platform=Hiseq 2500R}","{Classification=Rare}",0.0269627669796606,0.97605565442485,0.998073188301291,6079
"{method=filter>filter>filter,Sequencing_platform=Hiseq 2500R}","{Classification=Rare}",0.0269627669796606,0.97605565442485,0.998073188301291,6080
"{size_fraction=3-20 µm,device=membrane,Sequencing_platform=Hiseq 2500R,volume=10}","{Classification=Rare}",0.00995740839228971,0.967433782023448,0.989256826613529,6085
"{size_fraction=3-20 µm,Sequencing_platform=Hiseq 2500R,volume=10}","{Classification=Rare}",0.00995740839228971,0.967433782023448,0.989256826613529,6086
"{device=membrane,Sequencing_platform=Hiseq 2500R,volume=10}","{Classification=Rare}",0.0272890195885642,0.97836885114565,1.00043856533264,6088
"{Sequencing_platform=Hiseq 2500R,volume=10}","{Classification=Rare}",0.0363525852167345,0.979763912310287,1.00186509581597,6089
"{size_fraction=3-20 µm,device=membrane,method=filter>filter>filtrate>filter,Sequencing_platform=Hiseq 2500R,volume=100}","{Classification=Rare}",0.0150701890030525,0.9862532904358,1.00850085914203,6092
"{size_fraction=3-20 µm,method=filter>filter>filtrate>filter,Sequencing_platform=Hiseq 2500R,volume=100}","{Classification=Rare}",0.0150701890030525,0.9862532904358,1.00850085914203,6093
"{size_fraction=3-20 µm,device=membrane,Sequencing_platform=Hiseq 2500R,volume=100}","{Classification=Rare}",0.0184936067896296,0.9859423397665,1.00818289415253,6095
"{size_fraction=3-20 µm,Sequencing_platform=Hiseq 2500R,volume=100}","{Classification=Rare}",0.0184936067896296,0.9859423397665,1.00818289415253,6096
"{size_fraction=3-20 µm,device=membrane,method=filter>filter>filtrate>filter,Sequencing_platform=Hiseq 2500R}","{Classification=Rare}",0.0229181284720205,0.987673343605547,1.00995294539168,6099
"{size_fraction=3-20 µm,method=filter>filter>filtrate>filter,Sequencing_platform=Hiseq 2500R}","{Classification=Rare}",0.0229181284720205,0.987673343605547,1.00995294539168,6100
"{size_fraction=3-20 µm,device=membrane,Sequencing_platform=Hiseq 2500R}","{Classification=Rare}",0.0431055672996563,0.981779315960912,1.00392596226162,6102
"{size_fraction=3-20 µm,Sequencing_platform=Hiseq 2500R}","{Classification=Rare}",0.0431055672996563,0.981779315960912,1.00392596226162,6103
"{size_fraction=>20 µm,device=membrane,method=filter>filter>filtrate>filter,Sequencing_platform=Hiseq 2500R,volume=100}","{Classification=Rare}",0.0089965274208614,0.954028436018957,0.975549087340334,6107
"{size_fraction=>20 µm,method=filter>filter>filtrate>filter,Sequencing_platform=Hiseq 2500R,volume=100}","{Classification=Rare}",0.0089965274208614,0.954028436018957,0.975549087340334,6108
"{size_fraction=>20 µm,device=membrane,Sequencing_platform=Hiseq 2500R,volume=100}","{Classification=Rare}",0.0110970579165419,0.94698703279939,0.968348846524547,6110
"{size_fraction=>20 µm,Sequencing_platform=Hiseq 2500R,volume=100}","{Classification=Rare}",0.0110970579165419,0.94698703279939,0.968348846524547,6111
"{device=membrane,method=filter>filter>filtrate>filter,Sequencing_platform=Hiseq 2500R,volume=100}","{Classification=Rare}",0.0348151756624492,0.977170095333668,0.999212768391826,6114
"{method=filter>filter>filtrate>filter,Sequencing_platform=Hiseq 2500R,volume=100}","{Classification=Rare}",0.0348151756624492,0.977170095333668,0.999212768391826,6115
"{device=membrane,Sequencing_platform=Hiseq 2500R,volume=100}","{Classification=Rare}",0.0429491448159354,0.975040584415584,0.997035220685506,6117
"{Sequencing_platform=Hiseq 2500R,volume=100}","{Classification=Rare}",0.0429491448159354,0.975040584415584,0.997035220685506,6118
"{size_fraction=>20 µm,device=membrane,method=filter>filter>filtrate>filter,Sequencing_platform=Hiseq 2500R}","{Classification=Rare}",0.013501494952023,0.956618112729576,0.978197181103757,6122
"{size_fraction=>20 µm,method=filter>filter>filtrate>filter,Sequencing_platform=Hiseq 2500R}","{Classification=Rare}",0.013501494952023,0.956618112729576,0.978197181103757,6123
"{size_fraction=>20 µm,device=membrane,Sequencing_platform=Hiseq 2500R}","{Classification=Rare}",0.0226946677809906,0.959380313621765,0.981021690790984,6125
"{size_fraction=>20 µm,Sequencing_platform=Hiseq 2500R}","{Classification=Rare}",0.0226946677809906,0.959380313621765,0.981021690790984,6126
"{device=membrane,method=filter>filter>filtrate>filter,Sequencing_platform=Hiseq 2500R}","{Classification=Rare}",0.0522942709148034,0.978426289823564,1.00049729969286,6129
"{method=filter>filter>filtrate>filter,Sequencing_platform=Hiseq 2500R}","{Classification=Rare}",0.0522942709148034,0.978426289823564,1.00049729969286,6130
"{device=membrane,Sequencing_platform=Hiseq 2500R}","{Classification=Rare}",0.106546057483028,0.977810590213691,0.999867711339082,6132
"{Sequencing_platform=Hiseq 2500R}","{Classification=Rare}",0.12730108646588,0.978764346093052,1.00084298172152,6133
"{size_fraction=>0.22 µm,Sequencing_strategy=MetaB18SV9,device=sterivex,method=filter,volume=10}","{Classification=Rare}",0.00906356562817035,0.983988355167394,1.00618483222862,6146
"{size_fraction=>0.22 µm,Sequencing_strategy=MetaB18SV9,device=sterivex,method=filter}","{Classification=Rare}",0.0207550289828516,0.98368989620843,1.00587964073324,6147
"{Sequencing_strategy=MetaB18SV9,device=sterivex,method=filter,volume=10}","{Classification=Rare}",0.00906356562817035,0.983988355167394,1.00618483222862,6149
"{Sequencing_strategy=MetaB18SV9,device=sterivex,method=filter}","{Classification=Rare}",0.0207550289828516,0.98368989620843,1.00587964073324,6150
"{size_fraction=>0.22 µm,Sequencing_strategy=MetaB18SV9,device=sterivex,volume=10}","{Classification=Rare}",0.00906356562817035,0.983988355167394,1.00618483222862,6153
"{size_fraction=>0.22 µm,Sequencing_strategy=MetaB18SV9,device=sterivex}","{Classification=Rare}",0.0207550289828516,0.98368989620843,1.00587964073324,6154
"{Sequencing_strategy=MetaB18SV9,device=sterivex,volume=10}","{Classification=Rare}",0.00906356562817035,0.983988355167394,1.00618483222862,6156
"{Sequencing_strategy=MetaB18SV9,device=sterivex}","{Classification=Rare}",0.0207550289828516,0.98368989620843,1.00587964073324,6157
"{size_fraction=>0.22 µm,Sequencing_strategy=MetaB18SV9,device=membrane,method=filter,volume=10}","{Classification=Rare}",0.0087104977363432,0.984840828701364,1.00705653557272,6161
"{size_fraction=>0.22 µm,Sequencing_strategy=MetaB18SV9,method=filter,volume=10}","{Classification=Rare}",0.0177740633645135,0.984405940594059,1.00661183740634,6162
"{size_fraction=>0.22 µm,Sequencing_strategy=MetaB18SV9,device=membrane,method=filter}","{Classification=Rare}",0.0087104977363432,0.984840828701364,1.00705653557272,6164
"{size_fraction=>0.22 µm,Sequencing_strategy=MetaB18SV9,method=filter}","{Classification=Rare}",0.0294655267191948,0.984029850746269,1.00622726385075,6165
"{Sequencing_strategy=MetaB18SV9,device=membrane,method=filter,volume=10}","{Classification=Rare}",0.0087104977363432,0.984840828701364,1.00705653557272,6168
"{Sequencing_strategy=MetaB18SV9,method=filter,volume=10}","{Classification=Rare}",0.0177740633645135,0.984405940594059,1.00661183740634,6169
"{Sequencing_strategy=MetaB18SV9,device=membrane,method=filter}","{Classification=Rare}",0.0087104977363432,0.984840828701364,1.00705653557272,6171
"{Sequencing_strategy=MetaB18SV9,method=filter}","{Classification=Rare}",0.0294655267191948,0.984029850746269,1.00622726385075,6172
"{size_fraction=>0.22 µm,Sequencing_strategy=MetaB18SV9,device=membrane,volume=10}","{Classification=Rare}",0.0087104977363432,0.984840828701364,1.00705653557272,6176
"{size_fraction=>0.22 µm,Sequencing_strategy=MetaB18SV9,volume=10}","{Classification=Rare}",0.0177740633645135,0.984405940594059,1.00661183740634,6177
"{size_fraction=>0.22 µm,Sequencing_strategy=MetaB18SV9,device=membrane}","{Classification=Rare}",0.0087104977363432,0.984840828701364,1.00705653557272,6179
"{size_fraction=>0.22 µm,Sequencing_strategy=MetaB18SV9}","{Classification=Rare}",0.0294655267191948,0.984029850746269,1.00622726385075,6180
"{size_fraction=0.22-3 µm,Sequencing_strategy=MetaB18SV9,device=membrane,method=filter>filter>filter,volume=100}","{Classification=Rare}",0.00261002087122854,0.983164983164983,1.0053428868786,6183
"{size_fraction=0.22-3 µm,Sequencing_strategy=MetaB18SV9,method=filter>filter>filter,volume=100}","{Classification=Rare}",0.00261002087122854,0.983164983164983,1.0053428868786,6184
"{size_fraction=0.22-3 µm,Sequencing_strategy=MetaB18SV9,device=membrane,method=filter>filter>filter}","{Classification=Rare}",0.00753956371534683,0.982527664531159,1.00469119182623,6186
"{size_fraction=0.22-3 µm,Sequencing_strategy=MetaB18SV9,method=filter>filter>filter}","{Classification=Rare}",0.00753956371534683,0.982527664531159,1.00469119182623,6187
"{size_fraction=0.22-3 µm,Sequencing_strategy=MetaB18SV9,device=membrane,volume=10}","{Classification=Rare}",0.00862111345993126,0.98468606431853,1.0068982800672,6190
"{size_fraction=0.22-3 µm,Sequencing_strategy=MetaB18SV9,volume=10}","{Classification=Rare}",0.00862111345993126,0.98468606431853,1.0068982800672,6191
"{size_fraction=0.22-3 µm,Sequencing_strategy=MetaB18SV9,device=membrane,method=filter>filter>filtrate>filter,volume=100}","{Classification=Rare}",0.0107484592385353,0.984445354072861,1.00665213996109,6193
"{size_fraction=0.22-3 µm,Sequencing_strategy=MetaB18SV9,method=filter>filter>filtrate>filter,volume=100}","{Classification=Rare}",0.0107484592385353,0.984445354072861,1.00665213996109,6194
"{size_fraction=0.22-3 µm,Sequencing_strategy=MetaB18SV9,device=membrane,volume=100}","{Classification=Rare}",0.0133584801097639,0.984194929206454,1.0063960660951,6196
"{size_fraction=0.22-3 µm,Sequencing_strategy=MetaB18SV9,volume=100}","{Classification=Rare}",0.0133584801097639,0.984194929206454,1.0063960660951,6197
"{size_fraction=0.22-3 µm,Sequencing_strategy=MetaB18SV9,device=membrane,method=filter>filter>filtrate>filter}","{Classification=Rare}",0.0179215474205932,0.983566347804758,1.00575330536639,6200
"{size_fraction=0.22-3 µm,Sequencing_strategy=MetaB18SV9,method=filter>filter>filtrate>filter}","{Classification=Rare}",0.0179215474205932,0.983566347804758,1.00575330536639,6201
"{size_fraction=0.22-3 µm,Sequencing_strategy=MetaB18SV9,device=membrane}","{Classification=Rare}",0.0340822245958713,0.98361924416355,1.00580739494339,6203
"{size_fraction=0.22-3 µm,Sequencing_strategy=MetaB18SV9}","{Classification=Rare}",0.0340822245958713,0.98361924416355,1.00580739494339,6204
"{size_fraction=3-20 µm,Sequencing_strategy=MetaB18SV9,device=membrane,method=filter>filter>filter,volume=100}","{Classification=Rare}",0.00342341778657716,0.984575835475578,1.00678556471923,6210
"{size_fraction=3-20 µm,Sequencing_strategy=MetaB18SV9,method=filter>filter>filter,volume=100}","{Classification=Rare}",0.00342341778657716,0.984575835475578,1.00678556471923,6211
"{size_fraction=3-20 µm,Sequencing_strategy=MetaB18SV9,device=membrane,method=filter>filter>filter}","{Classification=Rare}",0.0102300304353461,0.982825246887076,1.00499548694445,6213
"{size_fraction=3-20 µm,Sequencing_strategy=MetaB18SV9,method=filter>filter>filter}","{Classification=Rare}",0.0102300304353461,0.982825246887076,1.00499548694445,6214
"{size_fraction=>20 µm,Sequencing_strategy=MetaB18SV9,device=membrane,method=filter>filter>filter,volume=100}","{Classification=Rare}",0.0021005304956805,0.91796875,0.938675979100116,6217
"{size_fraction=>20 µm,Sequencing_strategy=MetaB18SV9,method=filter>filter>filter,volume=100}","{Classification=Rare}",0.0021005304956805,0.91796875,0.938675979100116,6218
"{Sequencing_strategy=MetaB18SV9,device=membrane,method=filter>filter>filter,volume=100}","{Classification=Rare}",0.00813396915348621,0.966029723991507,0.9878210963146,6220
"{Sequencing_strategy=MetaB18SV9,method=filter>filter>filter,volume=100}","{Classification=Rare}",0.00813396915348621,0.966029723991507,0.9878210963146,6221
"{size_fraction=>20 µm,Sequencing_strategy=MetaB18SV9,device=membrane,method=filter>filter>filter}","{Classification=Rare}",0.00919317282896766,0.963466042154567,0.985199583808437,6224
"{size_fraction=>20 µm,Sequencing_strategy=MetaB18SV9,method=filter>filter>filter}","{Classification=Rare}",0.00919317282896766,0.963466042154567,0.985199583808437,6225
"{Sequencing_strategy=MetaB18SV9,device=membrane,method=filter>filter>filter}","{Classification=Rare}",0.0269627669796606,0.97605565442485,0.998073188301291,6227
"{Sequencing_strategy=MetaB18SV9,method=filter>filter>filter}","{Classification=Rare}",0.0269627669796606,0.97605565442485,0.998073188301291,6228
"{size_fraction=3-20 µm,Sequencing_strategy=MetaB18SV9,device=membrane,volume=10}","{Classification=Rare}",0.00995740839228971,0.967433782023448,0.989256826613529,6233
"{size_fraction=3-20 µm,Sequencing_strategy=MetaB18SV9,volume=10}","{Classification=Rare}",0.00995740839228971,0.967433782023448,0.989256826613529,6234
"{Sequencing_strategy=MetaB18SV9,device=membrane,volume=10}","{Classification=Rare}",0.0272890195885642,0.97836885114565,1.00043856533264,6236
"{Sequencing_strategy=MetaB18SV9,volume=10}","{Classification=Rare}",0.0363525852167345,0.979763912310287,1.00186509581597,6237
"{size_fraction=3-20 µm,Sequencing_strategy=MetaB18SV9,device=membrane,method=filter>filter>filtrate>filter,volume=100}","{Classification=Rare}",0.0150701890030525,0.9862532904358,1.00850085914203,6240
"{size_fraction=3-20 µm,Sequencing_strategy=MetaB18SV9,method=filter>filter>filtrate>filter,volume=100}","{Classification=Rare}",0.0150701890030525,0.9862532904358,1.00850085914203,6241
"{size_fraction=3-20 µm,Sequencing_strategy=MetaB18SV9,device=membrane,volume=100}","{Classification=Rare}",0.0184936067896296,0.9859423397665,1.00818289415253,6243
"{size_fraction=3-20 µm,Sequencing_strategy=MetaB18SV9,volume=100}","{Classification=Rare}",0.0184936067896296,0.9859423397665,1.00818289415253,6244
"{size_fraction=3-20 µm,Sequencing_strategy=MetaB18SV9,device=membrane,method=filter>filter>filtrate>filter}","{Classification=Rare}",0.0254923956326843,0.986851211072664,1.00911226747073,6247
"{size_fraction=3-20 µm,Sequencing_strategy=MetaB18SV9,method=filter>filter>filtrate>filter}","{Classification=Rare}",0.0254923956326843,0.986851211072664,1.00911226747073,6248
"{size_fraction=3-20 µm,Sequencing_strategy=MetaB18SV9,device=membrane}","{Classification=Rare}",0.0456798344603201,0.981655781790242,1.00379964144885,6250
"{size_fraction=3-20 µm,Sequencing_strategy=MetaB18SV9}","{Classification=Rare}",0.0456798344603201,0.981655781790242,1.00379964144885,6251
"{size_fraction=>20 µm,Sequencing_strategy=MetaB18SV9,device=membrane,method=filter>filter>filtrate>filter,volume=100}","{Classification=Rare}",0.0089965274208614,0.954028436018957,0.975549087340334,6255
"{size_fraction=>20 µm,Sequencing_strategy=MetaB18SV9,method=filter>filter>filtrate>filter,volume=100}","{Classification=Rare}",0.0089965274208614,0.954028436018957,0.975549087340334,6256
"{size_fraction=>20 µm,Sequencing_strategy=MetaB18SV9,device=membrane,volume=100}","{Classification=Rare}",0.0110970579165419,0.94698703279939,0.968348846524547,6258
"{size_fraction=>20 µm,Sequencing_strategy=MetaB18SV9,volume=100}","{Classification=Rare}",0.0110970579165419,0.94698703279939,0.968348846524547,6259
"{Sequencing_strategy=MetaB18SV9,device=membrane,method=filter>filter>filtrate>filter,volume=100}","{Classification=Rare}",0.0348151756624492,0.977170095333668,0.999212768391826,6262
"{Sequencing_strategy=MetaB18SV9,method=filter>filter>filtrate>filter,volume=100}","{Classification=Rare}",0.0348151756624492,0.977170095333668,0.999212768391826,6263
"{Sequencing_strategy=MetaB18SV9,device=membrane,volume=100}","{Classification=Rare}",0.0429491448159354,0.975040584415584,0.997035220685506,6265
"{Sequencing_strategy=MetaB18SV9,volume=100}","{Classification=Rare}",0.0429491448159354,0.975040584415584,0.997035220685506,6266
"{size_fraction=>20 µm,Sequencing_strategy=MetaB18SV9,device=membrane,method=filter>filter>filtrate>filter}","{Classification=Rare}",0.0151282887827202,0.950308815272319,0.971745560644864,6270
"{size_fraction=>20 µm,Sequencing_strategy=MetaB18SV9,method=filter>filter>filtrate>filter}","{Classification=Rare}",0.0151282887827202,0.950308815272319,0.971745560644864,6271
"{size_fraction=>20 µm,Sequencing_strategy=MetaB18SV9,device=membrane}","{Classification=Rare}",0.0243214616116879,0.955239599789363,0.976787572134109,6273
"{size_fraction=>20 µm,Sequencing_strategy=MetaB18SV9}","{Classification=Rare}",0.0243214616116879,0.955239599789363,0.976787572134109,6274
"{Sequencing_strategy=MetaB18SV9,device=membrane,method=filter>filter>filtrate>filter}","{Classification=Rare}",0.0585422318359977,0.976153215589835,0.998172950218093,6277
"{Sequencing_strategy=MetaB18SV9,method=filter>filter>filtrate>filter}","{Classification=Rare}",0.0585422318359977,0.976153215589835,0.998172950218093,6278
"{Sequencing_strategy=MetaB18SV9,device=membrane}","{Classification=Rare}",0.112794018404223,0.976664989744979,0.998696268801822,6280
"{Sequencing_strategy=MetaB18SV9}","{Classification=Rare}",0.133549047387074,0.977750147241673,0.999805904914911,6281
"{size_fraction=>0.22 µm,Sequencing_strategy=MetaB16SV4V5 Sizing 500 bp,device=sterivex,method=filter,Sequencing_platform=Hiseq 2500 Rapid,volume=10}","{Classification=Rare}",0.0128534589480365,0.97458488647916,0.996569243268902,6293
"{size_fraction=>0.22 µm,Sequencing_strategy=MetaB16SV4V5 Sizing 500 bp,device=sterivex,method=filter,volume=10}","{Classification=Rare}",0.0128534589480365,0.97458488647916,0.996569243268902,6294
"{size_fraction=>0.22 µm,Sequencing_strategy=MetaB16SV4V5 Sizing 500 bp,device=sterivex,method=filter,Sequencing_platform=Hiseq 2500 Rapid}","{Classification=Rare}",0.0292152507452414,0.974508050089445,0.996490673629854,6296
"{size_fraction=>0.22 µm,Sequencing_strategy=MetaB16SV4V5 Sizing 500 bp,device=sterivex,method=filter}","{Classification=Rare}",0.0292152507452414,0.974508050089445,0.996490673629854,6297
"{size_fraction=>0.22 µm,Sequencing_strategy=MetaB16SV4V5 Sizing 400 bp,device=sterivex,method=filter,Sequencing_platform=Hiseq 2500 Rapid,volume=10}","{Classification=Rare}",0.012625529043186,0.98569434752268,1.00792930778341,6300
"{size_fraction=>0.22 µm,Sequencing_strategy=MetaB16SV4V5 Sizing 400 bp,device=sterivex,method=filter,volume=10}","{Classification=Rare}",0.012625529043186,0.98569434752268,1.00792930778341,6301
"{size_fraction=>0.22 µm,Sequencing_strategy=MetaB16SV4V5,device=sterivex,method=filter,Sequencing_platform=Hiseq 2500 Rapid,volume=10}","{Classification=Rare}",0.020285761531689,0.983745123537061,1.0059361138613,6303
"{size_fraction=>0.22 µm,Sequencing_strategy=MetaB16SV4V5,device=sterivex,method=filter,volume=10}","{Classification=Rare}",0.020285761531689,0.983745123537061,1.0059361138613,6304
"{size_fraction=>0.22 µm,device=sterivex,method=filter,Sequencing_platform=Hiseq 2500 Rapid,volume=10}","{Classification=Rare}",0.0457647495229114,0.981689195666762,1.00383380906431,6306
"{size_fraction=>0.22 µm,device=sterivex,method=filter,volume=10}","{Classification=Rare}",0.0574830281605163,0.981232834909979,1.00336715387567,6307
"{size_fraction=>0.22 µm,Sequencing_strategy=MetaB16SV4V5 Sizing 400 bp,device=sterivex,method=filter,Sequencing_platform=Hiseq 2500 Rapid}","{Classification=Rare}",0.0300107708053076,0.985760422783324,1.00799687354747,6311
"{size_fraction=>0.22 µm,Sequencing_strategy=MetaB16SV4V5 Sizing 400 bp,device=sterivex,method=filter}","{Classification=Rare}",0.0300107708053076,0.985760422783324,1.00799687354747,6312
"{size_fraction=>0.22 µm,Sequencing_strategy=MetaB16SV4V5,device=sterivex,method=filter,Sequencing_platform=Hiseq 2500 Rapid}","{Classification=Rare}",0.045215036222978,0.984143968871595,1.00634395621422,6314
"{size_fraction=>0.22 µm,Sequencing_strategy=MetaB16SV4V5,device=sterivex,method=filter}","{Classification=Rare}",0.045215036222978,0.984143968871595,1.00634395621422,6315
"{size_fraction=>0.22 µm,device=sterivex,method=filter,Sequencing_platform=Hiseq 2500 Rapid}","{Classification=Rare}",0.104441057773527,0.981890756302521,1.00403991643683,6317
"{size_fraction=>0.22 µm,device=sterivex,method=filter}","{Classification=Rare}",0.133995968769134,0.981022184412015,1.0031517515949,6318
"{Sequencing_strategy=MetaB16SV4V5 Sizing 500 bp,device=sterivex,method=filter,Sequencing_platform=Hiseq 2500 Rapid,volume=10}","{Classification=Rare}",0.0128534589480365,0.97458488647916,0.996569243268902,6324
"{Sequencing_strategy=MetaB16SV4V5 Sizing 500 bp,device=sterivex,method=filter,volume=10}","{Classification=Rare}",0.0128534589480365,0.97458488647916,0.996569243268902,6325
"{Sequencing_strategy=MetaB16SV4V5 Sizing 500 bp,device=sterivex,method=filter,Sequencing_platform=Hiseq 2500 Rapid}","{Classification=Rare}",0.0292152507452414,0.974508050089445,0.996490673629854,6327
"{Sequencing_strategy=MetaB16SV4V5 Sizing 500 bp,device=sterivex,method=filter}","{Classification=Rare}",0.0292152507452414,0.974508050089445,0.996490673629854,6328
"{Sequencing_strategy=MetaB16SV4V5 Sizing 400 bp,device=sterivex,method=filter,Sequencing_platform=Hiseq 2500 Rapid,volume=10}","{Classification=Rare}",0.012625529043186,0.98569434752268,1.00792930778341,6331
"{Sequencing_strategy=MetaB16SV4V5 Sizing 400 bp,device=sterivex,method=filter,volume=10}","{Classification=Rare}",0.012625529043186,0.98569434752268,1.00792930778341,6332
"{Sequencing_strategy=MetaB16SV4V5,device=sterivex,method=filter,Sequencing_platform=Hiseq 2500 Rapid,volume=10}","{Classification=Rare}",0.020285761531689,0.983745123537061,1.0059361138613,6334
"{Sequencing_strategy=MetaB16SV4V5,device=sterivex,method=filter,volume=10}","{Classification=Rare}",0.020285761531689,0.983745123537061,1.0059361138613,6335
"{device=sterivex,method=filter,Sequencing_platform=Hiseq 2500 Rapid,volume=10}","{Classification=Rare}",0.0457647495229114,0.981689195666762,1.00383380906431,6337
"{device=sterivex,method=filter,volume=10}","{Classification=Rare}",0.0574830281605163,0.981232834909979,1.00336715387567,6338
"{Sequencing_strategy=MetaB16SV4V5 Sizing 400 bp,device=sterivex,method=filter,Sequencing_platform=Hiseq 2500 Rapid}","{Classification=Rare}",0.0300107708053076,0.985760422783324,1.00799687354747,6342
"{Sequencing_strategy=MetaB16SV4V5 Sizing 400 bp,device=sterivex,method=filter}","{Classification=Rare}",0.0300107708053076,0.985760422783324,1.00799687354747,6343
"{Sequencing_strategy=MetaB16SV4V5,device=sterivex,method=filter,Sequencing_platform=Hiseq 2500 Rapid}","{Classification=Rare}",0.045215036222978,0.984143968871595,1.00634395621422,6345
"{Sequencing_strategy=MetaB16SV4V5,device=sterivex,method=filter}","{Classification=Rare}",0.045215036222978,0.984143968871595,1.00634395621422,6346
"{device=sterivex,method=filter,Sequencing_platform=Hiseq 2500 Rapid}","{Classification=Rare}",0.104441057773527,0.981890756302521,1.00403991643683,6348
"{device=sterivex,method=filter}","{Classification=Rare}",0.133995968769134,0.981022184412015,1.0031517515949,6349
"{size_fraction=>0.22 µm,Sequencing_strategy=MetaB16SV4V5 Sizing 500 bp,device=sterivex,Sequencing_platform=Hiseq 2500 Rapid,volume=10}","{Classification=Rare}",0.0128534589480365,0.97458488647916,0.996569243268902,6356
"{size_fraction=>0.22 µm,Sequencing_strategy=MetaB16SV4V5 Sizing 500 bp,device=sterivex,volume=10}","{Classification=Rare}",0.0128534589480365,0.97458488647916,0.996569243268902,6357
"{size_fraction=>0.22 µm,Sequencing_strategy=MetaB16SV4V5 Sizing 500 bp,device=sterivex,Sequencing_platform=Hiseq 2500 Rapid}","{Classification=Rare}",0.0292152507452414,0.974508050089445,0.996490673629854,6359
"{size_fraction=>0.22 µm,Sequencing_strategy=MetaB16SV4V5 Sizing 500 bp,device=sterivex}","{Classification=Rare}",0.0292152507452414,0.974508050089445,0.996490673629854,6360
"{size_fraction=>0.22 µm,Sequencing_strategy=MetaB16SV4V5 Sizing 400 bp,device=sterivex,Sequencing_platform=Hiseq 2500 Rapid,volume=10}","{Classification=Rare}",0.012625529043186,0.98569434752268,1.00792930778341,6363
"{size_fraction=>0.22 µm,Sequencing_strategy=MetaB16SV4V5 Sizing 400 bp,device=sterivex,volume=10}","{Classification=Rare}",0.012625529043186,0.98569434752268,1.00792930778341,6364
"{size_fraction=>0.22 µm,Sequencing_strategy=MetaB16SV4V5,device=sterivex,Sequencing_platform=Hiseq 2500 Rapid,volume=10}","{Classification=Rare}",0.020285761531689,0.983745123537061,1.0059361138613,6366
"{size_fraction=>0.22 µm,Sequencing_strategy=MetaB16SV4V5,device=sterivex,volume=10}","{Classification=Rare}",0.020285761531689,0.983745123537061,1.0059361138613,6367
"{size_fraction=>0.22 µm,device=sterivex,Sequencing_platform=Hiseq 2500 Rapid,volume=10}","{Classification=Rare}",0.0457647495229114,0.981689195666762,1.00383380906431,6369
"{size_fraction=>0.22 µm,device=sterivex,volume=10}","{Classification=Rare}",0.0574830281605163,0.981232834909979,1.00336715387567,6370
"{size_fraction=>0.22 µm,Sequencing_strategy=MetaB16SV4V5 Sizing 400 bp,device=sterivex,Sequencing_platform=Hiseq 2500 Rapid}","{Classification=Rare}",0.0300107708053076,0.985760422783324,1.00799687354747,6374
"{size_fraction=>0.22 µm,Sequencing_strategy=MetaB16SV4V5 Sizing 400 bp,device=sterivex}","{Classification=Rare}",0.0300107708053076,0.985760422783324,1.00799687354747,6375
"{size_fraction=>0.22 µm,Sequencing_strategy=MetaB16SV4V5,device=sterivex,Sequencing_platform=Hiseq 2500 Rapid}","{Classification=Rare}",0.045215036222978,0.984143968871595,1.00634395621422,6377
"{size_fraction=>0.22 µm,Sequencing_strategy=MetaB16SV4V5,device=sterivex}","{Classification=Rare}",0.045215036222978,0.984143968871595,1.00634395621422,6378
"{size_fraction=>0.22 µm,device=sterivex,Sequencing_platform=Hiseq 2500 Rapid}","{Classification=Rare}",0.104441057773527,0.981890756302521,1.00403991643683,6380
"{size_fraction=>0.22 µm,device=sterivex}","{Classification=Rare}",0.133995968769134,0.981022184412015,1.0031517515949,6381
"{Sequencing_strategy=MetaB16SV4V5 Sizing 500 bp,device=sterivex,Sequencing_platform=Hiseq 2500 Rapid,volume=10}","{Classification=Rare}",0.0128534589480365,0.97458488647916,0.996569243268902,6387
"{Sequencing_strategy=MetaB16SV4V5 Sizing 500 bp,device=sterivex,volume=10}","{Classification=Rare}",0.0128534589480365,0.97458488647916,0.996569243268902,6388
"{Sequencing_strategy=MetaB16SV4V5 Sizing 500 bp,device=sterivex,Sequencing_platform=Hiseq 2500 Rapid}","{Classification=Rare}",0.0292152507452414,0.974508050089445,0.996490673629854,6390
"{Sequencing_strategy=MetaB16SV4V5 Sizing 500 bp,device=sterivex}","{Classification=Rare}",0.0292152507452414,0.974508050089445,0.996490673629854,6391
"{Sequencing_strategy=MetaB16SV4V5 Sizing 400 bp,device=sterivex,Sequencing_platform=Hiseq 2500 Rapid,volume=10}","{Classification=Rare}",0.012625529043186,0.98569434752268,1.00792930778341,6394
"{Sequencing_strategy=MetaB16SV4V5 Sizing 400 bp,device=sterivex,volume=10}","{Classification=Rare}",0.012625529043186,0.98569434752268,1.00792930778341,6395
"{Sequencing_strategy=MetaB16SV4V5,device=sterivex,Sequencing_platform=Hiseq 2500 Rapid,volume=10}","{Classification=Rare}",0.020285761531689,0.983745123537061,1.0059361138613,6397
"{Sequencing_strategy=MetaB16SV4V5,device=sterivex,volume=10}","{Classification=Rare}",0.020285761531689,0.983745123537061,1.0059361138613,6398
"{device=sterivex,Sequencing_platform=Hiseq 2500 Rapid,volume=10}","{Classification=Rare}",0.0457647495229114,0.981689195666762,1.00383380906431,6400
"{device=sterivex,volume=10}","{Classification=Rare}",0.0574830281605163,0.981232834909979,1.00336715387567,6401
"{Sequencing_strategy=MetaB16SV4V5 Sizing 400 bp,device=sterivex,Sequencing_platform=Hiseq 2500 Rapid}","{Classification=Rare}",0.0300107708053076,0.985760422783324,1.00799687354747,6405
"{Sequencing_strategy=MetaB16SV4V5 Sizing 400 bp,device=sterivex}","{Classification=Rare}",0.0300107708053076,0.985760422783324,1.00799687354747,6406
"{Sequencing_strategy=MetaB16SV4V5,device=sterivex,Sequencing_platform=Hiseq 2500 Rapid}","{Classification=Rare}",0.045215036222978,0.984143968871595,1.00634395621422,6408
"{Sequencing_strategy=MetaB16SV4V5,device=sterivex}","{Classification=Rare}",0.045215036222978,0.984143968871595,1.00634395621422,6409
"{device=sterivex,Sequencing_platform=Hiseq 2500 Rapid}","{Classification=Rare}",0.104441057773527,0.981890756302521,1.00403991643683,6411
"{device=sterivex}","{Classification=Rare}",0.133995968769134,0.981022184412015,1.0031517515949,6412
"{size_fraction=>0.22 µm,Sequencing_strategy=MetaB16SV4V5 Sizing 500 bp,device=membrane,method=filter,Sequencing_platform=Hiseq 2500 Rapid,volume=10}","{Classification=Rare}",0.012138384736741,0.962779156327543,0.984497203442862,6420
"{size_fraction=>0.22 µm,Sequencing_strategy=MetaB16SV4V5 Sizing 500 bp,method=filter,Sequencing_platform=Hiseq 2500 Rapid,volume=10}","{Classification=Rare}",0.0249918436847774,0.968814968814969,0.99066916975032,6421
"{size_fraction=>0.22 µm,Sequencing_strategy=MetaB16SV4V5 Sizing 500 bp,device=membrane,method=filter,volume=10}","{Classification=Rare}",0.012138384736741,0.962779156327543,0.984497203442862,6423
"{size_fraction=>0.22 µm,Sequencing_strategy=MetaB16SV4V5 Sizing 500 bp,method=filter,volume=10}","{Classification=Rare}",0.0249918436847774,0.968814968814969,0.99066916975032,6424
"{size_fraction=>0.22 µm,Sequencing_strategy=MetaB16SV4V5 Sizing 500 bp,device=membrane,method=filter,Sequencing_platform=Hiseq 2500 Rapid}","{Classification=Rare}",0.012138384736741,0.962779156327543,0.984497203442862,6427
"{size_fraction=>0.22 µm,Sequencing_strategy=MetaB16SV4V5 Sizing 500 bp,method=filter,Sequencing_platform=Hiseq 2500 Rapid}","{Classification=Rare}",0.0413536354819824,0.971035785496904,0.992940082865083,6428
"{size_fraction=>0.22 µm,Sequencing_strategy=MetaB16SV4V5 Sizing 500 bp,device=membrane,method=filter}","{Classification=Rare}",0.012138384736741,0.962779156327543,0.984497203442862,6430
"{size_fraction=>0.22 µm,Sequencing_strategy=MetaB16SV4V5 Sizing 500 bp,method=filter}","{Classification=Rare}",0.0413536354819824,0.971035785496904,0.992940082865083,6431
"{size_fraction=>0.22 µm,Sequencing_strategy=MetaB16SV4V5 Sizing 400 bp,device=membrane,method=filter,Sequencing_platform=Hiseq 2500 Rapid,volume=10}","{Classification=Rare}",0.0133316648268403,0.986768111147866,1.00902729300588,6435
"{size_fraction=>0.22 µm,Sequencing_strategy=MetaB16SV4V5 Sizing 400 bp,method=filter,Sequencing_platform=Hiseq 2500 Rapid,volume=10}","{Classification=Rare}",0.0259571938700263,0.986245542536933,1.00849293646868,6436
"{size_fraction=>0.22 µm,Sequencing_strategy=MetaB16SV4V5 Sizing 400 bp,device=membrane,method=filter,volume=10}","{Classification=Rare}",0.0133316648268403,0.986768111147866,1.00902729300588,6438
"{size_fraction=>0.22 µm,Sequencing_strategy=MetaB16SV4V5 Sizing 400 bp,method=filter,volume=10}","{Classification=Rare}",0.0259571938700263,0.986245542536933,1.00849293646868,6439
"{size_fraction=>0.22 µm,Sequencing_strategy=MetaB16SV4V5,device=membrane,method=filter,Sequencing_platform=Hiseq 2500 Rapid,volume=10}","{Classification=Rare}",0.0226052835045787,0.986157145642425,1.00840254554687,6442
"{size_fraction=>0.22 µm,Sequencing_strategy=MetaB16SV4V5,method=filter,Sequencing_platform=Hiseq 2500 Rapid,volume=10}","{Classification=Rare}",0.0428910450362677,0.985014882479729,1.00723451559745,6443
"{size_fraction=>0.22 µm,Sequencing_strategy=MetaB16SV4V5,device=membrane,method=filter,volume=10}","{Classification=Rare}",0.0226052835045787,0.986157145642425,1.00840254554687,6445
"{size_fraction=>0.22 µm,Sequencing_strategy=MetaB16SV4V5,method=filter,volume=10}","{Classification=Rare}",0.0428910450362677,0.985014882479729,1.00723451559745,6446
"{size_fraction=>0.22 µm,device=membrane,method=filter,Sequencing_platform=Hiseq 2500 Rapid,volume=10}","{Classification=Rare}",0.04807533306816,0.980315319420396,1.00242894138148,6449
"{size_fraction=>0.22 µm,method=filter,Sequencing_platform=Hiseq 2500 Rapid,volume=10}","{Classification=Rare}",0.0938400825910714,0.980984862642497,1.00311358793351,6450
"{size_fraction=>0.22 µm,device=membrane,method=filter,volume=10}","{Classification=Rare}",0.0592841213302168,0.980413895048041,1.00252974064485,6452
"{size_fraction=>0.22 µm,method=filter,volume=10}","{Classification=Rare}",0.116767149490733,0.980816878144005,1.00294181409742,6453
"{size_fraction=>0.22 µm,Sequencing_strategy=MetaB16SV4V5 Sizing 400 bp,device=membrane,method=filter,Sequencing_platform=Hiseq 2500 Rapid}","{Classification=Rare}",0.0133316648268403,0.986768111147866,1.00902729300588,6458
"{size_fraction=>0.22 µm,Sequencing_strategy=MetaB16SV4V5 Sizing 400 bp,method=filter,Sequencing_platform=Hiseq 2500 Rapid}","{Classification=Rare}",0.043342435632148,0.986070157600407,1.00831359525797,6459
"{size_fraction=>0.22 µm,Sequencing_strategy=MetaB16SV4V5 Sizing 400 bp,device=membrane,method=filter}","{Classification=Rare}",0.0133316648268403,0.986768111147866,1.00902729300588,6461
"{size_fraction=>0.22 µm,Sequencing_strategy=MetaB16SV4V5 Sizing 400 bp,method=filter}","{Classification=Rare}",0.043342435632148,0.986070157600407,1.00831359525797,6462
"{size_fraction=>0.22 µm,Sequencing_strategy=MetaB16SV4V5,device=membrane,method=filter,Sequencing_platform=Hiseq 2500 Rapid}","{Classification=Rare}",0.0226052835045787,0.986157145642425,1.00840254554687,6465
"{size_fraction=>0.22 µm,Sequencing_strategy=MetaB16SV4V5,method=filter,Sequencing_platform=Hiseq 2500 Rapid}","{Classification=Rare}",0.0678203197275567,0.984814069699526,1.00702917295036,6466
"{size_fraction=>0.22 µm,Sequencing_strategy=MetaB16SV4V5,device=membrane,method=filter}","{Classification=Rare}",0.0226052835045787,0.986157145642425,1.00840254554687,6468
"{size_fraction=>0.22 µm,Sequencing_strategy=MetaB16SV4V5,method=filter}","{Classification=Rare}",0.0678203197275567,0.984814069699526,1.00702917295036,6469
"{size_fraction=>0.22 µm,device=membrane,method=filter,Sequencing_platform=Hiseq 2500 Rapid}","{Classification=Rare}",0.04807533306816,0.980315319420396,1.00242894138148,6472
"{size_fraction=>0.22 µm,method=filter,Sequencing_platform=Hiseq 2500 Rapid}","{Classification=Rare}",0.152516390841687,0.981393609984758,1.0035315556603,6473
"{size_fraction=>0.22 µm,device=membrane,method=filter}","{Classification=Rare}",0.0592841213302168,0.980413895048041,1.00252974064485,6475
"{size_fraction=>0.22 µm,method=filter}","{Classification=Rare}",0.193280090099351,0.980835525718951,1.00296088231807,6476
"{Sequencing_strategy=MetaB16SV4V5 Sizing 500 bp,device=membrane,method=filter,Sequencing_platform=Hiseq 2500 Rapid,volume=10}","{Classification=Rare}",0.012138384736741,0.962779156327543,0.984497203442862,6483
"{Sequencing_strategy=MetaB16SV4V5 Sizing 500 bp,method=filter,Sequencing_platform=Hiseq 2500 Rapid,volume=10}","{Classification=Rare}",0.0249918436847774,0.968814968814969,0.99066916975032,6484
"{Sequencing_strategy=MetaB16SV4V5 Sizing 500 bp,device=membrane,method=filter,volume=10}","{Classification=Rare}",0.012138384736741,0.962779156327543,0.984497203442862,6486
"{Sequencing_strategy=MetaB16SV4V5 Sizing 500 bp,method=filter,volume=10}","{Classification=Rare}",0.0249918436847774,0.968814968814969,0.99066916975032,6487
"{Sequencing_strategy=MetaB16SV4V5 Sizing 500 bp,device=membrane,method=filter,Sequencing_platform=Hiseq 2500 Rapid}","{Classification=Rare}",0.012138384736741,0.962779156327543,0.984497203442862,6490
"{Sequencing_strategy=MetaB16SV4V5 Sizing 500 bp,method=filter,Sequencing_platform=Hiseq 2500 Rapid}","{Classification=Rare}",0.0413536354819824,0.971035785496904,0.992940082865083,6491
"{Sequencing_strategy=MetaB16SV4V5 Sizing 500 bp,device=membrane,method=filter}","{Classification=Rare}",0.012138384736741,0.962779156327543,0.984497203442862,6493
"{Sequencing_strategy=MetaB16SV4V5 Sizing 500 bp,method=filter}","{Classification=Rare}",0.0413536354819824,0.971035785496904,0.992940082865083,6494
"{Sequencing_strategy=MetaB16SV4V5 Sizing 400 bp,device=membrane,method=filter,Sequencing_platform=Hiseq 2500 Rapid,volume=10}","{Classification=Rare}",0.0133316648268403,0.986768111147866,1.00902729300588,6498
"{Sequencing_strategy=MetaB16SV4V5 Sizing 400 bp,method=filter,Sequencing_platform=Hiseq 2500 Rapid,volume=10}","{Classification=Rare}",0.0259571938700263,0.986245542536933,1.00849293646868,6499
"{Sequencing_strategy=MetaB16SV4V5 Sizing 400 bp,device=membrane,method=filter,volume=10}","{Classification=Rare}",0.0133316648268403,0.986768111147866,1.00902729300588,6501
"{Sequencing_strategy=MetaB16SV4V5 Sizing 400 bp,method=filter,volume=10}","{Classification=Rare}",0.0259571938700263,0.986245542536933,1.00849293646868,6502
"{Sequencing_strategy=MetaB16SV4V5,device=membrane,method=filter,Sequencing_platform=Hiseq 2500 Rapid,volume=10}","{Classification=Rare}",0.0226052835045787,0.986157145642425,1.00840254554687,6505
"{Sequencing_strategy=MetaB16SV4V5,method=filter,Sequencing_platform=Hiseq 2500 Rapid,volume=10}","{Classification=Rare}",0.0428910450362677,0.985014882479729,1.00723451559745,6506
"{Sequencing_strategy=MetaB16SV4V5,device=membrane,method=filter,volume=10}","{Classification=Rare}",0.0226052835045787,0.986157145642425,1.00840254554687,6508
"{Sequencing_strategy=MetaB16SV4V5,method=filter,volume=10}","{Classification=Rare}",0.0428910450362677,0.985014882479729,1.00723451559745,6509
"{device=membrane,method=filter,Sequencing_platform=Hiseq 2500 Rapid,volume=10}","{Classification=Rare}",0.04807533306816,0.980315319420396,1.00242894138148,6512
"{method=filter,Sequencing_platform=Hiseq 2500 Rapid,volume=10}","{Classification=Rare}",0.0938400825910714,0.980984862642497,1.00311358793351,6513
"{device=membrane,method=filter,volume=10}","{Classification=Rare}",0.0592841213302168,0.980413895048041,1.00252974064485,6515
"{method=filter,volume=10}","{Classification=Rare}",0.116767149490733,0.980816878144005,1.00294181409742,6516
"{Sequencing_strategy=MetaB16SV4V5 Sizing 400 bp,device=membrane,method=filter,Sequencing_platform=Hiseq 2500 Rapid}","{Classification=Rare}",0.0133316648268403,0.986768111147866,1.00902729300588,6521
"{Sequencing_strategy=MetaB16SV4V5 Sizing 400 bp,method=filter,Sequencing_platform=Hiseq 2500 Rapid}","{Classification=Rare}",0.043342435632148,0.986070157600407,1.00831359525797,6522
"{Sequencing_strategy=MetaB16SV4V5 Sizing 400 bp,device=membrane,method=filter}","{Classification=Rare}",0.0133316648268403,0.986768111147866,1.00902729300588,6524
"{Sequencing_strategy=MetaB16SV4V5 Sizing 400 bp,method=filter}","{Classification=Rare}",0.043342435632148,0.986070157600407,1.00831359525797,6525
"{Sequencing_strategy=MetaB16SV4V5,device=membrane,method=filter,Sequencing_platform=Hiseq 2500 Rapid}","{Classification=Rare}",0.0226052835045787,0.986157145642425,1.00840254554687,6528
"{Sequencing_strategy=MetaB16SV4V5,method=filter,Sequencing_platform=Hiseq 2500 Rapid}","{Classification=Rare}",0.0678203197275567,0.984814069699526,1.00702917295036,6529
"{Sequencing_strategy=MetaB16SV4V5,device=membrane,method=filter}","{Classification=Rare}",0.0226052835045787,0.986157145642425,1.00840254554687,6531
"{Sequencing_strategy=MetaB16SV4V5,method=filter}","{Classification=Rare}",0.0678203197275567,0.984814069699526,1.00702917295036,6532
"{device=membrane,method=filter,Sequencing_platform=Hiseq 2500 Rapid}","{Classification=Rare}",0.04807533306816,0.980315319420396,1.00242894138148,6535
"{method=filter,Sequencing_platform=Hiseq 2500 Rapid}","{Classification=Rare}",0.152516390841687,0.981393609984758,1.0035315556603,6536
"{device=membrane,method=filter}","{Classification=Rare}",0.0592841213302168,0.980413895048041,1.00252974064485,6538
"{method=filter}","{Classification=Rare}",0.193280090099351,0.980835525718951,1.00296088231807,6539
"{size_fraction=>0.22 µm,Sequencing_strategy=MetaB16SV4V5 Sizing 500 bp,device=membrane,Sequencing_platform=Hiseq 2500 Rapid,volume=10}","{Classification=Rare}",0.012138384736741,0.962779156327543,0.984497203442862,6547
"{size_fraction=>0.22 µm,Sequencing_strategy=MetaB16SV4V5 Sizing 500 bp,Sequencing_platform=Hiseq 2500 Rapid,volume=10}","{Classification=Rare}",0.0249918436847774,0.968814968814969,0.99066916975032,6548
"{size_fraction=>0.22 µm,Sequencing_strategy=MetaB16SV4V5 Sizing 500 bp,device=membrane,volume=10}","{Classification=Rare}",0.012138384736741,0.962779156327543,0.984497203442862,6550
"{size_fraction=>0.22 µm,Sequencing_strategy=MetaB16SV4V5 Sizing 500 bp,volume=10}","{Classification=Rare}",0.0249918436847774,0.968814968814969,0.99066916975032,6551
"{size_fraction=>0.22 µm,Sequencing_strategy=MetaB16SV4V5 Sizing 500 bp,device=membrane,Sequencing_platform=Hiseq 2500 Rapid}","{Classification=Rare}",0.012138384736741,0.962779156327543,0.984497203442862,6554
"{size_fraction=>0.22 µm,Sequencing_strategy=MetaB16SV4V5 Sizing 500 bp,Sequencing_platform=Hiseq 2500 Rapid}","{Classification=Rare}",0.0413536354819824,0.971035785496904,0.992940082865083,6555
"{size_fraction=>0.22 µm,Sequencing_strategy=MetaB16SV4V5 Sizing 500 bp,device=membrane}","{Classification=Rare}",0.012138384736741,0.962779156327543,0.984497203442862,6557
"{size_fraction=>0.22 µm,Sequencing_strategy=MetaB16SV4V5 Sizing 500 bp}","{Classification=Rare}",0.0413536354819824,0.971035785496904,0.992940082865083,6558
"{size_fraction=>0.22 µm,Sequencing_strategy=MetaB16SV4V5 Sizing 400 bp,device=membrane,Sequencing_platform=Hiseq 2500 Rapid,volume=10}","{Classification=Rare}",0.0133316648268403,0.986768111147866,1.00902729300588,6562
"{size_fraction=>0.22 µm,Sequencing_strategy=MetaB16SV4V5 Sizing 400 bp,Sequencing_platform=Hiseq 2500 Rapid,volume=10}","{Classification=Rare}",0.0259571938700263,0.986245542536933,1.00849293646868,6563
"{size_fraction=>0.22 µm,Sequencing_strategy=MetaB16SV4V5 Sizing 400 bp,device=membrane,volume=10}","{Classification=Rare}",0.0133316648268403,0.986768111147866,1.00902729300588,6565
"{size_fraction=>0.22 µm,Sequencing_strategy=MetaB16SV4V5 Sizing 400 bp,volume=10}","{Classification=Rare}",0.0259571938700263,0.986245542536933,1.00849293646868,6566
"{size_fraction=>0.22 µm,Sequencing_strategy=MetaB16SV4V5,device=membrane,Sequencing_platform=Hiseq 2500 Rapid,volume=10}","{Classification=Rare}",0.0226052835045787,0.986157145642425,1.00840254554687,6569
"{size_fraction=>0.22 µm,Sequencing_strategy=MetaB16SV4V5,Sequencing_platform=Hiseq 2500 Rapid,volume=10}","{Classification=Rare}",0.0428910450362677,0.985014882479729,1.00723451559745,6570
"{size_fraction=>0.22 µm,Sequencing_strategy=MetaB16SV4V5,device=membrane,volume=10}","{Classification=Rare}",0.0226052835045787,0.986157145642425,1.00840254554687,6572
"{size_fraction=>0.22 µm,Sequencing_strategy=MetaB16SV4V5,volume=10}","{Classification=Rare}",0.0428910450362677,0.985014882479729,1.00723451559745,6573
"{size_fraction=>0.22 µm,device=membrane,Sequencing_platform=Hiseq 2500 Rapid,volume=10}","{Classification=Rare}",0.04807533306816,0.980315319420396,1.00242894138148,6576
"{size_fraction=>0.22 µm,Sequencing_platform=Hiseq 2500 Rapid,volume=10}","{Classification=Rare}",0.0938400825910714,0.980984862642497,1.00311358793351,6577
"{size_fraction=>0.22 µm,device=membrane,volume=10}","{Classification=Rare}",0.0592841213302168,0.980413895048041,1.00252974064485,6579
"{size_fraction=>0.22 µm,volume=10}","{Classification=Rare}",0.116767149490733,0.980816878144005,1.00294181409742,6580
"{size_fraction=>0.22 µm,Sequencing_strategy=MetaB16SV4V5 Sizing 400 bp,device=membrane,Sequencing_platform=Hiseq 2500 Rapid}","{Classification=Rare}",0.0133316648268403,0.986768111147866,1.00902729300588,6585
"{size_fraction=>0.22 µm,Sequencing_strategy=MetaB16SV4V5 Sizing 400 bp,Sequencing_platform=Hiseq 2500 Rapid}","{Classification=Rare}",0.043342435632148,0.986070157600407,1.00831359525797,6586
"{size_fraction=>0.22 µm,Sequencing_strategy=MetaB16SV4V5 Sizing 400 bp,device=membrane}","{Classification=Rare}",0.0133316648268403,0.986768111147866,1.00902729300588,6588
"{size_fraction=>0.22 µm,Sequencing_strategy=MetaB16SV4V5 Sizing 400 bp}","{Classification=Rare}",0.043342435632148,0.986070157600407,1.00831359525797,6589
"{size_fraction=>0.22 µm,Sequencing_strategy=MetaB16SV4V5,device=membrane,Sequencing_platform=Hiseq 2500 Rapid}","{Classification=Rare}",0.0226052835045787,0.986157145642425,1.00840254554687,6592
"{size_fraction=>0.22 µm,Sequencing_strategy=MetaB16SV4V5,Sequencing_platform=Hiseq 2500 Rapid}","{Classification=Rare}",0.0678203197275567,0.984814069699526,1.00702917295036,6593
"{size_fraction=>0.22 µm,Sequencing_strategy=MetaB16SV4V5,device=membrane}","{Classification=Rare}",0.0226052835045787,0.986157145642425,1.00840254554687,6595
"{size_fraction=>0.22 µm,Sequencing_strategy=MetaB16SV4V5}","{Classification=Rare}",0.0678203197275567,0.984814069699526,1.00702917295036,6596
"{size_fraction=>0.22 µm,device=membrane,Sequencing_platform=Hiseq 2500 Rapid}","{Classification=Rare}",0.04807533306816,0.980315319420396,1.00242894138148,6599
"{size_fraction=>0.22 µm,Sequencing_platform=Hiseq 2500 Rapid}","{Classification=Rare}",0.152516390841687,0.981393609984758,1.0035315556603,6600
"{size_fraction=>0.22 µm,device=membrane}","{Classification=Rare}",0.0592841213302168,0.980413895048041,1.00252974064485,6602
"{size_fraction=>0.22 µm}","{Classification=Rare}",0.193280090099351,0.980835525718951,1.00296088231807,6603
"{size_fraction=0.22-3 µm,Sequencing_strategy=MetaB16SV4V5 Sizing 500 bp,device=membrane,method=filter>filter>filter,Sequencing_platform=Hiseq 2500 Rapid,volume=100}","{Classification=Rare}",0.00307928832239121,0.981481481481482,1.00362140933257,6610
"{size_fraction=0.22-3 µm,Sequencing_strategy=MetaB16SV4V5 Sizing 500 bp,method=filter>filter>filter,Sequencing_platform=Hiseq 2500 Rapid,volume=100}","{Classification=Rare}",0.00307928832239121,0.981481481481482,1.00362140933257,6611
"{size_fraction=0.22-3 µm,Sequencing_strategy=MetaB16SV4V5 Sizing 500 bp,device=membrane,method=filter>filter>filter,volume=100}","{Classification=Rare}",0.00307928832239121,0.981481481481482,1.00362140933257,6613
"{size_fraction=0.22-3 µm,Sequencing_strategy=MetaB16SV4V5 Sizing 500 bp,method=filter>filter>filter,volume=100}","{Classification=Rare}",0.00307928832239121,0.981481481481482,1.00362140933257,6614
"{size_fraction=0.22-3 µm,Sequencing_strategy=MetaB16SV4V5 Sizing 500 bp,device=membrane,method=filter>filter>filter,Sequencing_platform=Hiseq 2500 Rapid}","{Classification=Rare}",0.0105071216922231,0.972693421597021,0.994635111360627,6617
"{size_fraction=0.22-3 µm,Sequencing_strategy=MetaB16SV4V5 Sizing 500 bp,method=filter>filter>filter,Sequencing_platform=Hiseq 2500 Rapid}","{Classification=Rare}",0.0105071216922231,0.972693421597021,0.994635111360627,6618
"{size_fraction=0.22-3 µm,Sequencing_strategy=MetaB16SV4V5 Sizing 500 bp,device=membrane,method=filter>filter>filter}","{Classification=Rare}",0.0105071216922231,0.972693421597021,0.994635111360627,6620
"{size_fraction=0.22-3 µm,Sequencing_strategy=MetaB16SV4V5 Sizing 500 bp,method=filter>filter>filter}","{Classification=Rare}",0.0105071216922231,0.972693421597021,0.994635111360627,6621
"{size_fraction=0.22-3 µm,Sequencing_strategy=MetaB16SV4V5 Sizing 500 bp,device=membrane,Sequencing_platform=Hiseq 2500 Rapid,volume=10}","{Classification=Rare}",0.0121071002399968,0.966119828815977,0.987913233693275,6625
"{size_fraction=0.22-3 µm,Sequencing_strategy=MetaB16SV4V5 Sizing 500 bp,Sequencing_platform=Hiseq 2500 Rapid,volume=10}","{Classification=Rare}",0.0121071002399968,0.966119828815977,0.987913233693275,6626
"{size_fraction=0.22-3 µm,Sequencing_strategy=MetaB16SV4V5 Sizing 500 bp,device=membrane,volume=10}","{Classification=Rare}",0.0121071002399968,0.966119828815977,0.987913233693275,6628
"{size_fraction=0.22-3 µm,Sequencing_strategy=MetaB16SV4V5 Sizing 500 bp,volume=10}","{Classification=Rare}",0.0121071002399968,0.966119828815977,0.987913233693275,6629
"{size_fraction=0.22-3 µm,Sequencing_strategy=MetaB16SV4V5 Sizing 500 bp,device=membrane,method=filter>filter>filtrate>filter,Sequencing_platform=Hiseq 2500 Rapid,volume=100}","{Classification=Rare}",0.0153294034046471,0.962401795735129,0.984111330477624,6632
"{size_fraction=0.22-3 µm,Sequencing_strategy=MetaB16SV4V5 Sizing 500 bp,method=filter>filter>filtrate>filter,Sequencing_platform=Hiseq 2500 Rapid,volume=100}","{Classification=Rare}",0.0153294034046471,0.962401795735129,0.984111330477624,6633
"{size_fraction=0.22-3 µm,Sequencing_strategy=MetaB16SV4V5 Sizing 500 bp,device=membrane,method=filter>filter>filtrate>filter,volume=100}","{Classification=Rare}",0.0153294034046471,0.962401795735129,0.984111330477624,6635
"{size_fraction=0.22-3 µm,Sequencing_strategy=MetaB16SV4V5 Sizing 500 bp,method=filter>filter>filtrate>filter,volume=100}","{Classification=Rare}",0.0153294034046471,0.962401795735129,0.984111330477624,6636
"{size_fraction=0.22-3 µm,Sequencing_strategy=MetaB16SV4V5 Sizing 500 bp,device=membrane,Sequencing_platform=Hiseq 2500 Rapid,volume=100}","{Classification=Rare}",0.0184086917270383,0.965541490857947,0.987321849782869,6639
"{size_fraction=0.22-3 µm,Sequencing_strategy=MetaB16SV4V5 Sizing 500 bp,Sequencing_platform=Hiseq 2500 Rapid,volume=100}","{Classification=Rare}",0.0184086917270383,0.965541490857947,0.987321849782869,6640
"{size_fraction=0.22-3 µm,Sequencing_strategy=MetaB16SV4V5 Sizing 500 bp,device=membrane,volume=100}","{Classification=Rare}",0.0184086917270383,0.965541490857947,0.987321849782869,6642
"{size_fraction=0.22-3 µm,Sequencing_strategy=MetaB16SV4V5 Sizing 500 bp,volume=100}","{Classification=Rare}",0.0184086917270383,0.965541490857947,0.987321849782869,6643
"{size_fraction=0.22-3 µm,Sequencing_strategy=MetaB16SV4V5 Sizing 500 bp,device=membrane,method=filter>filter>filtrate>filter,Sequencing_platform=Hiseq 2500 Rapid}","{Classification=Rare}",0.0224265149517548,0.968351987649556,0.990195744812108,6647
"{size_fraction=0.22-3 µm,Sequencing_strategy=MetaB16SV4V5 Sizing 500 bp,method=filter>filter>filtrate>filter,Sequencing_platform=Hiseq 2500 Rapid}","{Classification=Rare}",0.0224265149517548,0.968351987649556,0.990195744812108,6648
"{size_fraction=0.22-3 µm,Sequencing_strategy=MetaB16SV4V5 Sizing 500 bp,device=membrane,method=filter>filter>filtrate>filter}","{Classification=Rare}",0.0224265149517548,0.968351987649556,0.990195744812108,6650
"{size_fraction=0.22-3 µm,Sequencing_strategy=MetaB16SV4V5 Sizing 500 bp,method=filter>filter>filtrate>filter}","{Classification=Rare}",0.0224265149517548,0.968351987649556,0.990195744812108,6651
"{size_fraction=0.22-3 µm,Sequencing_strategy=MetaB16SV4V5 Sizing 500 bp,device=membrane,Sequencing_platform=Hiseq 2500 Rapid}","{Classification=Rare}",0.0450407368839747,0.968759011823512,0.990611950499945,6654
"{size_fraction=0.22-3 µm,Sequencing_strategy=MetaB16SV4V5 Sizing 500 bp,Sequencing_platform=Hiseq 2500 Rapid}","{Classification=Rare}",0.0450407368839747,0.968759011823512,0.990611950499945,6655
"{size_fraction=0.22-3 µm,Sequencing_strategy=MetaB16SV4V5 Sizing 500 bp,device=membrane}","{Classification=Rare}",0.0450407368839747,0.968759011823512,0.990611950499945,6657
"{size_fraction=0.22-3 µm,Sequencing_strategy=MetaB16SV4V5 Sizing 500 bp}","{Classification=Rare}",0.0450407368839747,0.968759011823512,0.990611950499945,6658
"{size_fraction=0.22-3 µm,Sequencing_strategy=MetaB16SV4V5 Sizing 400 bp,device=membrane,method=filter>filter>filter,Sequencing_platform=Hiseq 2500 Rapid,volume=100}","{Classification=Rare}",0.00423681470192578,0.984423676012461,1.00662997289432,6665
"{size_fraction=0.22-3 µm,Sequencing_strategy=MetaB16SV4V5 Sizing 400 bp,method=filter>filter>filter,Sequencing_platform=Hiseq 2500 Rapid,volume=100}","{Classification=Rare}",0.00423681470192578,0.984423676012461,1.00662997289432,6666
"{size_fraction=0.22-3 µm,Sequencing_strategy=MetaB16SV4V5 Sizing 400 bp,device=membrane,method=filter>filter>filter,volume=100}","{Classification=Rare}",0.00423681470192578,0.984423676012461,1.00662997289432,6668
"{size_fraction=0.22-3 µm,Sequencing_strategy=MetaB16SV4V5 Sizing 400 bp,method=filter>filter>filter,volume=100}","{Classification=Rare}",0.00423681470192578,0.984423676012461,1.00662997289432,6669
"{size_fraction=0.22-3 µm,Sequencing_strategy=MetaB16SV4V5 Sizing 400 bp,device=membrane,method=filter>filter>filter,Sequencing_platform=Hiseq 2500 Rapid}","{Classification=Rare}",0.0124556989180033,0.985153764581124,1.00737653055439,6672
"{size_fraction=0.22-3 µm,Sequencing_strategy=MetaB16SV4V5 Sizing 400 bp,method=filter>filter>filter,Sequencing_platform=Hiseq 2500 Rapid}","{Classification=Rare}",0.0124556989180033,0.985153764581124,1.00737653055439,6673
"{size_fraction=0.22-3 µm,Sequencing_strategy=MetaB16SV4V5 Sizing 400 bp,device=membrane,method=filter>filter>filter}","{Classification=Rare}",0.0124556989180033,0.985153764581124,1.00737653055439,6675
"{size_fraction=0.22-3 µm,Sequencing_strategy=MetaB16SV4V5 Sizing 400 bp,method=filter>filter>filter}","{Classification=Rare}",0.0124556989180033,0.985153764581124,1.00737653055439,6676
"{size_fraction=0.22-3 µm,Sequencing_strategy=MetaB16SV4V5,device=membrane,method=filter>filter>filter,Sequencing_platform=Hiseq 2500 Rapid,volume=100}","{Classification=Rare}",0.00418318413607862,0.986301369863014,1.00855002312873,6680
"{size_fraction=0.22-3 µm,Sequencing_strategy=MetaB16SV4V5,method=filter>filter>filter,Sequencing_platform=Hiseq 2500 Rapid,volume=100}","{Classification=Rare}",0.00418318413607862,0.986301369863014,1.00855002312873,6681
"{size_fraction=0.22-3 µm,Sequencing_strategy=MetaB16SV4V5,device=membrane,method=filter>filter>filter,volume=100}","{Classification=Rare}",0.00418318413607862,0.986301369863014,1.00855002312873,6683
"{size_fraction=0.22-3 µm,Sequencing_strategy=MetaB16SV4V5,method=filter>filter>filter,volume=100}","{Classification=Rare}",0.00418318413607862,0.986301369863014,1.00855002312873,6684
"{size_fraction=0.22-3 µm,device=membrane,method=filter>filter>filter,Sequencing_platform=Hiseq 2500 Rapid,volume=100}","{Classification=Rare}",0.0114992871603956,0.984315225707728,1.00651907620423,6687
"{size_fraction=0.22-3 µm,method=filter>filter>filter,Sequencing_platform=Hiseq 2500 Rapid,volume=100}","{Classification=Rare}",0.0114992871603956,0.984315225707728,1.00651907620423,6688
"{size_fraction=0.22-3 µm,device=membrane,method=filter>filter>filter,volume=100}","{Classification=Rare}",0.0149942123681023,0.982718219097832,1.00488604485848,6690
"{size_fraction=0.22-3 µm,method=filter>filter>filter,volume=100}","{Classification=Rare}",0.0149942123681023,0.982718219097832,1.00488604485848,6691
"{size_fraction=0.22-3 µm,Sequencing_strategy=MetaB16SV4V5,device=membrane,method=filter>filter>filter,Sequencing_platform=Hiseq 2500 Rapid}","{Classification=Rare}",0.0133763569650463,0.986811737553577,1.00907190352132,6695
"{size_fraction=0.22-3 µm,Sequencing_strategy=MetaB16SV4V5,method=filter>filter>filter,Sequencing_platform=Hiseq 2500 Rapid}","{Classification=Rare}",0.0133763569650463,0.986811737553577,1.00907190352132,6696
"{size_fraction=0.22-3 µm,Sequencing_strategy=MetaB16SV4V5,device=membrane,method=filter>filter>filter}","{Classification=Rare}",0.0133763569650463,0.986811737553577,1.00907190352132,6698
"{size_fraction=0.22-3 µm,Sequencing_strategy=MetaB16SV4V5,method=filter>filter>filter}","{Classification=Rare}",0.0133763569650463,0.986811737553577,1.00907190352132,6699
"{size_fraction=0.22-3 µm,device=membrane,method=filter>filter>filter,Sequencing_platform=Hiseq 2500 Rapid}","{Classification=Rare}",0.0363391775752727,0.98212344486049,1.00427785390472,6702
"{size_fraction=0.22-3 µm,method=filter>filter>filter,Sequencing_platform=Hiseq 2500 Rapid}","{Classification=Rare}",0.0363391775752727,0.98212344486049,1.00427785390472,6703
"{size_fraction=0.22-3 µm,device=membrane,method=filter>filter>filter}","{Classification=Rare}",0.0464708853065657,0.981035946787433,1.00316582441734,6705
"{size_fraction=0.22-3 µm,method=filter>filter>filter}","{Classification=Rare}",0.0464708853065657,0.981035946787433,1.00316582441734,6706
"{size_fraction=0.22-3 µm,Sequencing_strategy=MetaB16SV4V5 Sizing 400 bp,device=membrane,Sequencing_platform=Hiseq 2500 Rapid,volume=10}","{Classification=Rare}",0.0129160279415248,0.986011600136472,1.00825371687454,6712
"{size_fraction=0.22-3 µm,Sequencing_strategy=MetaB16SV4V5 Sizing 400 bp,Sequencing_platform=Hiseq 2500 Rapid,volume=10}","{Classification=Rare}",0.0129160279415248,0.986011600136472,1.00825371687454,6713
"{size_fraction=0.22-3 µm,Sequencing_strategy=MetaB16SV4V5 Sizing 400 bp,device=membrane,volume=10}","{Classification=Rare}",0.0129160279415248,0.986011600136472,1.00825371687454,6715
"{size_fraction=0.22-3 µm,Sequencing_strategy=MetaB16SV4V5 Sizing 400 bp,volume=10}","{Classification=Rare}",0.0129160279415248,0.986011600136472,1.00825371687454,6716
"{size_fraction=0.22-3 µm,Sequencing_strategy=MetaB16SV4V5,device=membrane,Sequencing_platform=Hiseq 2500 Rapid,volume=10}","{Classification=Rare}",0.0146187984071722,0.987322668276487,1.00959435964696,6719
"{size_fraction=0.22-3 µm,Sequencing_strategy=MetaB16SV4V5,Sequencing_platform=Hiseq 2500 Rapid,volume=10}","{Classification=Rare}",0.0146187984071722,0.987322668276487,1.00959435964696,6720
"{size_fraction=0.22-3 µm,Sequencing_strategy=MetaB16SV4V5,device=membrane,volume=10}","{Classification=Rare}",0.0146187984071722,0.987322668276487,1.00959435964696,6722
"{size_fraction=0.22-3 µm,Sequencing_strategy=MetaB16SV4V5,volume=10}","{Classification=Rare}",0.0146187984071722,0.987322668276487,1.00959435964696,6723
"{size_fraction=0.22-3 µm,device=membrane,Sequencing_platform=Hiseq 2500 Rapid,volume=10}","{Classification=Rare}",0.0396419265886938,0.980327144120248,1.00244103281892,6726
"{size_fraction=0.22-3 µm,Sequencing_platform=Hiseq 2500 Rapid,volume=10}","{Classification=Rare}",0.0396419265886938,0.980327144120248,1.00244103281892,6727
"{size_fraction=0.22-3 µm,device=membrane,volume=10}","{Classification=Rare}",0.0515970735587903,0.980134137023516,1.00224367193327,6729
"{size_fraction=0.22-3 µm,volume=10}","{Classification=Rare}",0.0515970735587903,0.980134137023516,1.00224367193327,6730
"{size_fraction=0.22-3 µm,Sequencing_strategy=MetaB16SV4V5 Sizing 400 bp,device=membrane,method=filter>filter>filtrate>filter,Sequencing_platform=Hiseq 2500 Rapid,volume=100}","{Classification=Rare}",0.0174790952523542,0.986629667003027,1.00888572588477,6735
"{size_fraction=0.22-3 µm,Sequencing_strategy=MetaB16SV4V5 Sizing 400 bp,method=filter>filter>filtrate>filter,Sequencing_platform=Hiseq 2500 Rapid,volume=100}","{Classification=Rare}",0.0174790952523542,0.986629667003027,1.00888572588477,6736
"{size_fraction=0.22-3 µm,Sequencing_strategy=MetaB16SV4V5 Sizing 400 bp,device=membrane,method=filter>filter>filtrate>filter,volume=100}","{Classification=Rare}",0.0174790952523542,0.986629667003027,1.00888572588477,6738
"{size_fraction=0.22-3 µm,Sequencing_strategy=MetaB16SV4V5 Sizing 400 bp,method=filter>filter>filtrate>filter,volume=100}","{Classification=Rare}",0.0174790952523542,0.986629667003027,1.00888572588477,6739
"{size_fraction=0.22-3 µm,Sequencing_strategy=MetaB16SV4V5 Sizing 400 bp,device=membrane,Sequencing_platform=Hiseq 2500 Rapid,volume=100}","{Classification=Rare}",0.0217159099542799,0.986198498071849,1.00844483079043,6742
"{size_fraction=0.22-3 µm,Sequencing_strategy=MetaB16SV4V5 Sizing 400 bp,Sequencing_platform=Hiseq 2500 Rapid,volume=100}","{Classification=Rare}",0.0217159099542799,0.986198498071849,1.00844483079043,6743
"{size_fraction=0.22-3 µm,Sequencing_strategy=MetaB16SV4V5 Sizing 400 bp,device=membrane,volume=100}","{Classification=Rare}",0.0217159099542799,0.986198498071849,1.00844483079043,6745
"{size_fraction=0.22-3 µm,Sequencing_strategy=MetaB16SV4V5 Sizing 400 bp,volume=100}","{Classification=Rare}",0.0217159099542799,0.986198498071849,1.00844483079043,6746
"{size_fraction=0.22-3 µm,Sequencing_strategy=MetaB16SV4V5 Sizing 400 bp,device=membrane,method=filter>filter>filtrate>filter,Sequencing_platform=Hiseq 2500 Rapid}","{Classification=Rare}",0.0257024486822523,0.985942053831648,1.00818260176765,6750
"{size_fraction=0.22-3 µm,Sequencing_strategy=MetaB16SV4V5 Sizing 400 bp,method=filter>filter>filtrate>filter,Sequencing_platform=Hiseq 2500 Rapid}","{Classification=Rare}",0.0257024486822523,0.985942053831648,1.00818260176765,6751
"{size_fraction=0.22-3 µm,Sequencing_strategy=MetaB16SV4V5 Sizing 400 bp,device=membrane,method=filter>filter>filtrate>filter}","{Classification=Rare}",0.0257024486822523,0.985942053831648,1.00818260176765,6753
"{size_fraction=0.22-3 µm,Sequencing_strategy=MetaB16SV4V5 Sizing 400 bp,method=filter>filter>filtrate>filter}","{Classification=Rare}",0.0257024486822523,0.985942053831648,1.00818260176765,6754
"{size_fraction=0.22-3 µm,Sequencing_strategy=MetaB16SV4V5 Sizing 400 bp,device=membrane,Sequencing_platform=Hiseq 2500 Rapid}","{Classification=Rare}",0.0510741755417804,0.985767273354611,1.00800387865163,6757
"{size_fraction=0.22-3 µm,Sequencing_strategy=MetaB16SV4V5 Sizing 400 bp,Sequencing_platform=Hiseq 2500 Rapid}","{Classification=Rare}",0.0510741755417804,0.985767273354611,1.00800387865163,6758
"{size_fraction=0.22-3 µm,Sequencing_strategy=MetaB16SV4V5 Sizing 400 bp,device=membrane}","{Classification=Rare}",0.0510741755417804,0.985767273354611,1.00800387865163,6760
"{size_fraction=0.22-3 µm,Sequencing_strategy=MetaB16SV4V5 Sizing 400 bp}","{Classification=Rare}",0.0510741755417804,0.985767273354611,1.00800387865163,6761
"{size_fraction=0.22-3 µm,Sequencing_strategy=MetaB16SV4V5,device=membrane,method=filter>filter>filtrate>filter,Sequencing_platform=Hiseq 2500 Rapid,volume=100}","{Classification=Rare}",0.0194187340504932,0.981699051061907,1.00384388677413,6766
"{size_fraction=0.22-3 µm,Sequencing_strategy=MetaB16SV4V5,method=filter>filter>filtrate>filter,Sequencing_platform=Hiseq 2500 Rapid,volume=100}","{Classification=Rare}",0.0194187340504932,0.981699051061907,1.00384388677413,6767
"{size_fraction=0.22-3 µm,Sequencing_strategy=MetaB16SV4V5,device=membrane,method=filter>filter>filtrate>filter,volume=100}","{Classification=Rare}",0.0194187340504932,0.981699051061907,1.00384388677413,6769
"{size_fraction=0.22-3 µm,Sequencing_strategy=MetaB16SV4V5,method=filter>filter>filtrate>filter,volume=100}","{Classification=Rare}",0.0194187340504932,0.981699051061907,1.00384388677413,6770
"{size_fraction=0.22-3 µm,Sequencing_strategy=MetaB16SV4V5,device=membrane,Sequencing_platform=Hiseq 2500 Rapid,volume=100}","{Classification=Rare}",0.0236019181865718,0.982511627906977,1.0046747934533,6773
"{size_fraction=0.22-3 µm,Sequencing_strategy=MetaB16SV4V5,Sequencing_platform=Hiseq 2500 Rapid,volume=100}","{Classification=Rare}",0.0236019181865718,0.982511627906977,1.0046747934533,6774
"{size_fraction=0.22-3 µm,Sequencing_strategy=MetaB16SV4V5,device=membrane,volume=100}","{Classification=Rare}",0.0236019181865718,0.982511627906977,1.0046747934533,6776
"{size_fraction=0.22-3 µm,Sequencing_strategy=MetaB16SV4V5,volume=100}","{Classification=Rare}",0.0236019181865718,0.982511627906977,1.0046747934533,6777
"{size_fraction=0.22-3 µm,device=membrane,method=filter>filter>filtrate>filter,Sequencing_platform=Hiseq 2500 Rapid,volume=100}","{Classification=Rare}",0.0522272327074944,0.977580726116781,0.999632662045491,6781
"{size_fraction=0.22-3 µm,method=filter>filter>filtrate>filter,Sequencing_platform=Hiseq 2500 Rapid,volume=100}","{Classification=Rare}",0.0522272327074944,0.977580726116781,0.999632662045491,6782
"{size_fraction=0.22-3 µm,device=membrane,method=filter>filter>filtrate>filter,volume=100}","{Classification=Rare}",0.0660817955513446,0.977651414969585,0.999704945473567,6784
"{size_fraction=0.22-3 µm,method=filter>filter>filtrate>filter,volume=100}","{Classification=Rare}",0.0660817955513446,0.977651414969585,0.999704945473567,6785
"{size_fraction=0.22-3 µm,device=membrane,Sequencing_platform=Hiseq 2500 Rapid,volume=100}","{Classification=Rare}",0.06372651986789,0.978789126853377,1.00086832147787,6788
"{size_fraction=0.22-3 µm,Sequencing_platform=Hiseq 2500 Rapid,volume=100}","{Classification=Rare}",0.06372651986789,0.978789126853377,1.00086832147787,6789
"{size_fraction=0.22-3 µm,device=membrane,volume=100}","{Classification=Rare}",0.0810760079194469,0.978584529075413,1.00065910845232,6791
"{size_fraction=0.22-3 µm,volume=100}","{Classification=Rare}",0.0810760079194469,0.978584529075413,1.00065910845232,6792
"{size_fraction=0.22-3 µm,Sequencing_strategy=MetaB16SV4V5,device=membrane,method=filter>filter>filtrate>filter,Sequencing_platform=Hiseq 2500 Rapid}","{Classification=Rare}",0.0288487752119525,0.983244478293983,1.00542417523188,6797
"{size_fraction=0.22-3 µm,Sequencing_strategy=MetaB16SV4V5,method=filter>filter>filtrate>filter,Sequencing_platform=Hiseq 2500 Rapid}","{Classification=Rare}",0.0288487752119525,0.983244478293983,1.00542417523188,6798
"{size_fraction=0.22-3 µm,Sequencing_strategy=MetaB16SV4V5,device=membrane,method=filter>filter>filtrate>filter}","{Classification=Rare}",0.0323302927781974,0.983414899401849,1.00559844064155,6800
"{size_fraction=0.22-3 µm,Sequencing_strategy=MetaB16SV4V5,method=filter>filter>filtrate>filter}","{Classification=Rare}",0.0323302927781974,0.983414899401849,1.00559844064155,6801
"{size_fraction=0.22-3 µm,Sequencing_strategy=MetaB16SV4V5,device=membrane,Sequencing_platform=Hiseq 2500 Rapid}","{Classification=Rare}",0.0568439305841709,0.985128959801719,1.00735116623715,6804
"{size_fraction=0.22-3 µm,Sequencing_strategy=MetaB16SV4V5,Sequencing_platform=Hiseq 2500 Rapid}","{Classification=Rare}",0.0568439305841709,0.985128959801719,1.00735116623715,6805
"{size_fraction=0.22-3 µm,Sequencing_strategy=MetaB16SV4V5,device=membrane}","{Classification=Rare}",0.0603254481504159,0.985111662531017,1.00733347878045,6807
"{size_fraction=0.22-3 µm,Sequencing_strategy=MetaB16SV4V5}","{Classification=Rare}",0.0603254481504159,0.985111662531017,1.00733347878045,6808
"{size_fraction=0.22-3 µm,device=membrane,method=filter>filter>filtrate>filter,Sequencing_platform=Hiseq 2500 Rapid}","{Classification=Rare}",0.0769777388459596,0.979749715585893,1.00185057884666,6812
"{size_fraction=0.22-3 µm,method=filter>filter>filtrate>filter,Sequencing_platform=Hiseq 2500 Rapid}","{Classification=Rare}",0.0769777388459596,0.979749715585893,1.00185057884666,6813
"{size_fraction=0.22-3 µm,device=membrane,method=filter>filter>filtrate>filter}","{Classification=Rare}",0.104222066296318,0.979379278484734,1.00147178555046,6815
"{size_fraction=0.22-3 µm,method=filter>filter>filtrate>filter}","{Classification=Rare}",0.104222066296318,0.979379278484734,1.00147178555046,6816
"{size_fraction=0.22-3 µm,device=membrane,Sequencing_platform=Hiseq 2500 Rapid}","{Classification=Rare}",0.152958843009926,0.980462371444123,1.00257931055511,6819
"{size_fraction=0.22-3 µm,Sequencing_platform=Hiseq 2500 Rapid}","{Classification=Rare}",0.152958843009926,0.980462371444123,1.00257931055511,6820
"{size_fraction=0.22-3 µm,device=membrane}","{Classification=Rare}",0.202290025161674,0.979951936608283,1.00205736150259,6822
"{size_fraction=0.22-3 µm}","{Classification=Rare}",0.202290025161674,0.979951936608283,1.00205736150259,6823
"{size_fraction=3-20 µm,Sequencing_strategy=MetaB16SV4V5 Sizing 500 bp,device=membrane,method=filter>filter>filter,Sequencing_platform=Hiseq 2500 Rapid,volume=100}","{Classification=Rare}",0.00441111404092906,0.94,0.961204202598518,6833
"{size_fraction=3-20 µm,Sequencing_strategy=MetaB16SV4V5 Sizing 500 bp,method=filter>filter>filter,Sequencing_platform=Hiseq 2500 Rapid,volume=100}","{Classification=Rare}",0.00441111404092906,0.94,0.961204202598518,6834
"{size_fraction=3-20 µm,Sequencing_strategy=MetaB16SV4V5 Sizing 500 bp,device=membrane,method=filter>filter>filter,volume=100}","{Classification=Rare}",0.00441111404092906,0.94,0.961204202598518,6836
"{size_fraction=3-20 µm,Sequencing_strategy=MetaB16SV4V5 Sizing 500 bp,method=filter>filter>filter,volume=100}","{Classification=Rare}",0.00441111404092906,0.94,0.961204202598518,6837
"{size_fraction=3-20 µm,Sequencing_strategy=MetaB16SV4V5 Sizing 500 bp,device=membrane,method=filter>filter>filter,Sequencing_platform=Hiseq 2500 Rapid}","{Classification=Rare}",0.0141808154527537,0.969743276283619,0.991618417665394,6840
"{size_fraction=3-20 µm,Sequencing_strategy=MetaB16SV4V5 Sizing 500 bp,method=filter>filter>filter,Sequencing_platform=Hiseq 2500 Rapid}","{Classification=Rare}",0.0141808154527537,0.969743276283619,0.991618417665394,6841
"{size_fraction=3-20 µm,Sequencing_strategy=MetaB16SV4V5 Sizing 500 bp,device=membrane,method=filter>filter>filter}","{Classification=Rare}",0.0141808154527537,0.969743276283619,0.991618417665394,6843
"{size_fraction=3-20 µm,Sequencing_strategy=MetaB16SV4V5 Sizing 500 bp,method=filter>filter>filter}","{Classification=Rare}",0.0141808154527537,0.969743276283619,0.991618417665394,6844
"{size_fraction=>20 µm,Sequencing_strategy=MetaB16SV4V5 Sizing 500 bp,device=membrane,method=filter>filter>filter,Sequencing_platform=Hiseq 2500 Rapid,volume=100}","{Classification=Rare}",0.00352174049063029,0.959805115712546,0.981456075423889,6848
"{size_fraction=>20 µm,Sequencing_strategy=MetaB16SV4V5 Sizing 500 bp,method=filter>filter>filter,Sequencing_platform=Hiseq 2500 Rapid,volume=100}","{Classification=Rare}",0.00352174049063029,0.959805115712546,0.981456075423889,6849
"{size_fraction=>20 µm,Sequencing_strategy=MetaB16SV4V5 Sizing 500 bp,device=membrane,method=filter>filter>filter,volume=100}","{Classification=Rare}",0.00352174049063029,0.959805115712546,0.981456075423889,6851
"{size_fraction=>20 µm,Sequencing_strategy=MetaB16SV4V5 Sizing 500 bp,method=filter>filter>filter,volume=100}","{Classification=Rare}",0.00352174049063029,0.959805115712546,0.981456075423889,6852
"{Sequencing_strategy=MetaB16SV4V5 Sizing 500 bp,device=membrane,method=filter>filter>filter,Sequencing_platform=Hiseq 2500 Rapid,volume=100}","{Classification=Rare}",0.0110121428539506,0.957636999611349,0.97923905169177,6855
"{Sequencing_strategy=MetaB16SV4V5 Sizing 500 bp,method=filter>filter>filter,Sequencing_platform=Hiseq 2500 Rapid,volume=100}","{Classification=Rare}",0.0110121428539506,0.957636999611349,0.97923905169177,6856
"{Sequencing_strategy=MetaB16SV4V5 Sizing 500 bp,device=membrane,method=filter>filter>filter,volume=100}","{Classification=Rare}",0.0110121428539506,0.957636999611349,0.97923905169177,6858
"{Sequencing_strategy=MetaB16SV4V5 Sizing 500 bp,method=filter>filter>filter,volume=100}","{Classification=Rare}",0.0110121428539506,0.957636999611349,0.97923905169177,6859
"{size_fraction=>20 µm,Sequencing_strategy=MetaB16SV4V5 Sizing 500 bp,device=membrane,method=filter>filter>filter,Sequencing_platform=Hiseq 2500 Rapid}","{Classification=Rare}",0.0219974704249775,0.928153875165001,0.949090856879468,6863
"{size_fraction=>20 µm,Sequencing_strategy=MetaB16SV4V5 Sizing 500 bp,method=filter>filter>filter,Sequencing_platform=Hiseq 2500 Rapid}","{Classification=Rare}",0.0219974704249775,0.928153875165001,0.949090856879468,6864
"{size_fraction=>20 µm,Sequencing_strategy=MetaB16SV4V5 Sizing 500 bp,device=membrane,method=filter>filter>filter}","{Classification=Rare}",0.0219974704249775,0.928153875165001,0.949090856879468,6866
"{size_fraction=>20 µm,Sequencing_strategy=MetaB16SV4V5 Sizing 500 bp,method=filter>filter>filter}","{Classification=Rare}",0.0219974704249775,0.928153875165001,0.949090856879468,6867
"{Sequencing_strategy=MetaB16SV4V5 Sizing 500 bp,device=membrane,method=filter>filter>filter,Sequencing_platform=Hiseq 2500 Rapid}","{Classification=Rare}",0.0466854075699544,0.950327510917031,0.971764678019616,6870
"{Sequencing_strategy=MetaB16SV4V5 Sizing 500 bp,method=filter>filter>filter,Sequencing_platform=Hiseq 2500 Rapid}","{Classification=Rare}",0.0466854075699544,0.950327510917031,0.971764678019616,6871
"{Sequencing_strategy=MetaB16SV4V5 Sizing 500 bp,device=membrane,method=filter>filter>filter}","{Classification=Rare}",0.0466854075699544,0.950327510917031,0.971764678019616,6873
"{Sequencing_strategy=MetaB16SV4V5 Sizing 500 bp,method=filter>filter>filter}","{Classification=Rare}",0.0466854075699544,0.950327510917031,0.971764678019616,6874
"{size_fraction=3-20 µm,Sequencing_strategy=MetaB16SV4V5 Sizing 500 bp,device=membrane,Sequencing_platform=Hiseq 2500 Rapid,volume=10}","{Classification=Rare}",0.0172020039954772,0.965387509405568,0.987164394868882,6880
"{size_fraction=3-20 µm,Sequencing_strategy=MetaB16SV4V5 Sizing 500 bp,Sequencing_platform=Hiseq 2500 Rapid,volume=10}","{Classification=Rare}",0.0172020039954772,0.965387509405568,0.987164394868882,6881
"{size_fraction=3-20 µm,Sequencing_strategy=MetaB16SV4V5 Sizing 500 bp,device=membrane,volume=10}","{Classification=Rare}",0.0172020039954772,0.965387509405568,0.987164394868882,6883
"{size_fraction=3-20 µm,Sequencing_strategy=MetaB16SV4V5 Sizing 500 bp,volume=10}","{Classification=Rare}",0.0172020039954772,0.965387509405568,0.987164394868882,6884
"{Sequencing_strategy=MetaB16SV4V5 Sizing 500 bp,device=membrane,Sequencing_platform=Hiseq 2500 Rapid,volume=10}","{Classification=Rare}",0.0414474889722149,0.964835622138993,0.986600058315698,6887
"{Sequencing_strategy=MetaB16SV4V5 Sizing 500 bp,Sequencing_platform=Hiseq 2500 Rapid,volume=10}","{Classification=Rare}",0.0543009479202513,0.967125686539839,0.988941781216033,6888
"{Sequencing_strategy=MetaB16SV4V5 Sizing 500 bp,device=membrane,volume=10}","{Classification=Rare}",0.0414474889722149,0.964835622138993,0.986600058315698,6890
"{Sequencing_strategy=MetaB16SV4V5 Sizing 500 bp,volume=10}","{Classification=Rare}",0.0543009479202513,0.967125686539839,0.988941781216033,6891
"{size_fraction=3-20 µm,Sequencing_strategy=MetaB16SV4V5 Sizing 500 bp,device=membrane,method=filter>filter>filtrate>filter,Sequencing_platform=Hiseq 2500 Rapid,volume=100}","{Classification=Rare}",0.0198477785772705,0.976473175021988,0.998500127187078,6895
"{size_fraction=3-20 µm,Sequencing_strategy=MetaB16SV4V5 Sizing 500 bp,method=filter>filter>filtrate>filter,Sequencing_platform=Hiseq 2500 Rapid,volume=100}","{Classification=Rare}",0.0198477785772705,0.976473175021988,0.998500127187078,6896
"{size_fraction=3-20 µm,Sequencing_strategy=MetaB16SV4V5 Sizing 500 bp,device=membrane,method=filter>filter>filtrate>filter,volume=100}","{Classification=Rare}",0.0198477785772705,0.976473175021988,0.998500127187078,6898
"{size_fraction=3-20 µm,Sequencing_strategy=MetaB16SV4V5 Sizing 500 bp,method=filter>filter>filtrate>filter,volume=100}","{Classification=Rare}",0.0198477785772705,0.976473175021988,0.998500127187078,6899
"{size_fraction=3-20 µm,Sequencing_strategy=MetaB16SV4V5 Sizing 500 bp,device=membrane,Sequencing_platform=Hiseq 2500 Rapid,volume=100}","{Classification=Rare}",0.0242588926181995,0.969632011432655,0.991504642939492,6902
"{size_fraction=3-20 µm,Sequencing_strategy=MetaB16SV4V5 Sizing 500 bp,Sequencing_platform=Hiseq 2500 Rapid,volume=100}","{Classification=Rare}",0.0242588926181995,0.969632011432655,0.991504642939492,6903
"{size_fraction=3-20 µm,Sequencing_strategy=MetaB16SV4V5 Sizing 500 bp,device=membrane,volume=100}","{Classification=Rare}",0.0242588926181995,0.969632011432655,0.991504642939492,6905
"{size_fraction=3-20 µm,Sequencing_strategy=MetaB16SV4V5 Sizing 500 bp,volume=100}","{Classification=Rare}",0.0242588926181995,0.969632011432655,0.991504642939492,6906
"{size_fraction=3-20 µm,Sequencing_strategy=MetaB16SV4V5 Sizing 500 bp,device=membrane,method=filter>filter>filtrate>filter,Sequencing_platform=Hiseq 2500 Rapid}","{Classification=Rare}",0.0302431699239787,0.976197345643393,0.998218075742498,6910
"{size_fraction=3-20 µm,Sequencing_strategy=MetaB16SV4V5 Sizing 500 bp,method=filter>filter>filtrate>filter,Sequencing_platform=Hiseq 2500 Rapid}","{Classification=Rare}",0.0302431699239787,0.976197345643393,0.998218075742498,6911
"{size_fraction=3-20 µm,Sequencing_strategy=MetaB16SV4V5 Sizing 500 bp,device=membrane,method=filter>filter>filtrate>filter}","{Classification=Rare}",0.0302431699239787,0.976197345643393,0.998218075742498,6913
"{size_fraction=3-20 µm,Sequencing_strategy=MetaB16SV4V5 Sizing 500 bp,method=filter>filter>filtrate>filter}","{Classification=Rare}",0.0302431699239787,0.976197345643393,0.998218075742498,6914
"{size_fraction=3-20 µm,Sequencing_strategy=MetaB16SV4V5 Sizing 500 bp,device=membrane,Sequencing_platform=Hiseq 2500 Rapid}","{Classification=Rare}",0.0616259893722095,0.971672186597139,0.993590839686449,6917
"{size_fraction=3-20 µm,Sequencing_strategy=MetaB16SV4V5 Sizing 500 bp,Sequencing_platform=Hiseq 2500 Rapid}","{Classification=Rare}",0.0616259893722095,0.971672186597139,0.993590839686449,6918
"{size_fraction=3-20 µm,Sequencing_strategy=MetaB16SV4V5 Sizing 500 bp,device=membrane}","{Classification=Rare}",0.0616259893722095,0.971672186597139,0.993590839686449,6920
"{size_fraction=3-20 µm,Sequencing_strategy=MetaB16SV4V5 Sizing 500 bp}","{Classification=Rare}",0.0616259893722095,0.971672186597139,0.993590839686449,6921
"{size_fraction=>20 µm,Sequencing_strategy=MetaB16SV4V5 Sizing 500 bp,device=membrane,method=filter>filter>filtrate>filter,Sequencing_platform=Hiseq 2500 Rapid,volume=100}","{Classification=Rare}",0.0178142862888989,0.968180714112218,0.990020607744147,6926
"{size_fraction=>20 µm,Sequencing_strategy=MetaB16SV4V5 Sizing 500 bp,method=filter>filter>filtrate>filter,Sequencing_platform=Hiseq 2500 Rapid,volume=100}","{Classification=Rare}",0.0178142862888989,0.968180714112218,0.990020607744147,6927
"{size_fraction=>20 µm,Sequencing_strategy=MetaB16SV4V5 Sizing 500 bp,device=membrane,method=filter>filter>filtrate>filter,volume=100}","{Classification=Rare}",0.0178142862888989,0.968180714112218,0.990020607744147,6929
"{size_fraction=>20 µm,Sequencing_strategy=MetaB16SV4V5 Sizing 500 bp,method=filter>filter>filtrate>filter,volume=100}","{Classification=Rare}",0.0178142862888989,0.968180714112218,0.990020607744147,6930
"{size_fraction=>20 µm,Sequencing_strategy=MetaB16SV4V5 Sizing 500 bp,device=membrane,Sequencing_platform=Hiseq 2500 Rapid,volume=100}","{Classification=Rare}",0.0213360267795292,0.966788173349534,0.988596654517146,6933
"{size_fraction=>20 µm,Sequencing_strategy=MetaB16SV4V5 Sizing 500 bp,Sequencing_platform=Hiseq 2500 Rapid,volume=100}","{Classification=Rare}",0.0213360267795292,0.966788173349534,0.988596654517146,6934
"{size_fraction=>20 µm,Sequencing_strategy=MetaB16SV4V5 Sizing 500 bp,device=membrane,volume=100}","{Classification=Rare}",0.0213360267795292,0.966788173349534,0.988596654517146,6936
"{size_fraction=>20 µm,Sequencing_strategy=MetaB16SV4V5 Sizing 500 bp,volume=100}","{Classification=Rare}",0.0213360267795292,0.966788173349534,0.988596654517146,6937
"{Sequencing_strategy=MetaB16SV4V5 Sizing 500 bp,device=membrane,method=filter>filter>filtrate>filter,Sequencing_platform=Hiseq 2500 Rapid,volume=100}","{Classification=Rare}",0.0529914682708165,0.969580505356121,0.991451975006275,6941
"{Sequencing_strategy=MetaB16SV4V5 Sizing 500 bp,method=filter>filter>filtrate>filter,Sequencing_platform=Hiseq 2500 Rapid,volume=100}","{Classification=Rare}",0.0529914682708165,0.969580505356121,0.991451975006275,6942
"{Sequencing_strategy=MetaB16SV4V5 Sizing 500 bp,device=membrane,method=filter>filter>filtrate>filter,volume=100}","{Classification=Rare}",0.0529914682708165,0.969580505356121,0.991451975006275,6944
"{Sequencing_strategy=MetaB16SV4V5 Sizing 500 bp,method=filter>filter>filtrate>filter,volume=100}","{Classification=Rare}",0.0529914682708165,0.969580505356121,0.991451975006275,6945
"{Sequencing_strategy=MetaB16SV4V5 Sizing 500 bp,device=membrane,Sequencing_platform=Hiseq 2500 Rapid,volume=100}","{Classification=Rare}",0.064003611124767,0.967504391298473,0.989329028668738,6948
"{Sequencing_strategy=MetaB16SV4V5 Sizing 500 bp,Sequencing_platform=Hiseq 2500 Rapid,volume=100}","{Classification=Rare}",0.064003611124767,0.967504391298473,0.989329028668738,6949
"{Sequencing_strategy=MetaB16SV4V5 Sizing 500 bp,device=membrane,volume=100}","{Classification=Rare}",0.064003611124767,0.967504391298473,0.989329028668738,6951
"{Sequencing_strategy=MetaB16SV4V5 Sizing 500 bp,volume=100}","{Classification=Rare}",0.064003611124767,0.967504391298473,0.989329028668738,6952
"{size_fraction=>20 µm,Sequencing_strategy=MetaB16SV4V5 Sizing 500 bp,device=membrane,method=filter>filter>filtrate>filter,Sequencing_platform=Hiseq 2500 Rapid}","{Classification=Rare}",0.0325045921172007,0.968442077230359,0.990287866603256,6957
"{size_fraction=>20 µm,Sequencing_strategy=MetaB16SV4V5 Sizing 500 bp,method=filter>filter>filtrate>filter,Sequencing_platform=Hiseq 2500 Rapid}","{Classification=Rare}",0.0325045921172007,0.968442077230359,0.990287866603256,6958
"{size_fraction=>20 µm,Sequencing_strategy=MetaB16SV4V5 Sizing 500 bp,device=membrane,method=filter>filter>filtrate>filter}","{Classification=Rare}",0.0325045921172007,0.968442077230359,0.990287866603256,6960
"{size_fraction=>20 µm,Sequencing_strategy=MetaB16SV4V5 Sizing 500 bp,method=filter>filter>filtrate>filter}","{Classification=Rare}",0.0325045921172007,0.968442077230359,0.990287866603256,6961
"{size_fraction=>20 µm,Sequencing_strategy=MetaB16SV4V5 Sizing 500 bp,device=membrane,Sequencing_platform=Hiseq 2500 Rapid}","{Classification=Rare}",0.0545020625421782,0.951767735893233,0.973237391104524,6964
"{size_fraction=>20 µm,Sequencing_strategy=MetaB16SV4V5 Sizing 500 bp,Sequencing_platform=Hiseq 2500 Rapid}","{Classification=Rare}",0.0545020625421782,0.951767735893233,0.973237391104524,6965
"{size_fraction=>20 µm,Sequencing_strategy=MetaB16SV4V5 Sizing 500 bp,device=membrane}","{Classification=Rare}",0.0545020625421782,0.951767735893233,0.973237391104524,6967
"{size_fraction=>20 µm,Sequencing_strategy=MetaB16SV4V5 Sizing 500 bp}","{Classification=Rare}",0.0545020625421782,0.951767735893233,0.973237391104524,6968
"{Sequencing_strategy=MetaB16SV4V5 Sizing 500 bp,device=membrane,method=filter>filter>filtrate>filter,Sequencing_platform=Hiseq 2500 Rapid}","{Classification=Rare}",0.0851742769929342,0.971157766000815,0.993064814964013,6972
"{Sequencing_strategy=MetaB16SV4V5 Sizing 500 bp,method=filter>filter>filtrate>filter,Sequencing_platform=Hiseq 2500 Rapid}","{Classification=Rare}",0.0851742769929342,0.971157766000815,0.993064814964013,6973
"{Sequencing_strategy=MetaB16SV4V5 Sizing 500 bp,device=membrane,method=filter>filter>filtrate>filter}","{Classification=Rare}",0.0851742769929342,0.971157766000815,0.993064814964013,6975
"{Sequencing_strategy=MetaB16SV4V5 Sizing 500 bp,method=filter>filter>filtrate>filter}","{Classification=Rare}",0.0851742769929342,0.971157766000815,0.993064814964013,6976
"{Sequencing_strategy=MetaB16SV4V5 Sizing 500 bp,device=membrane,Sequencing_platform=Hiseq 2500 Rapid}","{Classification=Rare}",0.173307173535103,0.963955453912698,0.985700035551753,6979
"{Sequencing_strategy=MetaB16SV4V5 Sizing 500 bp,Sequencing_platform=Hiseq 2500 Rapid}","{Classification=Rare}",0.202522424280345,0.965463610022158,0.987242212137484,6980
"{Sequencing_strategy=MetaB16SV4V5 Sizing 500 bp,device=membrane}","{Classification=Rare}",0.173307173535103,0.963955453912698,0.985700035551753,6982
"{Sequencing_strategy=MetaB16SV4V5 Sizing 500 bp}","{Classification=Rare}",0.202522424280345,0.965463610022158,0.987242212137484,6983
"{size_fraction=3-20 µm,Sequencing_strategy=MetaB16SV4V5 Sizing 400 bp,device=membrane,method=filter>filter>filter,Sequencing_platform=Hiseq 2500 Rapid,volume=100}","{Classification=Rare}",0.00464798237342069,0.986717267552182,1.00897530249754,6992
"{size_fraction=3-20 µm,Sequencing_strategy=MetaB16SV4V5 Sizing 400 bp,method=filter>filter>filter,Sequencing_platform=Hiseq 2500 Rapid,volume=100}","{Classification=Rare}",0.00464798237342069,0.986717267552182,1.00897530249754,6993
"{size_fraction=3-20 µm,Sequencing_strategy=MetaB16SV4V5 Sizing 400 bp,device=membrane,method=filter>filter>filter,volume=100}","{Classification=Rare}",0.00464798237342069,0.986717267552182,1.00897530249754,6995
"{size_fraction=3-20 µm,Sequencing_strategy=MetaB16SV4V5 Sizing 400 bp,method=filter>filter>filter,volume=100}","{Classification=Rare}",0.00464798237342069,0.986717267552182,1.00897530249754,6996
"{size_fraction=3-20 µm,Sequencing_strategy=MetaB16SV4V5 Sizing 400 bp,device=membrane,method=filter>filter>filter,Sequencing_platform=Hiseq 2500 Rapid}","{Classification=Rare}",0.0147349979665077,0.985944976076555,1.00818558993157,6999
"{size_fraction=3-20 µm,Sequencing_strategy=MetaB16SV4V5 Sizing 400 bp,method=filter>filter>filter,Sequencing_platform=Hiseq 2500 Rapid}","{Classification=Rare}",0.0147349979665077,0.985944976076555,1.00818558993157,7000
"{size_fraction=3-20 µm,Sequencing_strategy=MetaB16SV4V5 Sizing 400 bp,device=membrane,method=filter>filter>filter}","{Classification=Rare}",0.0147349979665077,0.985944976076555,1.00818558993157,7002
"{size_fraction=3-20 µm,Sequencing_strategy=MetaB16SV4V5 Sizing 400 bp,method=filter>filter>filter}","{Classification=Rare}",0.0147349979665077,0.985944976076555,1.00818558993157,7003
"{size_fraction=>20 µm,Sequencing_strategy=MetaB16SV4V5 Sizing 400 bp,device=membrane,method=filter>filter>filter,Sequencing_platform=Hiseq 2500 Rapid,volume=100}","{Classification=Rare}",0.0073071645966758,0.983162958508719,1.00534081655082,7007
"{size_fraction=>20 µm,Sequencing_strategy=MetaB16SV4V5 Sizing 400 bp,method=filter>filter>filter,Sequencing_platform=Hiseq 2500 Rapid,volume=100}","{Classification=Rare}",0.0073071645966758,0.983162958508719,1.00534081655082,7008
"{size_fraction=>20 µm,Sequencing_strategy=MetaB16SV4V5 Sizing 400 bp,device=membrane,method=filter>filter>filter,volume=100}","{Classification=Rare}",0.0073071645966758,0.983162958508719,1.00534081655082,7010
"{size_fraction=>20 µm,Sequencing_strategy=MetaB16SV4V5 Sizing 400 bp,method=filter>filter>filter,volume=100}","{Classification=Rare}",0.0073071645966758,0.983162958508719,1.00534081655082,7011
"{Sequencing_strategy=MetaB16SV4V5 Sizing 400 bp,device=membrane,method=filter>filter>filter,Sequencing_platform=Hiseq 2500 Rapid,volume=100}","{Classification=Rare}",0.0161919616720223,0.984510869565217,1.0067191333298,7014
"{Sequencing_strategy=MetaB16SV4V5 Sizing 400 bp,method=filter>filter>filter,Sequencing_platform=Hiseq 2500 Rapid,volume=100}","{Classification=Rare}",0.0161919616720223,0.984510869565217,1.0067191333298,7015
"{Sequencing_strategy=MetaB16SV4V5 Sizing 400 bp,device=membrane,method=filter>filter>filter,volume=100}","{Classification=Rare}",0.0161919616720223,0.984510869565217,1.0067191333298,7017
"{Sequencing_strategy=MetaB16SV4V5 Sizing 400 bp,method=filter>filter>filter,volume=100}","{Classification=Rare}",0.0161919616720223,0.984510869565217,1.0067191333298,7018
"{size_fraction=>20 µm,Sequencing_strategy=MetaB16SV4V5 Sizing 400 bp,device=membrane,method=filter>filter>filter,Sequencing_platform=Hiseq 2500 Rapid}","{Classification=Rare}",0.0433781893427127,0.984980718489953,1.00719958094793,7022
"{size_fraction=>20 µm,Sequencing_strategy=MetaB16SV4V5 Sizing 400 bp,method=filter>filter>filter,Sequencing_platform=Hiseq 2500 Rapid}","{Classification=Rare}",0.0433781893427127,0.984980718489953,1.00719958094793,7023
"{size_fraction=>20 µm,Sequencing_strategy=MetaB16SV4V5 Sizing 400 bp,device=membrane,method=filter>filter>filter}","{Classification=Rare}",0.0433781893427127,0.984980718489953,1.00719958094793,7025
"{size_fraction=>20 µm,Sequencing_strategy=MetaB16SV4V5 Sizing 400 bp,method=filter>filter>filter}","{Classification=Rare}",0.0433781893427127,0.984980718489953,1.00719958094793,7026
"{Sequencing_strategy=MetaB16SV4V5 Sizing 400 bp,device=membrane,method=filter>filter>filter,Sequencing_platform=Hiseq 2500 Rapid}","{Classification=Rare}",0.0705688862272238,0.985212453983902,1.0074365438529,7029
"{Sequencing_strategy=MetaB16SV4V5 Sizing 400 bp,method=filter>filter>filter,Sequencing_platform=Hiseq 2500 Rapid}","{Classification=Rare}",0.0705688862272238,0.985212453983902,1.0074365438529,7030
"{Sequencing_strategy=MetaB16SV4V5 Sizing 400 bp,device=membrane,method=filter>filter>filter}","{Classification=Rare}",0.0705688862272238,0.985212453983902,1.0074365438529,7032
"{Sequencing_strategy=MetaB16SV4V5 Sizing 400 bp,method=filter>filter>filter}","{Classification=Rare}",0.0705688862272238,0.985212453983902,1.0074365438529,7033
"{size_fraction=3-20 µm,Sequencing_strategy=MetaB16SV4V5,device=membrane,method=filter>filter>filter,Sequencing_platform=Hiseq 2500 Rapid,volume=100}","{Classification=Rare}",0.00564014784159319,0.989028213166144,1.01133837764234,7039
"{size_fraction=3-20 µm,Sequencing_strategy=MetaB16SV4V5,method=filter>filter>filter,Sequencing_platform=Hiseq 2500 Rapid,volume=100}","{Classification=Rare}",0.00564014784159319,0.989028213166144,1.01133837764234,7040
"{size_fraction=3-20 µm,Sequencing_strategy=MetaB16SV4V5,device=membrane,method=filter>filter>filter,volume=100}","{Classification=Rare}",0.00564014784159319,0.989028213166144,1.01133837764234,7042
"{size_fraction=3-20 µm,Sequencing_strategy=MetaB16SV4V5,method=filter>filter>filter,volume=100}","{Classification=Rare}",0.00564014784159319,0.989028213166144,1.01133837764234,7043
"{size_fraction=3-20 µm,device=membrane,method=filter>filter>filter,Sequencing_platform=Hiseq 2500 Rapid,volume=100}","{Classification=Rare}",0.0146992442559429,0.973076923076923,0.995027263737419,7046
"{size_fraction=3-20 µm,method=filter>filter>filter,Sequencing_platform=Hiseq 2500 Rapid,volume=100}","{Classification=Rare}",0.0146992442559429,0.973076923076923,0.995027263737419,7047
"{size_fraction=3-20 µm,device=membrane,method=filter>filter>filter,volume=100}","{Classification=Rare}",0.0188734899643804,0.974163783160323,0.99613864084359,7049
"{size_fraction=3-20 µm,method=filter>filter>filter,volume=100}","{Classification=Rare}",0.0188734899643804,0.974163783160323,0.99613864084359,7050
"{size_fraction=3-20 µm,Sequencing_strategy=MetaB16SV4V5,device=membrane,method=filter>filter>filter,Sequencing_platform=Hiseq 2500 Rapid}","{Classification=Rare}",0.0176087024531515,0.988211687985954,1.01050343356285,7054
"{size_fraction=3-20 µm,Sequencing_strategy=MetaB16SV4V5,method=filter>filter>filter,Sequencing_platform=Hiseq 2500 Rapid}","{Classification=Rare}",0.0176087024531515,0.988211687985954,1.01050343356285,7055
"{size_fraction=3-20 µm,Sequencing_strategy=MetaB16SV4V5,device=membrane,method=filter>filter>filter}","{Classification=Rare}",0.0176087024531515,0.988211687985954,1.01050343356285,7057
"{size_fraction=3-20 µm,Sequencing_strategy=MetaB16SV4V5,method=filter>filter>filter}","{Classification=Rare}",0.0176087024531515,0.988211687985954,1.01050343356285,7058
"{size_fraction=3-20 µm,device=membrane,method=filter>filter>filter,Sequencing_platform=Hiseq 2500 Rapid}","{Classification=Rare}",0.0465245158724129,0.98179760445157,1.00394466329788,7061
"{size_fraction=3-20 µm,method=filter>filter>filter,Sequencing_platform=Hiseq 2500 Rapid}","{Classification=Rare}",0.0465245158724129,0.98179760445157,1.00394466329788,7062
"{size_fraction=3-20 µm,device=membrane,method=filter>filter>filter}","{Classification=Rare}",0.0592751829025756,0.980991124260355,1.00311999079883,7064
"{size_fraction=3-20 µm,method=filter>filter>filter}","{Classification=Rare}",0.0592751829025756,0.980991124260355,1.00311999079883,7065
"{size_fraction=>20 µm,Sequencing_strategy=MetaB16SV4V5,device=membrane,method=filter>filter>filter,Sequencing_platform=Hiseq 2500 Rapid,volume=100}","{Classification=Rare}",0.00644460632930061,0.980952380952381,1.00308037353239,7070
"{size_fraction=>20 µm,Sequencing_strategy=MetaB16SV4V5,method=filter>filter>filter,Sequencing_platform=Hiseq 2500 Rapid,volume=100}","{Classification=Rare}",0.00644460632930061,0.980952380952381,1.00308037353239,7071
"{size_fraction=>20 µm,Sequencing_strategy=MetaB16SV4V5,device=membrane,method=filter>filter>filter,volume=100}","{Classification=Rare}",0.00644460632930061,0.980952380952381,1.00308037353239,7073
"{size_fraction=>20 µm,Sequencing_strategy=MetaB16SV4V5,method=filter>filter>filter,volume=100}","{Classification=Rare}",0.00644460632930061,0.980952380952381,1.00308037353239,7074
"{size_fraction=>20 µm,device=membrane,method=filter>filter>filter,Sequencing_platform=Hiseq 2500 Rapid,volume=100}","{Classification=Rare}",0.0172735114166067,0.97749114820435,0.999541063464758,7077
"{size_fraction=>20 µm,method=filter>filter>filter,Sequencing_platform=Hiseq 2500 Rapid,volume=100}","{Classification=Rare}",0.0172735114166067,0.97749114820435,0.999541063464758,7078
"{size_fraction=>20 µm,device=membrane,method=filter>filter>filter,volume=100}","{Classification=Rare}",0.0201382774756093,0.967991407089151,0.989827030397176,7080
"{size_fraction=>20 µm,method=filter>filter>filter,volume=100}","{Classification=Rare}",0.0201382774756093,0.967991407089151,0.989827030397176,7081
"{Sequencing_strategy=MetaB16SV4V5,device=membrane,method=filter>filter>filter,Sequencing_platform=Hiseq 2500 Rapid,volume=100}","{Classification=Rare}",0.0162679383069724,0.9851150202977,1.0073369122905,7085
"{Sequencing_strategy=MetaB16SV4V5,method=filter>filter>filter,Sequencing_platform=Hiseq 2500 Rapid,volume=100}","{Classification=Rare}",0.0162679383069724,0.9851150202977,1.0073369122905,7086
"{Sequencing_strategy=MetaB16SV4V5,device=membrane,method=filter>filter>filter,volume=100}","{Classification=Rare}",0.0162679383069724,0.9851150202977,1.0073369122905,7088
"{Sequencing_strategy=MetaB16SV4V5,method=filter>filter>filter,volume=100}","{Classification=Rare}",0.0162679383069724,0.9851150202977,1.0073369122905,7089
"{device=membrane,method=filter>filter>filter,Sequencing_platform=Hiseq 2500 Rapid,volume=100}","{Classification=Rare}",0.0434720428329453,0.97778447929232,0.999841011416364,7092
"{method=filter>filter>filter,Sequencing_platform=Hiseq 2500 Rapid,volume=100}","{Classification=Rare}",0.0434720428329453,0.97778447929232,0.999841011416364,7093
"{device=membrane,method=filter>filter>filter,volume=100}","{Classification=Rare}",0.054005979808092,0.974201870364399,0.996177587205954,7095
"{method=filter>filter>filter,volume=100}","{Classification=Rare}",0.054005979808092,0.974201870364399,0.996177587205954,7096
"{size_fraction=>20 µm,Sequencing_strategy=MetaB16SV4V5,device=membrane,method=filter>filter>filter,Sequencing_platform=Hiseq 2500 Rapid}","{Classification=Rare}",0.0402497396682949,0.981366459627329,1.00350379285427,7101
"{size_fraction=>20 µm,Sequencing_strategy=MetaB16SV4V5,method=filter>filter>filter,Sequencing_platform=Hiseq 2500 Rapid}","{Classification=Rare}",0.0402497396682949,0.981366459627329,1.00350379285427,7102
"{size_fraction=>20 µm,Sequencing_strategy=MetaB16SV4V5,device=membrane,method=filter>filter>filter}","{Classification=Rare}",0.0402497396682949,0.981366459627329,1.00350379285427,7104
"{size_fraction=>20 µm,Sequencing_strategy=MetaB16SV4V5,method=filter>filter>filter}","{Classification=Rare}",0.0402497396682949,0.981366459627329,1.00350379285427,7105
"{size_fraction=>20 µm,device=membrane,method=filter>filter>filter,Sequencing_platform=Hiseq 2500 Rapid}","{Classification=Rare}",0.105625399435985,0.971233664831101,0.993142425894484,7108
"{size_fraction=>20 µm,method=filter>filter>filter,Sequencing_platform=Hiseq 2500 Rapid}","{Classification=Rare}",0.105625399435985,0.971233664831101,0.993142425894484,7109
"{size_fraction=>20 µm,device=membrane,method=filter>filter>filter}","{Classification=Rare}",0.117021894678507,0.968593940739097,0.990443155797745,7111
"{size_fraction=>20 µm,method=filter>filter>filter}","{Classification=Rare}",0.117021894678507,0.968593940739097,0.990443155797745,7112
"{Sequencing_strategy=MetaB16SV4V5,device=membrane,method=filter>filter>filter,Sequencing_platform=Hiseq 2500 Rapid}","{Classification=Rare}",0.0712347990864927,0.984071124282275,1.00626946842125,7116
"{Sequencing_strategy=MetaB16SV4V5,method=filter>filter>filter,Sequencing_platform=Hiseq 2500 Rapid}","{Classification=Rare}",0.0712347990864927,0.984071124282275,1.00626946842125,7117
"{Sequencing_strategy=MetaB16SV4V5,device=membrane,method=filter>filter>filter}","{Classification=Rare}",0.0712347990864927,0.984071124282275,1.00626946842125,7119
"{Sequencing_strategy=MetaB16SV4V5,method=filter>filter>filter}","{Classification=Rare}",0.0712347990864927,0.984071124282275,1.00626946842125,7120
"{device=membrane,method=filter>filter>filter,Sequencing_platform=Hiseq 2500 Rapid}","{Classification=Rare}",0.188489092883671,0.975911699370604,0.997925985957538,7123
"{method=filter>filter>filter,Sequencing_platform=Hiseq 2500 Rapid}","{Classification=Rare}",0.188489092883671,0.975911699370604,0.997925985957538,7124
"{device=membrane,method=filter>filter>filter}","{Classification=Rare}",0.222767962887648,0.974448701908039,0.99642998669221,7126
"{method=filter>filter>filter}","{Classification=Rare}",0.222767962887648,0.974448701908039,0.99642998669221,7127
"{size_fraction=3-20 µm,Sequencing_strategy=MetaB16SV4V5 Sizing 400 bp,device=membrane,Sequencing_platform=Hiseq 2500 Rapid,volume=10}","{Classification=Rare}",0.0167595518272381,0.980648535564854,1.00276967410321,7135
"{size_fraction=3-20 µm,Sequencing_strategy=MetaB16SV4V5 Sizing 400 bp,Sequencing_platform=Hiseq 2500 Rapid,volume=10}","{Classification=Rare}",0.0167595518272381,0.980648535564854,1.00276967410321,7136
"{size_fraction=3-20 µm,Sequencing_strategy=MetaB16SV4V5 Sizing 400 bp,device=membrane,volume=10}","{Classification=Rare}",0.0167595518272381,0.980648535564854,1.00276967410321,7138
"{size_fraction=3-20 µm,Sequencing_strategy=MetaB16SV4V5 Sizing 400 bp,volume=10}","{Classification=Rare}",0.0167595518272381,0.980648535564854,1.00276967410321,7139
"{Sequencing_strategy=MetaB16SV4V5 Sizing 400 bp,device=membrane,Sequencing_platform=Hiseq 2500 Rapid,volume=10}","{Classification=Rare}",0.0430072445956032,0.984148087543465,1.00634816779369,7142
"{Sequencing_strategy=MetaB16SV4V5 Sizing 400 bp,Sequencing_platform=Hiseq 2500 Rapid,volume=10}","{Classification=Rare}",0.0556327736387892,0.984498576399873,1.00670656285938,7143
"{Sequencing_strategy=MetaB16SV4V5 Sizing 400 bp,device=membrane,volume=10}","{Classification=Rare}",0.0430072445956032,0.984148087543465,1.00634816779369,7145
"{Sequencing_strategy=MetaB16SV4V5 Sizing 400 bp,volume=10}","{Classification=Rare}",0.0556327736387892,0.984498576399873,1.00670656285938,7146
"{size_fraction=3-20 µm,Sequencing_strategy=MetaB16SV4V5,device=membrane,Sequencing_platform=Hiseq 2500 Rapid,volume=10}","{Classification=Rare}",0.0195438720374699,0.980493273542601,1.00261090973269,7150
"{size_fraction=3-20 µm,Sequencing_strategy=MetaB16SV4V5,Sequencing_platform=Hiseq 2500 Rapid,volume=10}","{Classification=Rare}",0.0195438720374699,0.980493273542601,1.00261090973269,7151
"{size_fraction=3-20 µm,Sequencing_strategy=MetaB16SV4V5,device=membrane,volume=10}","{Classification=Rare}",0.0195438720374699,0.980493273542601,1.00261090973269,7153
"{size_fraction=3-20 µm,Sequencing_strategy=MetaB16SV4V5,volume=10}","{Classification=Rare}",0.0195438720374699,0.980493273542601,1.00261090973269,7154
"{size_fraction=3-20 µm,device=membrane,Sequencing_platform=Hiseq 2500 Rapid,volume=10}","{Classification=Rare}",0.0535054278601851,0.975633607692935,0.997641621181705,7157
"{size_fraction=3-20 µm,Sequencing_platform=Hiseq 2500 Rapid,volume=10}","{Classification=Rare}",0.0535054278601851,0.975633607692935,0.997641621181705,7158
"{size_fraction=3-20 µm,device=membrane,volume=10}","{Classification=Rare}",0.066077326337524,0.970972614434885,0.992875486811577,7160
"{size_fraction=3-20 µm,volume=10}","{Classification=Rare}",0.066077326337524,0.970972614434885,0.992875486811577,7161
"{Sequencing_strategy=MetaB16SV4V5,device=membrane,Sequencing_platform=Hiseq 2500 Rapid,volume=10}","{Classification=Rare}",0.0567679539492208,0.984498527360099,1.00670651271338,7165
"{Sequencing_strategy=MetaB16SV4V5,Sequencing_platform=Hiseq 2500 Rapid,volume=10}","{Classification=Rare}",0.0770537154809098,0.984300068508792,1.00650357709432,7166
"{Sequencing_strategy=MetaB16SV4V5,device=membrane,volume=10}","{Classification=Rare}",0.0567679539492208,0.984498527360099,1.00670651271338,7168
"{Sequencing_strategy=MetaB16SV4V5,volume=10}","{Classification=Rare}",0.0770537154809098,0.984300068508792,1.00650357709432,7169
"{device=membrane,Sequencing_platform=Hiseq 2500 Rapid,volume=10}","{Classification=Rare}",0.141222687517039,0.978539576365663,1.00061314171452,7172
"{Sequencing_platform=Hiseq 2500 Rapid,volume=10}","{Classification=Rare}",0.18698743703995,0.979308569154788,1.00139948118332,7173
"{device=membrane,volume=10}","{Classification=Rare}",0.176958521226531,0.976786066706138,0.998820076976188,7175
"{volume=10}","{Classification=Rare}",0.234441549387047,0.977872641861159,0.999931162726661,7176
"{size_fraction=3-20 µm,Sequencing_strategy=MetaB16SV4V5 Sizing 400 bp,device=membrane,method=filter>filter>filtrate>filter,Sequencing_platform=Hiseq 2500 Rapid,volume=100}","{Classification=Rare}",0.0202678846764066,0.986298390604611,1.00854697666522,7182
"{size_fraction=3-20 µm,Sequencing_strategy=MetaB16SV4V5 Sizing 400 bp,method=filter>filter>filtrate>filter,Sequencing_platform=Hiseq 2500 Rapid,volume=100}","{Classification=Rare}",0.0202678846764066,0.986298390604611,1.00854697666522,7183
"{size_fraction=3-20 µm,Sequencing_strategy=MetaB16SV4V5 Sizing 400 bp,device=membrane,method=filter>filter>filtrate>filter,volume=100}","{Classification=Rare}",0.0202678846764066,0.986298390604611,1.00854697666522,7185
"{size_fraction=3-20 µm,Sequencing_strategy=MetaB16SV4V5 Sizing 400 bp,method=filter>filter>filtrate>filter,volume=100}","{Classification=Rare}",0.0202678846764066,0.986298390604611,1.00854697666522,7186
"{size_fraction=3-20 µm,Sequencing_strategy=MetaB16SV4V5 Sizing 400 bp,device=membrane,Sequencing_platform=Hiseq 2500 Rapid,volume=100}","{Classification=Rare}",0.0249158670498273,0.986376503892427,1.00862685200621,7189
"{size_fraction=3-20 µm,Sequencing_strategy=MetaB16SV4V5 Sizing 400 bp,Sequencing_platform=Hiseq 2500 Rapid,volume=100}","{Classification=Rare}",0.0249158670498273,0.986376503892427,1.00862685200621,7190
"{size_fraction=3-20 µm,Sequencing_strategy=MetaB16SV4V5 Sizing 400 bp,device=membrane,volume=100}","{Classification=Rare}",0.0249158670498273,0.986376503892427,1.00862685200621,7192
"{size_fraction=3-20 µm,Sequencing_strategy=MetaB16SV4V5 Sizing 400 bp,volume=100}","{Classification=Rare}",0.0249158670498273,0.986376503892427,1.00862685200621,7193
"{size_fraction=3-20 µm,Sequencing_strategy=MetaB16SV4V5 Sizing 400 bp,device=membrane,method=filter>filter>filtrate>filter,Sequencing_platform=Hiseq 2500 Rapid}","{Classification=Rare}",0.0306766836645766,0.98535745047373,1.00758481112459,7197
"{size_fraction=3-20 µm,Sequencing_strategy=MetaB16SV4V5 Sizing 400 bp,method=filter>filter>filtrate>filter,Sequencing_platform=Hiseq 2500 Rapid}","{Classification=Rare}",0.0306766836645766,0.98535745047373,1.00758481112459,7198
"{size_fraction=3-20 µm,Sequencing_strategy=MetaB16SV4V5 Sizing 400 bp,device=membrane,method=filter>filter>filtrate>filter}","{Classification=Rare}",0.0306766836645766,0.98535745047373,1.00758481112459,7200
"{size_fraction=3-20 µm,Sequencing_strategy=MetaB16SV4V5 Sizing 400 bp,method=filter>filter>filtrate>filter}","{Classification=Rare}",0.0306766836645766,0.98535745047373,1.00758481112459,7201
"{size_fraction=3-20 µm,Sequencing_strategy=MetaB16SV4V5 Sizing 400 bp,device=membrane,Sequencing_platform=Hiseq 2500 Rapid}","{Classification=Rare}",0.0621712334583223,0.984222442337626,1.0064241998582,7204
"{size_fraction=3-20 µm,Sequencing_strategy=MetaB16SV4V5 Sizing 400 bp,Sequencing_platform=Hiseq 2500 Rapid}","{Classification=Rare}",0.0621712334583223,0.984222442337626,1.0064241998582,7205
"{size_fraction=3-20 µm,Sequencing_strategy=MetaB16SV4V5 Sizing 400 bp,device=membrane}","{Classification=Rare}",0.0621712334583223,0.984222442337626,1.0064241998582,7207
"{size_fraction=3-20 µm,Sequencing_strategy=MetaB16SV4V5 Sizing 400 bp}","{Classification=Rare}",0.0621712334583223,0.984222442337626,1.0064241998582,7208
"{size_fraction=>20 µm,Sequencing_strategy=MetaB16SV4V5 Sizing 400 bp,device=membrane,method=filter>filter>filtrate>filter,Sequencing_platform=Hiseq 2500 Rapid,volume=100}","{Classification=Rare}",0.0349447828632465,0.985753908219869,1.00799021203069,7213
"{size_fraction=>20 µm,Sequencing_strategy=MetaB16SV4V5 Sizing 400 bp,method=filter>filter>filtrate>filter,Sequencing_platform=Hiseq 2500 Rapid,volume=100}","{Classification=Rare}",0.0349447828632465,0.985753908219869,1.00799021203069,7214
"{size_fraction=>20 µm,Sequencing_strategy=MetaB16SV4V5 Sizing 400 bp,device=membrane,method=filter>filter>filtrate>filter,volume=100}","{Classification=Rare}",0.0349447828632465,0.985753908219869,1.00799021203069,7216
"{size_fraction=>20 µm,Sequencing_strategy=MetaB16SV4V5 Sizing 400 bp,method=filter>filter>filtrate>filter,volume=100}","{Classification=Rare}",0.0349447828632465,0.985753908219869,1.00799021203069,7217
"{size_fraction=>20 µm,Sequencing_strategy=MetaB16SV4V5 Sizing 400 bp,device=membrane,Sequencing_platform=Hiseq 2500 Rapid,volume=100}","{Classification=Rare}",0.0422519474599223,0.985304846274101,1.00753102029718,7220
"{size_fraction=>20 µm,Sequencing_strategy=MetaB16SV4V5 Sizing 400 bp,Sequencing_platform=Hiseq 2500 Rapid,volume=100}","{Classification=Rare}",0.0422519474599223,0.985304846274101,1.00753102029718,7221
"{size_fraction=>20 µm,Sequencing_strategy=MetaB16SV4V5 Sizing 400 bp,device=membrane,volume=100}","{Classification=Rare}",0.0422519474599223,0.985304846274101,1.00753102029718,7223
"{size_fraction=>20 µm,Sequencing_strategy=MetaB16SV4V5 Sizing 400 bp,volume=100}","{Classification=Rare}",0.0422519474599223,0.985304846274101,1.00753102029718,7224
"{Sequencing_strategy=MetaB16SV4V5 Sizing 400 bp,device=membrane,method=filter>filter>filtrate>filter,Sequencing_platform=Hiseq 2500 Rapid,volume=100}","{Classification=Rare}",0.0726917627920073,0.986116163453377,1.00836063889544,7228
"{Sequencing_strategy=MetaB16SV4V5 Sizing 400 bp,method=filter>filter>filtrate>filter,Sequencing_platform=Hiseq 2500 Rapid,volume=100}","{Classification=Rare}",0.0726917627920073,0.986116163453377,1.00836063889544,7229
"{Sequencing_strategy=MetaB16SV4V5 Sizing 400 bp,device=membrane,method=filter>filter>filtrate>filter,volume=100}","{Classification=Rare}",0.0726917627920073,0.986116163453377,1.00836063889544,7231
"{Sequencing_strategy=MetaB16SV4V5 Sizing 400 bp,method=filter>filter>filtrate>filter,volume=100}","{Classification=Rare}",0.0726917627920073,0.986116163453377,1.00836063889544,7232
"{Sequencing_strategy=MetaB16SV4V5 Sizing 400 bp,device=membrane,Sequencing_platform=Hiseq 2500 Rapid,volume=100}","{Classification=Rare}",0.0888837244640295,0.985823336968375,1.00806120692947,7235
"{Sequencing_strategy=MetaB16SV4V5 Sizing 400 bp,Sequencing_platform=Hiseq 2500 Rapid,volume=100}","{Classification=Rare}",0.0888837244640295,0.985823336968375,1.00806120692947,7236
"{Sequencing_strategy=MetaB16SV4V5 Sizing 400 bp,device=membrane,volume=100}","{Classification=Rare}",0.0888837244640295,0.985823336968375,1.00806120692947,7238
"{Sequencing_strategy=MetaB16SV4V5 Sizing 400 bp,volume=100}","{Classification=Rare}",0.0888837244640295,0.985823336968375,1.00806120692947,7239
"{size_fraction=>20 µm,Sequencing_strategy=MetaB16SV4V5 Sizing 400 bp,device=membrane,method=filter>filter>filtrate>filter,Sequencing_platform=Hiseq 2500 Rapid}","{Classification=Rare}",0.0642941100231058,0.98345638501504,1.00564086207319,7244
"{size_fraction=>20 µm,Sequencing_strategy=MetaB16SV4V5 Sizing 400 bp,method=filter>filter>filtrate>filter,Sequencing_platform=Hiseq 2500 Rapid}","{Classification=Rare}",0.0642941100231058,0.98345638501504,1.00564086207319,7245
"{size_fraction=>20 µm,Sequencing_strategy=MetaB16SV4V5 Sizing 400 bp,device=membrane,method=filter>filter>filtrate>filter}","{Classification=Rare}",0.0642941100231058,0.98345638501504,1.00564086207319,7247
"{size_fraction=>20 µm,Sequencing_strategy=MetaB16SV4V5 Sizing 400 bp,method=filter>filter>filtrate>filter}","{Classification=Rare}",0.0642941100231058,0.98345638501504,1.00564086207319,7248
"{size_fraction=>20 µm,Sequencing_strategy=MetaB16SV4V5 Sizing 400 bp,device=membrane,Sequencing_platform=Hiseq 2500 Rapid}","{Classification=Rare}",0.107672299365819,0.984069928927375,1.00626824610193,7251
"{size_fraction=>20 µm,Sequencing_strategy=MetaB16SV4V5 Sizing 400 bp,Sequencing_platform=Hiseq 2500 Rapid}","{Classification=Rare}",0.107672299365819,0.984069928927375,1.00626824610193,7252
"{size_fraction=>20 µm,Sequencing_strategy=MetaB16SV4V5 Sizing 400 bp,device=membrane}","{Classification=Rare}",0.107672299365819,0.984069928927375,1.00626824610193,7254
"{size_fraction=>20 µm,Sequencing_strategy=MetaB16SV4V5 Sizing 400 bp}","{Classification=Rare}",0.107672299365819,0.984069928927375,1.00626824610193,7255
"{Sequencing_strategy=MetaB16SV4V5 Sizing 400 bp,device=membrane,method=filter>filter>filtrate>filter,Sequencing_platform=Hiseq 2500 Rapid}","{Classification=Rare}",0.120673242369935,0.98446786013782,1.00667515371026,7259
"{Sequencing_strategy=MetaB16SV4V5 Sizing 400 bp,method=filter>filter>filtrate>filter,Sequencing_platform=Hiseq 2500 Rapid}","{Classification=Rare}",0.120673242369935,0.98446786013782,1.00667515371026,7260
"{Sequencing_strategy=MetaB16SV4V5 Sizing 400 bp,device=membrane,method=filter>filter>filtrate>filter}","{Classification=Rare}",0.120673242369935,0.98446786013782,1.00667515371026,7262
"{Sequencing_strategy=MetaB16SV4V5 Sizing 400 bp,method=filter>filter>filtrate>filter}","{Classification=Rare}",0.120673242369935,0.98446786013782,1.00667515371026,7263
"{Sequencing_strategy=MetaB16SV4V5 Sizing 400 bp,device=membrane,Sequencing_platform=Hiseq 2500 Rapid}","{Classification=Rare}",0.234249373192762,0.984633303276225,1.00684432885912,7266
"{Sequencing_strategy=MetaB16SV4V5 Sizing 400 bp,Sequencing_platform=Hiseq 2500 Rapid}","{Classification=Rare}",0.264260143998069,0.984761175138232,1.00697508521141,7267
"{Sequencing_strategy=MetaB16SV4V5 Sizing 400 bp,device=membrane}","{Classification=Rare}",0.234249373192762,0.984633303276225,1.00684432885912,7269
"{Sequencing_strategy=MetaB16SV4V5 Sizing 400 bp}","{Classification=Rare}",0.264260143998069,0.984761175138232,1.00697508521141,7270
"{size_fraction=3-20 µm,Sequencing_strategy=MetaB16SV4V5,device=membrane,method=filter>filter>filtrate>filter,Sequencing_platform=Hiseq 2500 Rapid,volume=100}","{Classification=Rare}",0.0299437325979987,0.987326849395815,1.00959863508257,7277
"{size_fraction=3-20 µm,Sequencing_strategy=MetaB16SV4V5,method=filter>filter>filtrate>filter,Sequencing_platform=Hiseq 2500 Rapid,volume=100}","{Classification=Rare}",0.0299437325979987,0.987326849395815,1.00959863508257,7278
"{size_fraction=3-20 µm,Sequencing_strategy=MetaB16SV4V5,device=membrane,method=filter>filter>filtrate>filter,volume=100}","{Classification=Rare}",0.0299437325979987,0.987326849395815,1.00959863508257,7280
"{size_fraction=3-20 µm,Sequencing_strategy=MetaB16SV4V5,method=filter>filter>filtrate>filter,volume=100}","{Classification=Rare}",0.0299437325979987,0.987326849395815,1.00959863508257,7281
"{size_fraction=3-20 µm,Sequencing_strategy=MetaB16SV4V5,device=membrane,Sequencing_platform=Hiseq 2500 Rapid,volume=100}","{Classification=Rare}",0.0355838804395919,0.987596129992558,1.00987399002008,7284
"{size_fraction=3-20 µm,Sequencing_strategy=MetaB16SV4V5,Sequencing_platform=Hiseq 2500 Rapid,volume=100}","{Classification=Rare}",0.0355838804395919,0.987596129992558,1.00987399002008,7285
"{size_fraction=3-20 µm,Sequencing_strategy=MetaB16SV4V5,device=membrane,volume=100}","{Classification=Rare}",0.0355838804395919,0.987596129992558,1.00987399002008,7287
"{size_fraction=3-20 µm,Sequencing_strategy=MetaB16SV4V5,volume=100}","{Classification=Rare}",0.0355838804395919,0.987596129992558,1.00987399002008,7288
"{size_fraction=3-20 µm,device=membrane,method=filter>filter>filtrate>filter,Sequencing_platform=Hiseq 2500 Rapid,volume=100}","{Classification=Rare}",0.0700593958516757,0.983931709766508,1.00612690903991,7292
"{size_fraction=3-20 µm,method=filter>filter>filtrate>filter,Sequencing_platform=Hiseq 2500 Rapid,volume=100}","{Classification=Rare}",0.0700593958516757,0.983931709766508,1.00612690903991,7293
"{size_fraction=3-20 µm,device=membrane,method=filter>filter>filtrate>filter,volume=100}","{Classification=Rare}",0.0880792659763221,0.983334996507335,1.00551673532452,7295
"{size_fraction=3-20 µm,method=filter>filter>filtrate>filter,volume=100}","{Classification=Rare}",0.0880792659763221,0.983334996507335,1.00551673532452,7296
"{size_fraction=3-20 µm,device=membrane,Sequencing_platform=Hiseq 2500 Rapid,volume=100}","{Classification=Rare}",0.0847586401076187,0.982031897265949,1.00418424121045,7299
"{size_fraction=3-20 µm,Sequencing_platform=Hiseq 2500 Rapid,volume=100}","{Classification=Rare}",0.0847586401076187,0.982031897265949,1.00418424121045,7300
"{size_fraction=3-20 µm,device=membrane,volume=100}","{Classification=Rare}",0.106952755940702,0.981704065307462,1.00384901412934,7302
"{size_fraction=3-20 µm,volume=100}","{Classification=Rare}",0.106952755940702,0.981704065307462,1.00384901412934,7303
"{size_fraction=3-20 µm,Sequencing_strategy=MetaB16SV4V5,device=membrane,method=filter>filter>filtrate>filter,Sequencing_platform=Hiseq 2500 Rapid}","{Classification=Rare}",0.0420106099136101,0.987810004203447,1.01009268873321,7308
"{size_fraction=3-20 µm,Sequencing_strategy=MetaB16SV4V5,method=filter>filter>filtrate>filter,Sequencing_platform=Hiseq 2500 Rapid}","{Classification=Rare}",0.0420106099136101,0.987810004203447,1.01009268873321,7309
"{size_fraction=3-20 µm,Sequencing_strategy=MetaB16SV4V5,device=membrane,method=filter>filter>filtrate>filter}","{Classification=Rare}",0.0482675092624456,0.988106129917658,1.01039549435129,7311
"{size_fraction=3-20 µm,Sequencing_strategy=MetaB16SV4V5,method=filter>filter>filtrate>filter}","{Classification=Rare}",0.0482675092624456,0.988106129917658,1.01039549435129,7312
"{size_fraction=3-20 µm,Sequencing_strategy=MetaB16SV4V5,device=membrane,Sequencing_platform=Hiseq 2500 Rapid}","{Classification=Rare}",0.0791631844042315,0.986082502922674,1.00832621906185,7315
"{size_fraction=3-20 µm,Sequencing_strategy=MetaB16SV4V5,Sequencing_platform=Hiseq 2500 Rapid}","{Classification=Rare}",0.0791631844042315,0.986082502922674,1.00832621906185,7316
"{size_fraction=3-20 µm,Sequencing_strategy=MetaB16SV4V5,device=membrane}","{Classification=Rare}",0.085420083753067,0.986375599938071,1.00862592766075,7318
"{size_fraction=3-20 µm,Sequencing_strategy=MetaB16SV4V5}","{Classification=Rare}",0.085420083753067,0.986375599938071,1.00862592766075,7319
"{size_fraction=3-20 µm,device=membrane,method=filter>filter>filtrate>filter,Sequencing_platform=Hiseq 2500 Rapid}","{Classification=Rare}",0.102930463502165,0.983642265311352,1.00583093539447,7323
"{size_fraction=3-20 µm,method=filter>filter>filtrate>filter,Sequencing_platform=Hiseq 2500 Rapid}","{Classification=Rare}",0.102930463502165,0.983642265311352,1.00583093539447,7324
"{size_fraction=3-20 µm,device=membrane,method=filter>filter>filtrate>filter}","{Classification=Rare}",0.140203706765943,0.983478587999248,1.00566356590482,7326
"{size_fraction=3-20 µm,method=filter>filter>filtrate>filter}","{Classification=Rare}",0.140203706765943,0.983478587999248,1.00566356590482,7327
"{size_fraction=3-20 µm,device=membrane,Sequencing_platform=Hiseq 2500 Rapid}","{Classification=Rare}",0.202960407234763,0.981096612512962,1.00322785861982,7330
"{size_fraction=3-20 µm,Sequencing_platform=Hiseq 2500 Rapid}","{Classification=Rare}",0.202960407234763,0.981096612512962,1.00322785861982,7331
"{size_fraction=3-20 µm,device=membrane}","{Classification=Rare}",0.265556216006042,0.979783988787204,1.00188562517128,7333
"{size_fraction=3-20 µm}","{Classification=Rare}",0.265556216006042,0.979783988787204,1.00188562517128,7334
"{size_fraction=>20 µm,Sequencing_strategy=MetaB16SV4V5,device=membrane,method=filter>filter>filtrate>filter,Sequencing_platform=Hiseq 2500 Rapid,volume=100}","{Classification=Rare}",0.0420240175550719,0.982549634273772,1.00471365715488,7340
"{size_fraction=>20 µm,Sequencing_strategy=MetaB16SV4V5,method=filter>filter>filtrate>filter,Sequencing_platform=Hiseq 2500 Rapid,volume=100}","{Classification=Rare}",0.0420240175550719,0.982549634273772,1.00471365715488,7341
"{size_fraction=>20 µm,Sequencing_strategy=MetaB16SV4V5,device=membrane,method=filter>filter>filtrate>filter,volume=100}","{Classification=Rare}",0.0420240175550719,0.982549634273772,1.00471365715488,7343
"{size_fraction=>20 µm,Sequencing_strategy=MetaB16SV4V5,method=filter>filter>filtrate>filter,volume=100}","{Classification=Rare}",0.0420240175550719,0.982549634273772,1.00471365715488,7344
"{size_fraction=>20 µm,Sequencing_strategy=MetaB16SV4V5,device=membrane,Sequencing_platform=Hiseq 2500 Rapid,volume=100}","{Classification=Rare}",0.0484686238843725,0.982336956521739,1.00449618188993,7347
"{size_fraction=>20 µm,Sequencing_strategy=MetaB16SV4V5,Sequencing_platform=Hiseq 2500 Rapid,volume=100}","{Classification=Rare}",0.0484686238843725,0.982336956521739,1.00449618188993,7348
"{size_fraction=>20 µm,Sequencing_strategy=MetaB16SV4V5,device=membrane,volume=100}","{Classification=Rare}",0.0484686238843725,0.982336956521739,1.00449618188993,7350
"{size_fraction=>20 µm,Sequencing_strategy=MetaB16SV4V5,volume=100}","{Classification=Rare}",0.0484686238843725,0.982336956521739,1.00449618188993,7351
"{size_fraction=>20 µm,device=membrane,method=filter>filter>filtrate>filter,Sequencing_platform=Hiseq 2500 Rapid,volume=100}","{Classification=Rare}",0.0947830867072173,0.98098894490957,1.00311776228698,7355
"{size_fraction=>20 µm,method=filter>filter>filtrate>filter,Sequencing_platform=Hiseq 2500 Rapid,volume=100}","{Classification=Rare}",0.0947830867072173,0.98098894490957,1.00311776228698,7356
"{size_fraction=>20 µm,device=membrane,method=filter>filter>filtrate>filter,volume=100}","{Classification=Rare}",0.106684603111467,0.976478769532848,0.998505847897025,7358
"{size_fraction=>20 µm,method=filter>filter>filtrate>filter,volume=100}","{Classification=Rare}",0.106684603111467,0.976478769532848,0.998505847897025,7359
"{size_fraction=>20 µm,device=membrane,Sequencing_platform=Hiseq 2500 Rapid,volume=100}","{Classification=Rare}",0.112056598123824,0.980448128885934,1.0025647467181,7362
"{size_fraction=>20 µm,Sequencing_platform=Hiseq 2500 Rapid,volume=100}","{Classification=Rare}",0.112056598123824,0.980448128885934,1.0025647467181,7363
"{size_fraction=>20 µm,device=membrane,volume=100}","{Classification=Rare}",0.126822880587076,0.975121129858081,0.997117583044896,7365
"{size_fraction=>20 µm,volume=100}","{Classification=Rare}",0.126822880587076,0.975121129858081,0.997117583044896,7366
"{Sequencing_strategy=MetaB16SV4V5,device=membrane,method=filter>filter>filtrate>filter,Sequencing_platform=Hiseq 2500 Rapid,volume=100}","{Classification=Rare}",0.0913864842035638,0.983928399576557,1.00612352417981,7371
"{Sequencing_strategy=MetaB16SV4V5,method=filter>filter>filtrate>filter,Sequencing_platform=Hiseq 2500 Rapid,volume=100}","{Classification=Rare}",0.0913864842035638,0.983928399576557,1.00612352417981,7372
"{Sequencing_strategy=MetaB16SV4V5,device=membrane,method=filter>filter>filtrate>filter,volume=100}","{Classification=Rare}",0.0913864842035638,0.983928399576557,1.00612352417981,7374
"{Sequencing_strategy=MetaB16SV4V5,method=filter>filter>filtrate>filter,volume=100}","{Classification=Rare}",0.0913864842035638,0.983928399576557,1.00612352417981,7375
"{Sequencing_strategy=MetaB16SV4V5,device=membrane,Sequencing_platform=Hiseq 2500 Rapid,volume=100}","{Classification=Rare}",0.107654422510536,0.984107529517506,1.00630669487348,7378
"{Sequencing_strategy=MetaB16SV4V5,Sequencing_platform=Hiseq 2500 Rapid,volume=100}","{Classification=Rare}",0.107654422510536,0.984107529517506,1.00630669487348,7379
"{Sequencing_strategy=MetaB16SV4V5,device=membrane,volume=100}","{Classification=Rare}",0.107654422510536,0.984107529517506,1.00630669487348,7381
"{Sequencing_strategy=MetaB16SV4V5,volume=100}","{Classification=Rare}",0.107654422510536,0.984107529517506,1.00630669487348,7382
"{device=membrane,method=filter>filter>filtrate>filter,Sequencing_platform=Hiseq 2500 Rapid,volume=100}","{Classification=Rare}",0.217069715266387,0.981113018886981,1.00324463508328,7386
"{method=filter>filter>filtrate>filter,Sequencing_platform=Hiseq 2500 Rapid,volume=100}","{Classification=Rare}",0.217069715266387,0.981113018886981,1.00324463508328,7387
"{device=membrane,method=filter>filter>filtrate>filter,volume=100}","{Classification=Rare}",0.260845664639133,0.979081393008119,1.00116718047385,7389
"{method=filter>filter>filtrate>filter,volume=100}","{Classification=Rare}",0.260845664639133,0.979081393008119,1.00116718047385,7390
"{device=membrane,Sequencing_platform=Hiseq 2500 Rapid,volume=100}","{Classification=Rare}",0.260541758099333,0.980556069500278,1.00267512222037,7393
"{Sequencing_platform=Hiseq 2500 Rapid,volume=100}","{Classification=Rare}",0.260541758099333,0.980556069500278,1.00267512222037,7394
"{device=membrane,volume=100}","{Classification=Rare}",0.314851644447225,0.978240946456343,1.00030777541254,7396
"{volume=100}","{Classification=Rare}",0.314851644447225,0.978240946456343,1.00030777541254,7397
"{size_fraction=>20 µm,Sequencing_strategy=MetaB16SV4V5,device=membrane,method=filter>filter>filtrate>filter,Sequencing_platform=Hiseq 2500 Rapid}","{Classification=Rare}",0.07563250548596,0.982581431806306,1.00474617196542,7403
"{size_fraction=>20 µm,Sequencing_strategy=MetaB16SV4V5,method=filter>filter>filtrate>filter,Sequencing_platform=Hiseq 2500 Rapid}","{Classification=Rare}",0.07563250548596,0.982581431806306,1.00474617196542,7404
"{size_fraction=>20 µm,Sequencing_strategy=MetaB16SV4V5,device=membrane,method=filter>filter>filtrate>filter}","{Classification=Rare}",0.0828413473785826,0.98276867610413,1.00493764005689,7406
"{size_fraction=>20 µm,Sequencing_strategy=MetaB16SV4V5,method=filter>filter>filtrate>filter}","{Classification=Rare}",0.0828413473785826,0.98276867610413,1.00493764005689,7407
"{size_fraction=>20 µm,Sequencing_strategy=MetaB16SV4V5,device=membrane,Sequencing_platform=Hiseq 2500 Rapid}","{Classification=Rare}",0.115882245154255,0.982159090909091,1.00431430404485,7410
"{size_fraction=>20 µm,Sequencing_strategy=MetaB16SV4V5,Sequencing_platform=Hiseq 2500 Rapid}","{Classification=Rare}",0.115882245154255,0.982159090909091,1.00431430404485,7411
"{size_fraction=>20 µm,Sequencing_strategy=MetaB16SV4V5,device=membrane}","{Classification=Rare}",0.123091087046878,0.982309722519438,1.0044683335522,7413
"{size_fraction=>20 µm,Sequencing_strategy=MetaB16SV4V5}","{Classification=Rare}",0.123091087046878,0.982309722519438,1.0044683335522,7414
"{size_fraction=>20 µm,device=membrane,method=filter>filter>filtrate>filter,Sequencing_platform=Hiseq 2500 Rapid}","{Classification=Rare}",0.172431207626266,0.980208836157618,1.00232005610522,7418
"{size_fraction=>20 µm,method=filter>filter>filtrate>filter,Sequencing_platform=Hiseq 2500 Rapid}","{Classification=Rare}",0.172431207626266,0.980208836157618,1.00232005610522,7419
"{size_fraction=>20 µm,device=membrane,method=filter>filter>filtrate>filter}","{Classification=Rare}",0.19979173463596,0.976197755164432,0.998218494501374,7421
"{size_fraction=>20 µm,method=filter>filter>filtrate>filter}","{Classification=Rare}",0.19979173463596,0.976197755164432,0.998218494501374,7422
"{size_fraction=>20 µm,device=membrane,Sequencing_platform=Hiseq 2500 Rapid}","{Classification=Rare}",0.278056607062252,0.976779967030379,0.998813839706003,7425
"{size_fraction=>20 µm,Sequencing_platform=Hiseq 2500 Rapid}","{Classification=Rare}",0.278056607062252,0.976779967030379,0.998813839706003,7426
"{size_fraction=>20 µm,device=membrane}","{Classification=Rare}",0.316813629314467,0.973375259175855,0.995332329601334,7428
"{size_fraction=>20 µm}","{Classification=Rare}",0.316813629314467,0.973375259175855,0.995332329601334,7429
"{Sequencing_strategy=MetaB16SV4V5,device=membrane,method=filter>filter>filtrate>filter,Sequencing_platform=Hiseq 2500 Rapid}","{Classification=Rare}",0.146491890611523,0.984206101369205,1.00640749027573,7434
"{Sequencing_strategy=MetaB16SV4V5,method=filter>filter>filtrate>filter,Sequencing_platform=Hiseq 2500 Rapid}","{Classification=Rare}",0.146491890611523,0.984206101369205,1.00640749027573,7435
"{Sequencing_strategy=MetaB16SV4V5,device=membrane,method=filter>filter>filtrate>filter}","{Classification=Rare}",0.163439149419226,0.984467117129243,1.00667439394115,7437
"{Sequencing_strategy=MetaB16SV4V5,method=filter>filter>filtrate>filter}","{Classification=Rare}",0.163439149419226,0.984467117129243,1.00667439394115,7438
"{Sequencing_strategy=MetaB16SV4V5,device=membrane,Sequencing_platform=Hiseq 2500 Rapid}","{Classification=Rare}",0.274494643647236,0.984231527330417,1.00643348978719,7441
"{Sequencing_strategy=MetaB16SV4V5,Sequencing_platform=Hiseq 2500 Rapid}","{Classification=Rare}",0.319709679870214,0.984219143403547,1.00642082650788,7442
"{Sequencing_strategy=MetaB16SV4V5,device=membrane}","{Classification=Rare}",0.291441902454939,0.984376415179784,1.00658164596774,7444
"{Sequencing_strategy=MetaB16SV4V5}","{Classification=Rare}",0.336656938677917,0.98434518987011,1.00654971628807,7445
"{device=membrane,method=filter>filter>filtrate>filter,Sequencing_platform=Hiseq 2500 Rapid}","{Classification=Rare}",0.352339409974391,0.981108829568789,1.00324035126386,7449
"{method=filter>filter>filtrate>filter,Sequencing_platform=Hiseq 2500 Rapid}","{Classification=Rare}",0.352339409974391,0.981108829568789,1.00324035126386,7450
"{device=membrane,method=filter>filter>filtrate>filter}","{Classification=Rare}",0.444217507698221,0.979232140921943,1.00132132890821,7452
"{method=filter>filter>filtrate>filter}","{Classification=Rare}",0.444217507698221,0.979232140921943,1.00132132890821,7453
"{device=membrane,Sequencing_platform=Hiseq 2500 Rapid}","{Classification=Rare}",0.682051190375101,0.979135522863027,1.00122253137174,7456
"{Sequencing_platform=Hiseq 2500 Rapid}","{Classification=Rare}",0.786492248148628,0.979500509286831,1.00159575103605,7457
"{device=membrane}","{Classification=Rare}",0.8439439918124,0.977452365793438,0.999501406213315,7459
